impl,workload,thread_count,copy_bytes,iter,e2e_ns,pause_p50_ns,pause_p99_ns,pause_max_ns,dispatch_p50_ns,dispatch_p99_ns,dispatch_max_ns,ok_count,truncated_count,timed_out_count,unregistered_count,error_count
kill60,idle,4,8192,0,253626,6873,7154,7544,4228,4789,5080,4,0,0,0,0
kill60,idle,4,8192,1,257182,6432,8125,11221,4509,4659,4829,4,0,0,0,0
kill60,idle,4,8192,2,251541,8335,8436,9338,4849,5470,5550,4,0,0,0,0
kill60,idle,4,8192,3,251672,7174,7815,8656,4629,4840,4899,4,0,0,0,0
kill60,idle,4,8192,4,251492,8105,8997,9668,4559,4829,5360,4,0,0,0,0
kill60,idle,4,8192,5,366257,7494,9127,9297,4067,4399,4729,4,0,0,0,0
kill60,idle,4,8192,6,274475,8185,8716,9348,5741,6483,7033,4,0,0,0,0
kill60,idle,4,8192,7,376286,4869,5400,5550,7464,8206,9638,4,0,0,0,0
kill60,idle,4,8192,8,274475,4168,5981,6843,6041,6111,6703,4,0,0,0,0
kill60,idle,4,8192,9,256852,4348,4678,5159,4369,4429,5781,4,0,0,0,0
kill60,idle,4,8192,10,253376,4258,4389,4488,4047,5620,6723,4,0,0,0,0
kill60,idle,4,8192,11,251983,4338,4399,4889,3977,5891,6603,4,0,0,0,0
kill60,idle,4,8192,12,234139,4729,4939,6281,4569,5411,6743,4,0,0,0,0
kill60,idle,4,8192,13,252394,4018,4228,4408,4168,4258,5210,4,0,0,0,0
kill60,idle,4,8192,14,256471,3928,4248,4328,4188,4419,5640,4,0,0,0,0
kill60,idle,4,8192,15,254969,3867,4007,4579,4609,4999,5971,4,0,0,0,0
kill60,idle,4,8192,16,231955,4167,4218,4268,4138,4569,4929,4,0,0,0,0
kill60,idle,4,8192,17,248316,3917,3978,4568,4167,4779,5150,4,0,0,0,0
kill60,idle,4,8192,18,251773,3948,4107,4138,4328,4910,6121,4,0,0,0,0
kill60,idle,4,8192,19,251021,3827,3858,4198,3897,4689,5500,4,0,0,0,0
kill60,idle,4,8192,20,248917,3928,3937,4228,3857,4278,5570,4,0,0,0,0
kill60,idle,4,8192,21,251722,3988,4188,4679,4107,4929,6011,4,0,0,0,0
kill60,idle,4,8192,22,249999,3927,3928,4238,3867,4499,6122,4,0,0,0,0
kill60,idle,4,8192,23,250600,3707,3988,4178,3907,4188,6041,4,0,0,0,0
kill60,idle,4,8192,24,245009,3697,3747,4238,4098,4108,5871,4,0,0,0,0
kill60,idle,4,8192,25,246732,3938,4218,4278,4909,5620,6351,4,0,0,0,0
kill60,idle,4,8192,26,250660,3747,4047,4228,4228,4288,6402,4,0,0,0,0
kill60,idle,4,8192,27,246883,4128,4308,4318,4398,4709,5430,4,0,0,0,0
kill60,idle,4,8192,28,251521,3837,4118,4218,3887,4188,5390,4,0,0,0,0
kill60,idle,4,8192,29,249869,3877,4108,4248,4188,4288,5520,4,0,0,0,0
kill60,idle,4,8192,30,246442,3827,4068,4237,3897,4158,5541,4,0,0,0,0
kill60,idle,4,8192,31,251431,3917,3968,4218,3907,4087,5059,4,0,0,0,0
kill60,idle,4,8192,32,248325,3927,4078,4228,3847,3977,5400,4,0,0,0,0
kill60,idle,4,8192,33,250881,3727,3917,4178,4148,4318,5260,4,0,0,0,0
kill60,idle,4,8192,34,250761,3948,4168,4298,3838,4148,5200,4,0,0,0,0
kill60,idle,4,8192,35,250149,3898,4218,4248,3887,4117,5240,4,0,0,0,0
kill60,idle,4,8192,36,243988,3808,3827,4207,3868,4028,5481,4,0,0,0,0
kill60,idle,4,8192,37,250260,4027,4268,4358,4368,4829,5230,4,0,0,0,0
kill60,idle,4,8192,38,250890,3908,4108,4208,3867,4138,5300,4,0,0,0,0
kill60,idle,4,8192,39,251231,3837,4047,4197,3857,4027,5280,4,0,0,0,0
kill60,idle,4,8192,40,243617,3818,3877,4198,4008,4058,5280,4,0,0,0,0
kill60,idle,4,8192,41,251913,4098,4268,4268,4128,4469,5350,4,0,0,0,0
kill60,idle,4,8192,42,246683,3787,3817,4288,4248,4629,5370,4,0,0,0,0
kill60,idle,4,8192,43,251011,3727,4057,4178,4108,4538,5981,4,0,0,0,0
kill60,idle,4,8192,44,248586,4148,4538,4649,4498,5210,5280,4,0,0,0,0
kill60,idle,4,8192,45,250841,3968,3997,4429,4749,5360,5560,4,0,0,0,0
kill60,idle,4,8192,46,251472,4238,4258,4519,4318,5801,6102,4,0,0,0,0
kill60,idle,4,8192,47,250871,4067,4568,5380,4038,4529,4970,4,0,0,0,0
kill60,idle,4,8192,48,245531,4168,4708,4919,4298,4579,6863,4,0,0,0,0
kill60,idle,4,8192,49,249989,4338,4358,4509,4488,5560,5821,4,0,0,0,0
kill60,idle,4,8192,50,250710,3877,3927,3948,4178,4308,5631,4,0,0,0,0
kill60,idle,4,8192,51,248747,3687,3747,3777,3887,3998,5601,4,0,0,0,0
kill60,idle,4,8192,52,249689,3867,4018,4108,3898,4068,4719,4,0,0,0,0
kill60,idle,4,8192,53,246432,3867,3948,3978,4068,4368,5400,4,0,0,0,0
kill60,idle,4,8192,54,248587,3767,3897,4037,3878,4088,5992,4,0,0,0,0
kill60,idle,4,8192,55,248265,4007,4138,4518,3847,4037,4959,4,0,0,0,0
kill60,idle,4,8192,56,250169,3727,3868,3927,4047,4067,5200,4,0,0,0,0
kill60,idle,4,8192,57,248637,3827,3868,3967,3938,4188,5501,4,0,0,0,0
kill60,idle,4,8192,58,249518,3787,4008,4147,3887,4047,5149,4,0,0,0,0
kill60,idle,4,8192,59,247965,3937,3958,4098,3897,4017,5180,4,0,0,0,0
kill60,idle,4,8192,60,251833,3888,3977,4188,3918,4038,6623,4,0,0,0,0
kill60,idle,4,8192,61,268213,3707,4027,4859,3947,4338,7073,4,0,0,0,0
kill60,idle,4,8192,62,250059,4018,4558,4678,3968,4809,6643,4,0,0,0,0
kill60,idle,4,8192,63,249689,3827,4067,4629,4158,4187,6171,4,0,0,0,0
kill60,idle,4,8192,64,231665,3828,3907,4458,3917,4048,6242,4,0,0,0,0
kill60,idle,4,8192,65,244509,3777,3847,4508,3837,4248,6753,4,0,0,0,0
kill60,idle,4,8192,66,249117,4037,4038,4649,3847,4128,6592,4,0,0,0,0
kill60,idle,4,8192,67,249889,4018,4308,4418,3888,4308,6703,4,0,0,0,0
kill60,idle,4,8192,68,247374,3978,4319,4528,4839,5590,6332,4,0,0,0,0
kill60,idle,4,8192,69,250019,3908,4578,4759,4118,4709,7774,4,0,0,0,0
kill60,idle,4,8192,70,249518,3877,3928,4678,3887,4168,7364,4,0,0,0,0
kill60,idle,4,8192,71,247835,3857,3937,4769,3857,4138,7123,4,0,0,0,0
kill60,idle,4,8192,72,255099,3897,3927,4759,3857,4288,7123,4,0,0,0,0
kill60,idle,4,8192,73,247394,3526,3737,4849,3958,4629,7284,4,0,0,0,0
kill60,idle,4,8192,74,248556,3677,4108,4739,3898,4098,7284,4,0,0,0,0
kill60,idle,4,8192,75,245621,3928,4037,4579,4048,4368,6262,4,0,0,0,0
kill60,idle,4,8192,76,263084,3827,4057,4538,3897,4058,6663,4,0,0,0,0
kill60,idle,4,8192,77,248586,3727,3757,4709,3897,4298,7404,4,0,0,0,0
kill60,idle,4,8192,78,249979,4087,4158,4699,4850,5521,7193,4,0,0,0,0
kill60,idle,4,8192,79,250450,5280,5941,6432,6232,7925,9007,4,0,0,0,0
kill60,idle,4,8192,80,242464,4068,5200,5641,4328,4539,5200,4,0,0,0,0
kill60,idle,4,8192,81,251592,4478,4969,5089,4789,4869,5080,4,0,0,0,0
kill60,idle,4,8192,82,253055,5039,5259,9638,4188,4368,5000,4,0,0,0,0
kill60,idle,4,8192,83,252784,4418,4599,4989,4198,4338,4479,4,0,0,0,0
kill60,idle,4,8192,84,239139,3847,4288,4298,4228,4288,4489,4,0,0,0,0
kill60,idle,4,8192,85,251041,4569,4708,4849,4549,4559,4598,4,0,0,0,0
kill60,idle,4,8192,86,250680,4358,4539,5391,4107,4328,4568,4,0,0,0,0
kill60,idle,4,8192,87,249678,4198,4418,4849,4138,4228,4268,4,0,0,0,0
kill60,idle,4,8192,88,246432,3948,4188,4198,4227,4248,4469,4,0,0,0,0
kill60,idle,4,8192,89,261260,4268,4538,4859,4338,4508,4528,4,0,0,0,0
kill60,idle,4,8192,90,254207,4369,4899,5049,4298,4339,4419,4,0,0,0,0
kill60,idle,4,8192,91,253916,3887,4399,4418,4258,4328,4518,4,0,0,0,0
kill60,idle,4,8192,92,410300,4138,4258,4478,4248,4429,4509,4,0,0,0,0
kill60,idle,4,8192,93,336190,4438,4549,5320,5030,5109,5761,4,0,0,0,0
kill60,idle,4,8192,94,322565,4108,4198,4398,4318,4609,5180,4,0,0,0,0
kill60,idle,4,8192,95,323677,4218,4328,4498,6963,7414,9327,4,0,0,0,0
kill60,idle,4,8192,96,314440,4248,4409,4829,4639,4839,4949,4,0,0,0,0
kill60,idle,4,8192,97,315001,4188,4388,4438,4378,4609,4939,4,0,0,0,0
kill60,idle,4,8192,98,317606,4308,4749,4909,4258,4809,4819,4,0,0,0,0
kill60,idle,4,8192,99,322235,4368,4969,5300,5030,5520,6192,4,0,0,0,0
kill60,idle,32,8192,0,1374940,69170,98395,103694,9177,35626,41718,32,0,0,0,0
kill60,idle,32,8192,1,1382614,74440,108463,111079,9267,17022,41859,32,0,0,0,0
kill60,idle,32,8192,2,1540089,57688,91491,94037,9006,21210,77405,32,0,0,0,0
kill60,idle,32,8192,3,1368277,74560,99006,102011,9888,11862,47629,32,0,0,0,0
kill60,idle,32,8192,4,1375971,76995,111740,115266,9668,12313,12895,32,0,0,0,0
kill60,idle,32,8192,5,1361864,64381,94798,101440,9147,11691,11822,32,0,0,0,0
kill60,idle,32,8192,6,1595644,75652,110698,115156,9448,13665,14257,32,0,0,0,0
kill60,idle,32,8192,7,1522216,70051,98716,113803,9367,12223,12834,32,0,0,0,0
kill60,idle,32,8192,8,1824312,69260,101130,115166,10560,14066,14477,32,0,0,0,0
kill60,idle,32,8192,9,1410566,67426,101740,105638,9447,13725,18705,32,0,0,0,0
kill60,idle,32,8192,10,1425354,64421,89488,96581,8807,14217,72185,32,0,0,0,0
kill60,idle,32,8192,11,1408642,68749,100579,112942,8666,11472,15779,32,0,0,0,0
kill60,idle,32,8192,12,1416106,76834,95178,98314,8977,16231,33683,32,0,0,0,0
kill60,idle,32,8192,13,1722260,71514,101341,129623,9357,21851,367279,32,0,0,0,0
kill60,idle,32,8192,14,1362516,62608,82935,92634,10399,85691,99887,32,0,0,0,0
kill60,idle,32,8192,15,1410917,57157,85210,88837,9588,12554,12734,32,0,0,0,0
kill60,idle,32,8192,16,1398323,68087,97744,98986,8506,16491,43973,32,0,0,0,0
kill60,idle,32,8192,17,1425604,64311,86121,93095,7875,11602,41147,32,0,0,0,0
kill60,idle,32,8192,18,1398012,57939,92433,108033,8516,15178,49032,32,0,0,0,0
kill60,idle,32,8192,19,1355883,63159,90439,92414,9347,12774,14227,32,0,0,0,0
kill60,idle,32,8192,20,1380911,58890,74570,75601,8055,30978,43752,32,0,0,0,0
kill60,idle,32,8192,21,1389707,56967,83397,84248,8346,13365,47950,32,0,0,0,0
kill60,idle,32,8192,22,1380700,56366,88987,96170,7884,18324,49854,32,0,0,0,0
kill60,idle,32,8192,23,1397682,60694,89638,96561,8666,24576,29225,32,0,0,0,0
kill60,idle,32,8192,24,1410757,51336,82254,100007,7744,34154,39153,32,0,0,0,0
kill60,idle,32,8192,25,1410737,58891,95279,110827,8596,51496,67737,32,0,0,0,0
kill60,idle,32,8192,26,1396820,65804,86422,86692,8226,46367,61836,32,0,0,0,0
kill60,idle,32,8192,27,1405737,57638,90550,93405,9448,57157,65863,32,0,0,0,0
kill60,idle,32,8192,28,1401038,54292,91081,115867,9638,39353,81924,32,0,0,0,0
kill60,idle,32,8192,29,1430093,60984,90340,97012,8987,32661,36068,32,0,0,0,0
kill60,idle,32,8192,30,1399606,54943,85660,85771,8747,13976,52318,32,0,0,0,0
kill60,idle,32,8192,31,1398373,68688,85200,85381,8666,11261,12173,32,0,0,0,0
kill60,idle,32,8192,32,2597763,14407,57929,80761,21801,1284369,1290140,32,0,0,0,0
kill60,idle,32,8192,33,1409574,62747,93224,96451,9868,14617,15339,32,0,0,0,0
kill60,idle,32,8192,34,1930782,61575,82104,88235,8135,52288,539282,32,0,0,0,0
kill60,idle,32,8192,35,1448257,63690,100027,111459,11051,83657,108413,32,0,0,0,0
kill60,idle,32,8192,36,1396710,56907,88306,92393,9488,15930,18094,32,0,0,0,0
kill60,idle,32,8192,37,1375961,57227,99427,108173,8987,29486,84087,32,0,0,0,0
kill60,idle,32,8192,38,1519300,40797,73688,75562,11492,190738,200997,32,0,0,0,0
kill60,idle,32,8192,39,1393794,48320,88216,90831,8276,11101,15670,32,0,0,0,0
kill60,idle,32,8192,40,1396830,63218,97403,98816,8857,13355,21530,32,0,0,0,0
kill60,idle,32,8192,41,1404023,52108,85461,88797,8676,35086,60834,32,0,0,0,0
kill60,idle,32,8192,42,1401068,56967,87675,93556,7604,12113,13345,32,0,0,0,0
kill60,idle,32,8192,43,1813843,55874,81533,82345,8896,12895,13666,32,0,0,0,0
kill60,idle,32,8192,44,1454659,62086,89678,100178,8977,14347,16431,32,0,0,0,0
kill60,idle,32,8192,45,1406568,51006,73308,76203,8606,12103,12273,32,0,0,0,0
kill60,idle,32,8192,46,1414864,61435,80852,89107,9327,12704,12944,32,0,0,0,0
kill60,idle,32,8192,47,1399956,58580,89057,92924,7554,37310,56235,32,0,0,0,0
kill60,idle,32,8192,48,1466221,50705,79419,80491,8626,15880,18144,32,0,0,0,0
kill60,idle,32,8192,49,1412419,59692,85671,99216,9367,12554,12744,32,0,0,0,0
kill60,idle,32,8192,50,1407460,61425,100819,103965,8456,14638,19967,32,0,0,0,0
kill60,idle,32,8192,51,1391510,54742,79489,80662,7704,13075,15068,32,0,0,0,0
kill60,idle,32,8192,52,1410215,63679,93856,94407,8075,13275,15429,32,0,0,0,0
kill60,idle,32,8192,53,1410015,62848,105468,111029,9728,31669,38121,32,0,0,0,0
kill60,idle,32,8192,54,1415776,54532,81613,93967,9297,12203,12203,32,0,0,0,0
kill60,idle,32,8192,55,1468855,58359,90440,96571,8676,11641,12353,32,0,0,0,0
kill60,idle,32,8192,56,1461511,62137,85911,90089,8596,11722,12774,32,0,0,0,0
kill60,idle,32,8192,57,1408953,54092,84068,85009,8767,11281,11762,32,0,0,0,0
kill60,idle,32,8192,58,1413892,54843,83216,99597,8305,10950,11011,32,0,0,0,0
kill60,idle,32,8192,59,1399615,60102,86332,98896,7394,24476,26329,32,0,0,0,0
kill60,idle,32,8192,60,1396159,56946,107742,112431,8255,14137,16150,32,0,0,0,0
kill60,idle,32,8192,61,1391370,64180,92263,105077,8886,20960,38732,32,0,0,0,0
kill60,idle,32,8192,62,1394385,49593,74460,89217,7795,9939,10980,32,0,0,0,0
kill60,idle,32,8192,63,1397892,54542,83367,86533,8607,13836,23164,32,0,0,0,0
kill60,idle,32,8192,64,1414133,58089,84308,90239,8596,13024,25077,32,0,0,0,0
kill60,idle,32,8192,65,1505885,90319,136746,136837,7925,16601,26079,32,0,0,0,0
kill60,idle,32,8192,66,1398733,57198,78026,78508,8996,12573,77615,32,0,0,0,0
kill60,idle,32,8192,67,1378796,59983,87705,88025,8526,14788,14888,32,0,0,0,0
kill60,idle,32,8192,68,1491538,56496,74821,76703,7945,11141,13065,32,0,0,0,0
kill60,idle,32,8192,69,2072137,51687,76273,78297,10309,54202,55945,32,0,0,0,0
kill60,idle,32,8192,70,1643443,52699,88917,98935,9227,11853,12624,32,0,0,0,0
kill60,idle,32,8192,71,1389036,68378,89177,99316,10310,12994,47950,32,0,0,0,0
kill60,idle,32,8192,72,1348349,61886,88436,89939,9217,12644,14057,32,0,0,0,0
kill60,idle,32,8192,73,1445392,61515,110508,124884,9568,22913,28303,32,0,0,0,0
kill60,idle,32,8192,74,1420585,61595,96832,106309,10019,13245,14176,32,0,0,0,0
kill60,idle,32,8192,75,1596174,63268,87975,88396,10078,69320,300033,32,0,0,0,0
kill60,idle,32,8192,76,1355943,66224,98184,106991,8626,10891,15198,32,0,0,0,0
kill60,idle,32,8192,77,1363527,54763,81503,83056,8676,10750,12614,32,0,0,0,0
kill60,idle,32,8192,78,1365732,74660,99196,99296,8416,13435,13715,32,0,0,0,0
kill60,idle,32,8192,79,1375370,63108,91401,98334,9027,11271,11772,32,0,0,0,0
kill60,idle,32,8192,80,1472813,63049,79919,81984,8015,10509,12323,32,0,0,0,0
kill60,idle,32,8192,81,1828140,65593,83947,85991,9017,11963,12954,32,0,0,0,0
kill60,idle,32,8192,82,1366153,57257,84499,87504,9648,12172,13235,32,0,0,0,0
kill60,idle,32,8192,83,1665043,73528,93756,96581,9608,13455,16641,32,0,0,0,0
kill60,idle,32,8192,84,4336285,13626,46026,55424,40306,2464664,2527011,32,0,0,0,0
kill60,idle,32,8192,85,1929490,31809,63209,63609,20859,91662,100037,32,0,0,0,0
kill60,idle,32,8192,86,1883453,29485,49994,121668,10790,58820,66394,32,0,0,0,0
kill60,idle,32,8192,87,2125137,33744,127219,153989,22282,113062,453972,32,0,0,0,0
kill60,idle,32,8192,88,1360302,62457,82785,88686,11222,66665,91341,32,0,0,0,0
kill60,idle,32,8192,89,1323784,70372,96380,98595,9288,36178,41528,32,0,0,0,0
kill60,idle,32,8192,90,1450902,80501,103825,104446,8236,34635,55143,32,0,0,0,0
kill60,idle,32,8192,91,1489284,74680,104346,115616,10289,44674,49493,32,0,0,0,0
kill60,idle,32,8192,92,1372295,75902,96340,97633,9357,53190,60293,32,0,0,0,0
kill60,idle,32,8192,93,1369408,66455,104336,108023,8346,10970,11702,32,0,0,0,0
kill60,idle,32,8192,94,1575636,68799,89367,90790,8997,47078,61486,32,0,0,0,0
kill60,idle,32,8192,95,1482341,71925,96461,103233,9759,17132,41759,32,0,0,0,0
kill60,idle,32,8192,96,1435143,66374,96772,98184,9388,12995,16621,32,0,0,0,0
kill60,idle,32,8192,97,1427408,67596,91662,98785,9247,12483,14157,32,0,0,0,0
kill60,idle,32,8192,98,1518338,63339,87023,88486,9007,14237,15328,32,0,0,0,0
kill60,idle,32,8192,99,1412810,67286,103875,104376,8195,14607,27622,32,0,0,0,0
kill60,idle,128,8192,0,5540644,124474,524764,543940,12033,190557,250470,128,0,0,0,0
kill60,idle,128,8192,1,5611737,125084,258365,314500,42730,190617,232366,128,0,0,0,0
kill60,idle,128,8192,2,5737042,112091,203712,240461,35988,373691,591109,128,0,0,0,0
kill60,idle,128,8192,3,5118172,122349,456506,550343,13846,219261,242776,128,0,0,0,0
kill60,idle,128,8192,4,6043918,121297,296687,552416,17282,249127,510928,128,0,0,0,0
kill60,idle,128,8192,5,5378209,121578,268634,294242,13445,235512,256130,128,0,0,0,0
kill60,idle,128,8192,6,5235231,115797,201679,224371,14918,279885,294813,128,0,0,0,0
kill60,idle,128,8192,7,5296035,108012,196619,249237,11692,183655,291277,128,0,0,0,0
kill60,idle,128,8192,8,5285344,102252,384852,409678,12714,206848,269986,128,0,0,0,0
kill60,idle,128,8192,9,5338334,116498,270408,298179,13004,198202,291146,128,0,0,0,0
kill60,idle,128,8192,10,5397545,113473,320932,351188,12453,261481,447399,128,0,0,0,0
kill60,idle,128,8192,11,5265337,126768,209503,220494,14297,246672,269105,128,0,0,0,0
kill60,idle,128,8192,12,5457177,134593,389009,588193,17883,244870,276539,128,0,0,0,0
kill60,idle,128,8192,13,5386464,116047,332774,383079,15189,227106,283762,128,0,0,0,0
kill60,idle,128,8192,14,5709460,118803,303659,395221,30827,273182,723807,128,0,0,0,0
kill60,idle,128,8192,15,5381576,119284,286668,461476,36028,279595,290265,128,0,0,0,0
kill60,idle,128,8192,16,5815580,122790,231274,275286,14527,365435,440816,128,0,0,0,0
kill60,idle,128,8192,17,5378379,109154,190367,405460,12543,272912,338365,128,0,0,0,0
kill60,idle,128,8192,18,5435897,152836,528952,564409,10880,162615,209313,128,0,0,0,0
kill60,idle,128,8192,19,5546254,122991,331642,406282,49813,295915,317065,128,0,0,0,0
kill60,idle,128,8192,20,5437270,117070,210064,254988,12724,254126,325531,128,0,0,0,0
kill60,idle,128,8192,21,5216345,129493,446759,476975,12584,250009,255459,128,0,0,0,0
kill60,idle,128,8192,22,5331762,148749,298109,350637,12243,211146,293851,128,0,0,0,0
kill60,idle,128,8192,23,5233548,131968,393769,452229,10760,137027,159990,128,0,0,0,0
kill60,idle,128,8192,24,5279534,130435,327324,398317,14948,272471,344476,128,0,0,0,0
kill60,idle,128,8192,25,5318817,125826,240952,337563,12453,253195,280736,128,0,0,0,0
kill60,idle,128,8192,26,5225352,102473,200375,282801,11271,142187,150943,128,0,0,0,0
kill60,idle,128,8192,27,5501681,131387,368702,506060,25488,211166,349546,128,0,0,0,0
kill60,idle,128,8192,28,5221415,131035,318127,356028,13145,198092,308789,128,0,0,0,0
kill60,idle,128,8192,29,5592000,120666,275226,380144,12604,228078,252944,128,0,0,0,0
kill60,idle,128,8192,30,5493685,129092,261851,305884,12544,248676,358393,128,0,0,0,0
kill60,idle,128,8192,31,5264486,127620,299001,337243,17513,274866,385113,128,0,0,0,0
kill60,idle,128,8192,32,5266148,128551,265107,407604,11852,206217,223439,128,0,0,0,0
kill60,idle,128,8192,33,5444292,131166,236474,271249,13375,239860,292258,128,0,0,0,0
kill60,idle,128,8192,34,5402233,136245,322976,335470,16701,224972,243447,128,0,0,0,0
kill60,idle,128,8192,35,5400681,118432,339877,371066,13445,238487,298610,128,0,0,0,0
kill60,idle,128,8192,36,5213460,127298,475022,515687,11832,268784,296917,128,0,0,0,0
kill60,idle,128,8192,37,5566422,121999,321252,413947,13135,227657,235061,128,0,0,0,0
kill60,idle,128,8192,38,5348192,122330,287119,380374,12764,259767,317766,128,0,0,0,0
kill60,idle,128,8192,39,5367850,127950,278533,361919,13575,241373,303390,128,0,0,0,0
kill60,idle,128,8192,40,5218329,138250,520236,543199,20579,252023,360186,128,0,0,0,0
kill60,idle,128,8192,41,5408907,118873,204323,320281,13967,222919,252805,128,0,0,0,0
kill60,idle,128,8192,42,5280255,127559,347261,483096,16151,245841,272090,128,0,0,0,0
kill60,idle,128,8192,43,5391473,122540,252714,359775,13475,249268,288161,128,0,0,0,0
kill60,idle,128,8192,44,6239805,122730,395452,461977,12674,188203,992331,128,0,0,0,0
kill60,idle,128,8192,45,5384952,127159,284273,350096,56255,313999,340459,128,0,0,0,0
kill60,idle,128,8192,46,5490219,122079,209964,321774,13605,330449,335359,128,0,0,0,0
kill60,idle,128,8192,47,5407374,96040,187832,266199,11292,138740,144741,128,0,0,0,0
kill60,idle,128,8192,48,5201017,108494,194084,198232,11832,227096,242876,128,0,0,0,0
kill60,idle,128,8192,49,5288180,116939,266210,341540,12914,186851,237696,128,0,0,0,0
kill60,idle,128,8192,50,5239689,122720,285556,326843,15970,210485,426520,128,0,0,0,0
kill60,idle,128,8192,51,5265978,106018,377258,443803,11462,187983,214462,128,0,0,0,0
kill60,idle,128,8192,52,5292317,132688,401443,494859,12303,167093,254057,128,0,0,0,0
kill60,idle,128,8192,53,5193172,124203,197961,348474,23594,222628,242084,128,0,0,0,0
kill60,idle,128,8192,54,5306104,121227,296145,355206,34064,264887,325481,128,0,0,0,0
kill60,idle,128,8192,55,6016496,119715,271188,409698,29005,202240,246502,128,0,0,0,0
kill60,idle,128,8192,56,5756368,145783,302207,453571,13105,266069,295164,128,0,0,0,0
kill60,idle,128,8192,57,5299821,124875,252854,286527,23494,279915,383579,128,0,0,0,0
kill60,idle,128,8192,58,5190267,94838,166001,214963,10219,101400,146856,128,0,0,0,0
kill60,idle,128,8192,59,5149039,101119,186309,197871,11041,219982,245301,128,0,0,0,0
kill60,idle,128,8192,60,5107701,108363,186169,237525,10730,112010,157094,128,0,0,0,0
kill60,idle,128,8192,61,5215955,101921,172765,199644,11983,142918,182934,128,0,0,0,0
kill60,idle,128,8192,62,5259997,114254,200116,251381,11702,189275,299753,128,0,0,0,0
kill60,idle,128,8192,63,5307356,122730,275267,316604,18134,235652,374953,128,0,0,0,0
kill60,idle,128,8192,64,5128611,122109,269135,339386,26580,254337,279053,128,0,0,0,0
kill60,idle,128,8192,65,5210064,147637,265078,414507,14677,205746,323677,128,0,0,0,0
kill60,idle,128,8192,66,5100257,122279,233478,319109,14187,229070,321333,128,0,0,0,0
kill60,idle,128,8192,67,5227126,143158,360587,469671,15499,184446,240622,128,0,0,0,0
kill60,idle,128,8192,68,5175168,142557,537979,567494,13014,217137,250951,128,0,0,0,0
kill60,idle,128,8192,69,5198102,124453,318056,405090,37330,261150,266530,128,0,0,0,0
kill60,idle,128,8192,70,5392896,125786,345098,379582,31469,254918,358162,128,0,0,0,0
kill60,idle,128,8192,71,5495940,102763,201728,233478,11321,140163,169248,128,0,0,0,0
kill60,idle,128,8192,72,5349605,122529,294683,345318,15509,295695,353032,128,0,0,0,0
kill60,idle,128,8192,73,5194404,131176,284123,375565,23474,240401,272081,128,0,0,0,0
kill60,idle,128,8192,74,5690555,127198,325711,375213,37420,309510,326092,128,0,0,0,0
kill60,idle,128,8192,75,6011927,123011,229741,400531,13586,240300,718207,128,0,0,0,0
kill60,idle,128,8192,76,5488105,129724,305052,379562,26220,269776,281227,128,0,0,0,0
kill60,idle,128,8192,77,5156373,126637,511830,540194,33533,307467,324459,128,0,0,0,0
kill60,idle,128,8192,78,5382527,118462,380413,476223,22041,315852,356338,128,0,0,0,0
kill60,idle,128,8192,79,5403747,124213,238037,421400,13044,258605,268543,128,0,0,0,0
kill60,idle,128,8192,80,5503684,129653,435086,447961,11672,166512,194254,128,0,0,0,0
kill60,idle,128,8192,81,5242524,117130,576822,612389,18325,252544,348854,128,0,0,0,0
kill60,idle,128,8192,82,5235491,134142,309570,350398,25027,222457,320521,128,0,0,0,0
kill60,idle,128,8192,83,5434745,128611,257162,401183,14958,224321,547076,128,0,0,0,0
kill60,idle,128,8192,84,5128200,117310,267642,299793,15229,258805,271019,128,0,0,0,0
kill60,idle,128,8192,85,5081512,99626,185108,235131,10750,145302,157315,128,0,0,0,0
kill60,idle,128,8192,86,5226865,99657,177212,229200,10550,128762,161012,128,0,0,0,0
kill60,idle,128,8192,87,5353092,127039,211406,372379,14186,227206,231875,128,0,0,0,0
kill60,idle,128,8192,88,5418114,117921,304431,433894,25067,210524,257994,128,0,0,0,0
kill60,idle,128,8192,89,5578154,124884,240722,306535,13665,225964,279004,128,0,0,0,0
kill60,idle,128,8192,90,5612908,134462,350868,455665,19497,356860,363982,128,0,0,0,0
kill60,idle,128,8192,91,5410229,132859,317716,323967,15569,216696,301175,128,0,0,0,0
kill60,idle,128,8192,92,5306093,98385,191730,282330,11482,163748,176401,128,0,0,0,0
kill60,idle,128,8192,93,5398757,124594,317876,366217,15779,247534,260729,128,0,0,0,0
kill60,idle,128,8192,94,5334898,121388,331452,435226,13806,239890,267853,128,0,0,0,0
kill60,idle,128,8192,95,5295574,129764,416211,450495,13545,192652,282841,128,0,0,0,0
kill60,idle,128,8192,96,5335739,125416,283011,314811,12875,199765,267752,128,0,0,0,0
kill60,idle,128,8192,97,5354334,123391,273153,300694,28984,280957,335830,128,0,0,0,0
kill60,idle,128,8192,98,5325379,124443,255720,368742,20579,262702,291046,128,0,0,0,0
kill60,idle,128,8192,99,5336280,130404,284624,448161,14357,242765,327424,128,0,0,0,0
kill60,spin,4,8192,0,177824,7774,9357,9739,2295,2635,3847,4,0,0,0,0
kill60,spin,4,8192,1,182582,6903,9618,9808,2425,2485,3948,4,0,0,0,0
kill60,spin,4,8192,2,177533,6842,7224,8346,2084,2404,3046,4,0,0,0,0
kill60,spin,4,8192,3,177032,5370,6202,6743,2074,2334,2655,4,0,0,0,0
kill60,spin,4,8192,4,184416,7104,7695,9127,2545,2986,3947,4,0,0,0,0
kill60,spin,4,8192,5,184496,3867,4719,6162,3136,4378,5380,4,0,0,0,0
kill60,spin,4,8192,6,177964,2845,3256,4098,3096,3487,8105,4,0,0,0,0
kill60,spin,4,8192,7,178856,3026,4439,5330,2865,2955,3286,4,0,0,0,0
kill60,spin,4,8192,8,178936,3156,4278,5490,2264,2755,3096,4,0,0,0,0
kill60,spin,4,8192,9,178906,3367,4248,5010,2324,2705,2885,4,0,0,0,0
kill60,spin,4,8192,10,178996,3036,4859,6252,2335,3256,3446,4,0,0,0,0
kill60,spin,4,8192,11,263364,5180,5240,8416,3086,3336,4238,4,0,0,0,0
kill60,spin,4,8192,12,258655,4488,5661,16692,2645,2945,5600,4,0,0,0,0
kill60,spin,4,8192,13,185838,2435,2855,4068,1944,2054,3726,4,0,0,0,0
kill60,spin,4,8192,14,176531,2474,3166,3276,1874,1913,2013,4,0,0,0,0
kill60,spin,4,8192,15,177924,2575,2695,3086,1643,1754,1834,4,0,0,0,0
kill60,spin,4,8192,16,175710,3516,4839,5510,1863,2144,2164,4,0,0,0,0
kill60,spin,4,8192,17,175119,2395,2665,3757,1723,1733,2094,4,0,0,0,0
kill60,spin,4,8192,18,175469,2304,2886,3307,1703,1763,1873,4,0,0,0,0
kill60,spin,4,8192,19,175299,2355,2765,3015,1683,1744,1844,4,0,0,0,0
kill60,spin,4,8192,20,174949,2595,2886,3326,1583,1673,1754,4,0,0,0,0
kill60,spin,4,8192,21,173175,2264,2775,3206,1593,1683,1843,4,0,0,0,0
kill60,spin,4,8192,22,175199,2715,3126,3666,1673,1673,1814,4,0,0,0,0
kill60,spin,4,8192,23,174668,2736,2945,3186,1643,1683,1763,4,0,0,0,0
kill60,spin,4,8192,24,175950,2274,2394,2966,1633,1743,1794,4,0,0,0,0
kill60,spin,4,8192,25,174768,2635,3657,3868,1623,1763,1874,4,0,0,0,0
kill60,spin,4,8192,26,174868,2325,2695,2905,1724,1763,1864,4,0,0,0,0
kill60,spin,4,8192,27,175058,2595,2805,2845,1623,1653,1773,4,0,0,0,0
kill60,spin,4,8192,28,174889,2294,2765,3116,1653,1684,1933,4,0,0,0,0
kill60,spin,4,8192,29,175008,2665,2866,3547,1613,1853,1873,4,0,0,0,0
kill60,spin,4,8192,30,175319,2295,2945,3176,1643,1663,2054,4,0,0,0,0
kill60,spin,4,8192,31,174969,2775,3206,3336,1603,1613,1754,4,0,0,0,0
kill60,spin,4,8192,32,180569,2315,3066,3156,1613,1683,1833,4,0,0,0,0
kill60,spin,4,8192,33,175499,2996,3005,3166,2014,2074,2184,4,0,0,0,0
kill60,spin,4,8192,34,175440,2245,2334,3176,1663,1693,1854,4,0,0,0,0
kill60,spin,4,8192,35,175178,2234,2404,2976,1683,1834,1893,4,0,0,0,0
kill60,spin,4,8192,36,175309,2244,3006,3166,1603,1633,1793,4,0,0,0,0
kill60,spin,4,8192,37,175610,2284,2365,3206,1653,1693,1754,4,0,0,0,0
kill60,spin,4,8192,38,179236,1913,2795,3006,1613,1633,1843,4,0,0,0,0
kill60,spin,4,8192,39,175750,2164,2945,3416,1753,1823,1844,4,0,0,0,0
kill60,spin,4,8192,40,175459,2365,2966,3516,1774,1873,2004,4,0,0,0,0
kill60,spin,4,8192,41,175198,2515,2765,3457,1623,1713,1753,4,0,0,0,0
kill60,spin,4,8192,42,175188,2144,2745,3296,1753,1754,1914,4,0,0,0,0
kill60,spin,4,8192,43,182583,2374,3176,3185,1613,1643,1744,4,0,0,0,0
kill60,spin,4,8192,44,175730,2615,2986,3486,1794,1824,1843,4,0,0,0,0
kill60,spin,4,8192,45,175589,1994,2896,3277,1843,1844,1893,4,0,0,0,0
kill60,spin,4,8192,46,175480,2374,2956,3035,1593,1703,1754,4,0,0,0,0
kill60,spin,4,8192,47,175389,2054,2735,3126,1633,1643,1843,4,0,0,0,0
kill60,spin,4,8192,48,175449,2545,2645,3356,1633,1683,2054,4,0,0,0,0
kill60,spin,4,8192,49,178345,2264,2474,2705,1603,1653,1914,4,0,0,0,0
kill60,spin,4,8192,50,175369,2876,3146,3206,1823,1854,1954,4,0,0,0,0
kill60,spin,4,8192,51,176100,2254,2756,3136,1693,1703,1824,4,0,0,0,0
kill60,spin,4,8192,52,176512,2284,2735,3005,1673,1764,1904,4,0,0,0,0
kill60,spin,4,8192,53,175920,2054,2755,3025,1603,1613,1874,4,0,0,0,0
kill60,spin,4,8192,54,175178,3707,4729,5510,1573,1623,1753,4,0,0,0,0
kill60,spin,4,8192,55,169007,2415,2875,2975,1703,1763,1804,4,0,0,0,0
kill60,spin,4,8192,56,175629,2595,2995,3256,1663,1714,1783,4,0,0,0,0
kill60,spin,4,8192,57,176301,2635,2816,3075,1643,1683,1804,4,0,0,0,0
kill60,spin,4,8192,58,177072,2465,2554,2865,1693,1773,1924,4,0,0,0,0
kill60,spin,4,8192,59,176210,2585,2996,3387,1613,1723,1793,4,0,0,0,0
kill60,spin,4,8192,60,175920,2275,2835,3106,1713,1723,1833,4,0,0,0,0
kill60,spin,4,8192,61,175910,2063,2685,2705,1593,1653,1814,4,0,0,0,0
kill60,spin,4,8192,62,180209,2315,2544,3467,1694,1713,1823,4,0,0,0,0
kill60,spin,4,8192,63,176020,2305,2644,3006,1634,1713,1894,4,0,0,0,0
kill60,spin,4,8192,64,175519,2355,3466,3497,1593,1633,1884,4,0,0,0,0
kill60,spin,4,8192,65,175649,2335,2815,3036,1593,1633,1884,4,0,0,0,0
kill60,spin,4,8192,66,178976,2625,2835,3156,1623,1753,1764,4,0,0,0,0
kill60,spin,4,8192,67,175229,2434,2645,2685,1673,1814,1863,4,0,0,0,0
kill60,spin,4,8192,68,179797,2274,2915,3126,1633,1714,1783,4,0,0,0,0
kill60,spin,4,8192,69,175570,2334,2785,3075,1623,1643,1784,4,0,0,0,0
kill60,spin,4,8192,70,175339,2054,2795,3056,1603,1623,1733,4,0,0,0,0
kill60,spin,4,8192,71,175159,2014,2314,2926,1613,1703,1773,4,0,0,0,0
kill60,spin,4,8192,72,166632,2284,2525,3016,1563,1603,1743,4,0,0,0,0
kill60,spin,4,8192,73,175328,2324,2905,3186,1653,1694,1903,4,0,0,0,0
kill60,spin,4,8192,74,175669,2485,3256,3527,1634,1743,1753,4,0,0,0,0
kill60,spin,4,8192,75,174999,2054,2665,3346,1593,1703,1764,4,0,0,0,0
kill60,spin,4,8192,76,175289,2525,3075,3116,1603,1643,1763,4,0,0,0,0
kill60,spin,4,8192,77,175288,3176,3196,3827,1593,1633,1743,4,0,0,0,0
kill60,spin,4,8192,78,175078,2385,2735,2875,1583,1634,1793,4,0,0,0,0
kill60,spin,4,8192,79,175229,2675,3046,3136,1683,1693,1884,4,0,0,0,0
kill60,spin,4,8192,80,175399,2404,2865,2886,1673,1673,1793,4,0,0,0,0
kill60,spin,4,8192,81,175670,2755,2765,3647,1593,1703,1893,4,0,0,0,0
kill60,spin,4,8192,82,175129,2745,3196,3216,1633,1843,2114,4,0,0,0,0
kill60,spin,4,8192,83,178134,2224,2885,3206,1703,1744,1923,4,0,0,0,0
kill60,spin,4,8192,84,175309,2645,2705,2775,1764,1843,1864,4,0,0,0,0
kill60,spin,4,8192,85,175119,2294,2965,3536,1623,1673,1874,4,0,0,0,0
kill60,spin,4,8192,86,175629,2535,2776,2955,1603,1733,1884,4,0,0,0,0
kill60,spin,4,8192,87,174968,2214,2234,2775,1683,1713,1794,4,0,0,0,0
kill60,spin,4,8192,88,175329,2334,2775,3056,1603,1624,1743,4,0,0,0,0
kill60,spin,4,8192,89,181570,2044,2395,2965,1733,1743,1904,4,0,0,0,0
kill60,spin,4,8192,90,238828,2365,2995,3337,1923,1974,2274,4,0,0,0,0
kill60,spin,4,8192,91,186590,2305,2345,2795,1863,1863,2795,4,0,0,0,0
kill60,spin,4,8192,92,294082,2074,2635,3286,1703,1864,2034,4,0,0,0,0
kill60,spin,4,8192,93,237496,3166,5831,6191,2174,2204,3587,4,0,0,0,0
kill60,spin,4,8192,94,222047,2945,3036,3636,1944,2114,2175,4,0,0,0,0
kill60,spin,4,8192,95,218700,2836,2865,3136,1914,2154,2184,4,0,0,0,0
kill60,spin,4,8192,96,217248,2966,3186,3476,1814,2194,2204,4,0,0,0,0
kill60,spin,4,8192,97,217047,2345,2665,3056,1833,1993,2124,4,0,0,0,0
kill60,spin,4,8192,98,199755,2575,2745,3146,1833,1954,2144,4,0,0,0,0
kill60,spin,4,8192,99,218199,2264,2264,3025,1944,2114,2154,4,0,0,0,0
kill60,spin,32,8192,0,3482102,23224,28283,29115,5660,1433379,2409800,32,0,0,0,0
kill60,spin,32,8192,1,2787599,24616,30848,30898,5911,1099953,1800859,32,0,0,0,0
kill60,spin,32,8192,2,2806775,22753,41007,1857775,5591,87043,129313,32,0,0,0,0
kill60,spin,32,8192,3,3380131,18164,28003,28223,5190,1378496,2330221,32,0,0,0,0
kill60,spin,32,8192,4,3892682,23594,27832,27942,5701,1947974,1992437,32,0,0,0,0
kill60,spin,32,8192,5,2996762,19838,26179,26700,5220,1084494,1972170,32,0,0,0,0
kill60,spin,32,8192,6,2097584,21040,30548,30888,5380,1063164,1090426,32,0,0,0,0
kill60,spin,32,8192,7,3897572,23624,30076,30437,5591,88146,1984893,32,0,0,0,0
kill60,spin,32,8192,8,3005177,25939,35857,40366,6052,91572,2089900,32,0,0,0,0
kill60,spin,32,8192,9,3087722,24506,30758,37090,5711,87955,2076265,32,0,0,0,0
kill60,spin,32,8192,10,2973457,23053,32010,32121,5580,919294,1995554,32,0,0,0,0
kill60,spin,32,8192,11,3022030,24886,32440,37851,5891,378250,2009830,32,0,0,0,0
kill60,spin,32,8192,12,2996181,23083,31018,31298,5740,89638,1984082,32,0,0,0,0
kill60,spin,32,8192,13,2997143,22222,28233,29165,5580,93616,1995012,32,0,0,0,0
kill60,spin,32,8192,14,4907737,25808,72275,812043,6542,13395,1986036,32,0,0,0,0
kill60,spin,32,8192,15,1092499,24807,33042,34164,5981,73908,95699,32,0,0,0,0
kill60,spin,32,8192,16,1307433,25478,35286,35887,5491,91291,305954,32,0,0,0,0
kill60,spin,32,8192,17,3677749,22843,28484,28654,5750,91291,2667263,32,0,0,0,0
kill60,spin,32,8192,18,4997034,24466,32862,35136,5962,95569,3998251,32,0,0,0,0
kill60,spin,32,8192,19,2998334,25378,31098,32310,5540,90259,1976297,32,0,0,0,0
kill60,spin,32,8192,20,2995429,23414,31449,31459,5871,91121,1994932,32,0,0,0,0
kill60,spin,32,8192,21,3009175,25979,30237,33052,5831,90339,1980636,32,0,0,0,0
kill60,spin,32,8192,22,2892927,24776,33072,37621,6002,1908360,1977910,32,0,0,0,0
kill60,spin,32,8192,23,3985586,21590,30086,30387,5431,87444,2076686,32,0,0,0,0
kill60,spin,32,8192,24,2099739,22142,30417,30788,5711,153488,1099542,32,0,0,0,0
kill60,spin,32,8192,25,2997402,25117,31048,32401,5831,92593,1970697,32,0,0,0,0
kill60,spin,32,8192,26,3893314,24025,30427,30667,5721,90840,1984222,32,0,0,0,0
kill60,spin,32,8192,27,2104458,22953,33373,40887,5520,88546,1080857,32,0,0,0,0
kill60,spin,32,8192,28,2989699,26530,39364,41228,5921,96881,1988150,32,0,0,0,0
kill60,spin,32,8192,29,3897571,24686,30006,34174,5670,91342,1983160,32,0,0,0,0
kill60,spin,32,8192,30,2105108,25799,33833,37641,5962,92604,1099382,32,0,0,0,0
kill60,spin,32,8192,31,2985750,25187,31198,31399,5962,94327,1962632,32,0,0,0,0
kill60,spin,32,8192,32,3908522,27823,32912,33904,6062,92423,1998399,32,0,0,0,0
kill60,spin,32,8192,33,2085963,25408,34104,34725,6112,95709,1075959,32,0,0,0,0
kill60,spin,32,8192,34,3006019,24956,30297,30768,6021,91532,1997978,32,0,0,0,0
kill60,spin,32,8192,35,3919001,24305,28824,29345,5531,89277,1980134,32,0,0,0,0
kill60,spin,32,8192,36,2015872,23884,32651,32742,6291,98946,1068254,32,0,0,0,0
kill60,spin,32,8192,37,3023742,22482,32380,37991,5470,89247,2037512,32,0,0,0,0
kill60,spin,32,8192,38,3928930,23595,33433,34014,6142,92484,2012515,32,0,0,0,0
kill60,spin,32,8192,39,2089189,24215,34034,39595,5711,93245,1079305,32,0,0,0,0
kill60,spin,32,8192,40,3900297,25017,30828,31139,5931,92313,2007095,32,0,0,0,0
kill60,spin,32,8192,41,2109447,23845,31920,32281,5851,93055,1083052,32,0,0,0,0
kill60,spin,32,8192,42,2974660,21861,31489,32170,5731,914966,1983371,32,0,0,0,0
kill60,spin,32,8192,43,5423254,26700,37470,4085774,6081,324720,1989282,32,0,0,0,0
kill60,spin,32,8192,44,3588552,22512,32411,33473,5811,500439,2563529,32,0,0,0,0
kill60,spin,32,8192,45,2987754,25699,32391,32501,5550,1942153,1982780,32,0,0,0,0
kill60,spin,32,8192,46,2999026,23394,30627,32090,5801,923333,1977670,32,0,0,0,0
kill60,spin,32,8192,47,4991213,25608,30447,31268,5831,1991385,3963154,32,0,0,0,0
kill60,spin,32,8192,48,7953219,26129,35797,40677,6231,2997764,5046607,32,0,0,0,0
kill60,spin,32,8192,49,7591931,23314,32711,32722,5861,991710,6540298,32,0,0,0,0
kill60,spin,32,8192,50,6424031,20779,30758,32471,5310,2368904,4488250,32,0,0,0,0
kill60,spin,32,8192,51,3069167,22131,33112,268824,5921,992131,1933737,32,0,0,0,0
kill60,spin,32,8192,52,9984350,22452,30367,32671,6031,2898187,8980787,32,0,0,0,0
kill60,spin,32,8192,53,6870027,23504,34975,940645,5911,1871611,3928630,32,0,0,0,0
kill60,spin,32,8192,54,8306372,21390,34004,35858,5680,2066867,7333828,32,0,0,0,0
kill60,spin,32,8192,55,5725360,21550,30236,30237,5199,1732480,1738161,32,0,0,0,0
kill60,spin,32,8192,56,11115150,22082,39674,219682,5701,6687936,10048149,32,0,0,0,0
kill60,spin,32,8192,57,6894723,23585,33923,38111,6182,2905571,5200375,32,0,0,0,0
kill60,spin,32,8192,58,21082698,21911,34806,34936,6281,3000689,19951526,32,0,0,0,0
kill60,spin,32,8192,59,3960890,22512,33483,35687,6502,1894434,2831922,32,0,0,0,0
kill60,spin,32,8192,60,6918999,24656,33904,34164,5971,1921605,2694134,32,0,0,0,0
kill60,spin,32,8192,61,19444225,21961,34986,3028952,6573,1436034,18367154,32,0,0,0,0
kill60,spin,32,8192,62,5584786,23835,37871,1372174,6262,3282678,3435034,32,0,0,0,0
kill60,spin,32,8192,63,2975531,22212,31078,31610,6011,1971979,1985224,32,0,0,0,0
kill60,spin,32,8192,64,15617516,18725,40245,68839,5110,2999947,14497105,32,0,0,0,0
kill60,spin,32,8192,65,3885057,22442,27532,30417,5861,1851754,2368943,32,0,0,0,0
kill60,spin,32,8192,66,3691374,22753,28714,28984,5660,1481399,2615927,32,0,0,0,0
kill60,spin,32,8192,67,2819248,24506,34344,39665,5681,1628986,1795327,32,0,0,0,0
kill60,spin,32,8192,68,5945894,23114,32881,34675,6082,977664,990088,32,0,0,0,0
kill60,spin,32,8192,69,4033426,23534,31319,157085,5730,1018741,1167550,32,0,0,0,0
kill60,spin,32,8192,70,5926768,23334,29886,30137,5751,561393,2947880,32,0,0,0,0
kill60,spin,32,8192,71,3027409,22653,31279,32861,5941,184466,1429201,32,0,0,0,0
kill60,spin,32,8192,72,4059956,22792,43171,3029032,5149,762691,965902,32,0,0,0,0
kill60,spin,32,8192,73,4560535,22573,28925,1852415,5430,1954246,3495747,32,0,0,0,0
kill60,spin,32,8192,74,6362125,23414,28233,29475,5660,2135697,5339706,32,0,0,0,0
kill60,spin,32,8192,75,9017336,34986,6019882,7008557,6612,1965878,1981217,32,0,0,0,0
kill60,spin,32,8192,76,7055685,25839,5564077,5702697,5881,999845,1010595,32,0,0,0,0
kill60,spin,32,8192,77,2879141,21310,28493,907011,5651,1608548,1946241,32,0,0,0,0
kill60,spin,32,8192,78,3192950,20679,485631,537148,5280,1700500,2265610,32,0,0,0,0
kill60,spin,32,8192,79,2946648,21650,31109,33072,5620,516879,1880157,32,0,0,0,0
kill60,spin,32,8192,80,2012095,17974,31740,35537,5400,937819,1020925,32,0,0,0,0
kill60,spin,32,8192,81,2944273,21931,36489,1623856,5851,1393825,1921976,32,0,0,0,0
kill60,spin,32,8192,82,1980205,21771,30097,30958,5220,901631,964460,32,0,0,0,0
kill60,spin,32,8192,83,4087017,20107,26229,27251,4699,594174,2986011,32,0,0,0,0
kill60,spin,32,8192,84,5625012,32561,873579,2863993,5209,514555,4525840,32,0,0,0,0
kill60,spin,32,8192,85,5272220,21741,32541,33163,5761,3208449,4261424,32,0,0,0,0
kill60,spin,32,8192,86,4053013,20599,30958,48631,5400,1979594,2913205,32,0,0,0,0
kill60,spin,32,8192,87,3930813,20759,27281,33753,5300,925967,2908847,32,0,0,0,0
kill60,spin,32,8192,88,4993698,23154,35146,43591,5701,2941889,3994243,32,0,0,0,0
kill60,spin,32,8192,89,3903091,23735,39665,45877,5961,1402120,1996064,32,0,0,0,0
kill60,spin,32,8192,90,4159272,23714,37721,41838,6112,1094483,3096438,32,0,0,0,0
kill60,spin,32,8192,91,3932227,25839,33593,36308,5961,1868344,2927341,32,0,0,0,0
kill60,spin,32,8192,92,2998975,23505,30458,32481,5881,995417,1982850,32,0,0,0,0
kill60,spin,32,8192,93,4618764,24486,32080,34274,6162,1989943,3534560,32,0,0,0,0
kill60,spin,32,8192,94,3375682,23334,31049,45485,5660,365245,2317326,32,0,0,0,0
kill60,spin,32,8192,95,4259139,22773,31068,32431,5961,1992467,2987955,32,0,0,0,0
kill60,spin,32,8192,96,3737801,22131,33042,34465,5661,722165,1018621,32,0,0,0,0
kill60,spin,32,8192,97,3978403,22623,31048,32872,5651,84539,2928032,32,0,0,0,0
kill60,spin,32,8192,98,3236051,25698,32390,33543,6191,2005712,2219152,32,0,0,0,0
kill60,spin,32,8192,99,3675976,21080,28975,33704,5260,1715158,1829211,32,0,0,0,0
kill60,spin,128,8192,0,24960893,5830,3003234,7352853,3230560,15265366,18258260,128,0,0,0,0
kill60,spin,128,8192,1,28991254,5360,14036,2287090,3257371,18265694,21263738,128,0,0,0,0
kill60,spin,128,8192,2,24981312,5601,103955,3002382,3226703,16247748,19270418,128,0,0,0,0
kill60,spin,128,8192,3,22100678,5501,17172,3000008,3274663,17287860,18280692,128,0,0,0,0
kill60,spin,128,8192,4,25861993,5460,3008052,3012301,3220231,17153909,20167040,128,0,0,0,0
kill60,spin,128,8192,5,25059538,5641,246302,3001560,3294470,16260262,18003472,128,0,0,0,0
kill60,spin,128,8192,6,25060981,6673,20448,3000969,3242983,18253862,21295467,128,0,0,0,0
kill60,spin,128,8192,7,33907796,7674,3001179,3004075,3120504,16148032,20140300,128,0,0,0,0
kill60,spin,128,8192,8,23063023,7083,3009625,5989415,3215222,16235155,19156645,128,0,0,0,0
kill60,spin,128,8192,9,59040501,5520,2991421,6000536,3218667,24082415,31104608,128,0,0,0,0
kill60,spin,128,8192,10,34574807,5069,49533,2999497,3087783,23070196,27259074,128,0,0,0,0
kill60,spin,128,8192,11,39211515,5070,11422,3496018,3501428,22930043,27482704,128,0,0,0,0
kill60,spin,128,8192,12,32323463,5139,2016323,15003023,2295405,24884760,26730112,128,0,0,0,0
kill60,spin,128,8192,13,30855030,6132,3999513,6993008,2973919,18943295,20984003,128,0,0,0,0
kill60,spin,128,8192,14,45039988,7705,9004441,12004349,1098290,20053397,22102241,128,0,0,0,0
kill60,spin,128,8192,15,34790412,5360,2435839,3307394,3083995,20292936,22017131,128,0,0,0,0
kill60,spin,128,8192,16,43053743,6462,2994016,6478062,3174675,23278758,32230549,128,0,0,0,0
kill60,spin,128,8192,17,47006718,5951,65203,3005087,2202822,28141930,31136297,128,0,0,0,0
kill60,spin,128,8192,18,91108306,5780,17042,20839,5028863,41994626,60990890,128,0,0,0,0
kill60,spin,128,8192,19,68867435,5370,20879,6014011,4751102,43008207,49009094,128,0,0,0,0
kill60,spin,128,8192,20,54996685,5850,13967,4749430,4094550,31952177,35132674,128,0,0,0,0
kill60,spin,128,8192,21,57930238,5972,20970,14421743,5325119,27031016,46968126,128,0,0,0,0
kill60,spin,128,8192,22,50121721,5770,1003613,3012280,3703307,35116644,46024996,128,0,0,0,0
kill60,spin,128,8192,23,44887161,5841,17523,3001550,4117053,26039476,30955688,128,0,0,0,0
kill60,spin,128,8192,24,33972047,7504,3002282,9989389,4161165,21048564,24054683,128,0,0,0,0
kill60,spin,128,8192,25,31911191,6462,3001981,5996478,4098849,20152843,23058805,128,0,0,0,0
kill60,spin,128,8192,26,30991435,6102,2066206,3001320,3678440,20280092,27212757,128,0,0,0,0
kill60,spin,128,8192,27,33054566,6261,1819052,3003073,3277408,20180536,23256225,128,0,0,0,0
kill60,spin,128,8192,28,28892939,6291,3002102,6210740,4093819,20122728,20406199,128,0,0,0,0
kill60,spin,128,8192,29,24986411,6142,2993405,3002281,3215071,17317435,19250351,128,0,0,0,0
kill60,spin,128,8192,30,23979712,6793,3003104,3010397,3274473,17204132,20262770,128,0,0,0,0
kill60,spin,128,8192,31,31117912,7133,2999917,3001781,3234718,20267178,27265256,128,0,0,0,0
kill60,spin,128,8192,32,36401253,5781,3000869,3082372,4068732,19532690,32592729,128,0,0,0,0
kill60,spin,128,8192,33,29597270,6742,14427,8760072,2670329,21636246,25636901,128,0,0,0,0
kill60,spin,128,8192,34,51025726,5891,20579,8998610,3081631,21098347,34053018,128,0,0,0,0
kill60,spin,128,8192,35,36949863,6612,2989428,3002302,4112805,19100309,23129186,128,0,0,0,0
kill60,spin,128,8192,36,28971917,6072,3000709,4990452,4085033,20218587,22064059,128,0,0,0,0
kill60,spin,128,8192,37,36051707,5771,3000658,11999920,3175817,25086769,29091291,128,0,0,0,0
kill60,spin,128,8192,38,36889630,5731,8997107,17984055,3062936,23098118,28116823,128,0,0,0,0
kill60,spin,128,8192,39,34976951,5450,12664,12002745,4161246,23171716,29109374,128,0,0,0,0
kill60,spin,128,8192,40,30977879,4809,14026,3000789,5132868,24098535,26120288,128,0,0,0,0
kill60,spin,128,8192,41,31023485,5711,13154,3008093,4147270,21142671,25138025,128,0,0,0,0
kill60,spin,128,8192,42,27985696,5500,2993235,3000729,3166971,23061730,24082866,128,0,0,0,0
kill60,spin,128,8192,43,30076660,5661,2993165,3005588,3172651,22069569,26089610,128,0,0,0,0
kill60,spin,128,8192,44,35906064,5651,2999857,9021413,4122113,21968980,25108831,128,0,0,0,0
kill60,spin,128,8192,45,30051693,5861,3001139,6100574,3095357,22146153,26153590,128,0,0,0,0
kill60,spin,128,8192,46,26000593,6282,3003354,13011818,4034148,19809049,22112730,128,0,0,0,0
kill60,spin,128,8192,47,27109974,7213,2333537,3007772,3997579,20104262,23094992,128,0,0,0,0
kill60,spin,128,8192,48,28893630,5901,2999667,22008004,3942245,18864567,21002758,128,0,0,0,0
kill60,spin,128,8192,49,31084419,6733,3001530,3002883,3037238,17971051,20097179,128,0,0,0,0
kill60,spin,128,8192,50,24861647,6352,164989,3007061,3862526,18778686,20872654,128,0,0,0,0
kill60,spin,128,8192,51,35120701,6553,2999557,3005297,3100897,16083360,17871134,128,0,0,0,0
kill60,spin,128,8192,52,34957766,6392,2993956,2999967,3838120,15894035,18954667,128,0,0,0,0
kill60,spin,128,8192,53,32045102,6523,3031827,15024163,2907704,15897651,18996274,128,0,0,0,0
kill60,spin,128,8192,54,34877906,6512,2989638,3003614,2935035,16833667,19953780,128,0,0,0,0
kill60,spin,128,8192,55,31147638,5841,2990249,6001858,3925744,15930633,19065293,128,0,0,0,0
kill60,spin,128,8192,56,26812235,5651,3001661,3045904,3812321,16918807,22816059,128,0,0,0,0
kill60,spin,128,8192,57,26969100,7434,13992287,19993455,1950859,19958219,22981359,128,0,0,0,0
kill60,spin,128,8192,58,60792007,5620,6003502,16548382,3990174,20006539,30849099,128,0,0,0,0
kill60,spin,128,8192,59,28067882,7084,3997428,5989746,3253413,18188659,22233988,128,0,0,0,0
kill60,spin,128,8192,60,33111873,7214,1006949,3135161,3045122,17134642,19590058,128,0,0,0,0
kill60,spin,128,8192,61,48790863,6201,2006073,13009593,3002352,26987565,41877606,128,0,0,0,0
kill60,spin,128,8192,62,33178138,6422,2999797,3004326,3113551,22133760,26092205,128,0,0,0,0
kill60,spin,128,8192,63,29876834,6342,2998595,3002993,3905075,20006539,25951941,128,0,0,0,0
kill60,spin,128,8192,64,27053388,6843,2999426,3181859,3170457,19173346,23106374,128,0,0,0,0
kill60,spin,128,8192,65,55403628,5680,3001200,5998422,3013593,23019511,27035083,128,0,0,0,0
kill60,spin,128,8192,66,35587226,5590,16070,19246,3571690,24636334,30566618,128,0,0,0,0
kill60,spin,128,8192,67,38285908,6562,3957013,21990110,3943156,19022543,26937340,128,0,0,0,0
kill60,spin,128,8192,68,63348371,6122,2998344,6924460,4624675,25099413,48884930,128,0,0,0,0
kill60,spin,128,8192,69,84243277,6252,18975,4341314,3973624,43251483,72400913,128,0,0,0,0
kill60,spin,128,8192,70,59028027,5851,30988,143319,5164297,48361318,55013276,128,0,0,0,0
kill60,spin,128,8192,71,82489427,6583,21019,14007586,5029976,30324143,66402490,128,0,0,0,0
kill60,spin,128,8192,72,76362815,5961,13937,2847993,4404813,52573560,58461825,128,0,0,0,0
kill60,spin,128,8192,73,54019161,5670,16652,776357,5035556,45122002,48050184,128,0,0,0,0
kill60,spin,128,8192,74,107882931,9037,100000000,100000000,4529447,100000000,100000000,107,0,21,0,0
kill60,spin,128,8192,75,48439465,7403,13159655,16136690,4338919,35454336,43170030,128,0,0,0,0
kill60,spin,128,8192,76,60786416,6091,21631,2997483,4749189,37650657,43683504,128,0,0,0,0
kill60,spin,128,8192,77,37851494,5741,14838,1414133,4870776,26935426,31967917,128,0,0,0,0
kill60,spin,128,8192,78,38006394,5791,15258,16701,3134950,26208563,31083748,128,0,0,0,0
kill60,spin,128,8192,79,60110097,6372,20168,233097,4099921,30057463,47009251,128,0,0,0,0
kill60,spin,128,8192,80,38976163,5901,14237,5998893,3918951,29942898,34831708,128,0,0,0,0
kill60,spin,128,8192,81,47825493,5951,17142,4001196,3902460,32911406,43944323,128,0,0,0,0
kill60,spin,128,8192,82,45124776,5640,2989317,12081983,4111312,33092245,35109390,128,0,0,0,0
kill60,spin,128,8192,83,44743942,6001,12203,2999036,4892728,29950863,31988014,128,0,0,0,0
kill60,spin,128,8192,84,35981866,6462,3004055,5005530,3243745,27161771,32177770,128,0,0,0,0
kill60,spin,128,8192,85,39988041,6773,2990249,5998753,2302520,29283871,35303653,128,0,0,0,0
kill60,spin,128,8192,86,32068776,6712,2996601,3007973,3182790,25200242,28164973,128,0,0,0,0
kill60,spin,128,8192,87,29983715,6202,3002803,3991077,2208432,23224996,26140876,128,0,0,0,0
kill60,spin,128,8192,88,27908441,6873,2987374,3000729,2474311,20210161,23096785,128,0,0,0,0
kill60,spin,128,8192,89,28978639,7264,3003784,6005014,3189313,19201979,22272479,128,0,0,0,0
kill60,spin,128,8192,90,27969326,6582,2994306,3006269,3866273,20126855,21150635,128,0,0,0,0
kill60,spin,128,8192,91,24985649,6703,2994317,3009075,3223246,19154450,19280998,128,0,0,0,0
kill60,spin,128,8192,92,22019755,6773,3007181,3015387,3227514,15163465,18263920,128,0,0,0,0
kill60,spin,128,8192,93,24876184,6553,2999637,6003682,3161170,17148127,20250948,128,0,0,0,0
kill60,spin,128,8192,94,25048887,7304,3002041,3009615,3311282,16359758,18281843,128,0,0,0,0
kill60,spin,128,8192,95,19099397,6402,3003394,3007181,2310384,12886292,15212957,128,0,0,0,0
kill60,spin,128,8192,96,23012548,7244,2997613,3007161,3096329,14173577,19163277,128,0,0,0,0
kill60,spin,128,8192,97,28953202,6592,3005347,5004889,2974109,16100001,25130611,128,0,0,0,0
kill60,spin,128,8192,98,107035851,8807,2990219,5985067,3093243,54150608,96241073,128,0,0,0,0
kill60,spin,128,8192,99,45440499,6051,15659,17192,4061879,24973396,30015705,128,0,0,0,0
kill60,alloc,4,8192,0,359795,4498,4930,5941,2425,2484,13565,4,0,0,0,0
kill60,alloc,4,8192,1,211367,5681,5841,7163,2515,2584,3928,4,0,0,0,0
kill60,alloc,4,8192,2,184647,6512,7354,9377,2325,2535,3166,4,0,0,0,0
kill60,alloc,4,8192,3,182302,4959,5580,9108,1923,2174,2414,4,0,0,0,0
kill60,alloc,4,8192,4,183124,8155,9198,10800,2254,2254,2344,4,0,0,0,0
kill60,alloc,4,8192,5,182984,8846,9107,10429,2054,2204,2354,4,0,0,0,0
kill60,alloc,4,8192,6,185668,4458,8977,9327,2004,2244,2294,4,0,0,0,0
kill60,alloc,4,8192,7,183534,10520,13155,13495,2525,2735,2755,4,0,0,0,0
kill60,alloc,4,8192,8,181761,4779,5520,5941,2124,2254,2324,4,0,0,0,0
kill60,alloc,4,8192,9,184566,7084,7474,7795,2064,2294,3707,4,0,0,0,0
kill60,alloc,4,8192,10,181540,5871,6331,7844,2164,2175,2314,4,0,0,0,0
kill60,alloc,4,8192,11,182732,8656,9328,11171,2014,2174,2175,4,0,0,0,0
kill60,alloc,4,8192,12,182212,6122,7945,8315,2274,2284,2435,4,0,0,0,0
kill60,alloc,4,8192,13,182332,6102,6232,7855,2073,2304,2595,4,0,0,0,0
kill60,alloc,4,8192,14,181721,5961,6622,6733,2114,2194,2535,4,0,0,0,0
kill60,alloc,4,8192,15,183124,6552,7824,8146,2355,2866,2876,4,0,0,0,0
kill60,alloc,4,8192,16,182803,9968,11101,14186,2335,2655,2866,4,0,0,0,0
kill60,alloc,4,8192,17,167804,6863,9467,10119,2174,2315,2655,4,0,0,0,0
kill60,alloc,4,8192,18,182442,7103,8225,9157,2174,2384,3487,4,0,0,0,0
kill60,alloc,4,8192,19,181240,7595,7624,8626,2184,2294,2475,4,0,0,0,0
kill60,alloc,4,8192,20,181170,7835,8727,8977,2084,2144,2285,4,0,0,0,0
kill60,alloc,4,8192,21,181520,5941,6632,6863,2174,2184,2545,4,0,0,0,0
kill60,alloc,4,8192,22,181430,6583,10449,13074,2194,2204,2434,4,0,0,0,0
kill60,alloc,4,8192,23,183555,6863,8015,11852,2294,2404,2455,4,0,0,0,0
kill60,alloc,4,8192,24,184135,7123,8245,8406,2204,2284,2595,4,0,0,0,0
kill60,alloc,4,8192,25,182071,6742,8376,9759,2064,2254,2374,4,0,0,0,0
kill60,alloc,4,8192,26,181761,5741,5751,6281,2134,2195,2234,4,0,0,0,0
kill60,alloc,4,8192,27,182192,6683,7464,8155,2124,2224,2234,4,0,0,0,0
kill60,alloc,4,8192,28,170670,7464,7675,8035,2154,2274,2364,4,0,0,0,0
kill60,alloc,4,8192,29,181901,10349,10470,11782,2174,2535,2945,4,0,0,0,0
kill60,alloc,4,8192,30,181831,6552,6793,8696,2064,2204,2234,4,0,0,0,0
kill60,alloc,4,8192,31,181711,6221,6472,6622,2074,2134,2184,4,0,0,0,0
kill60,alloc,4,8192,32,198583,7864,7965,8166,1993,2034,2164,4,0,0,0,0
kill60,alloc,4,8192,33,184797,9558,9678,11141,2064,2254,2685,4,0,0,0,0
kill60,alloc,4,8192,34,182543,6131,7574,9658,2264,2434,2544,4,0,0,0,0
kill60,alloc,4,8192,35,182572,6602,7023,8305,2394,2505,2545,4,0,0,0,0
kill60,alloc,4,8192,36,182211,5220,7394,8567,2395,2484,2735,4,0,0,0,0
kill60,alloc,4,8192,37,183404,6292,7073,8296,2555,2595,3115,4,0,0,0,0
kill60,alloc,4,8192,38,182132,6713,7575,7925,2304,2514,2595,4,0,0,0,0
kill60,alloc,4,8192,39,151985,5631,6553,7054,2164,2455,3045,4,0,0,0,0
kill60,alloc,4,8192,40,182723,6442,6813,8586,2375,2455,2555,4,0,0,0,0
kill60,alloc,4,8192,41,182372,6051,7093,7594,2414,2524,2635,4,0,0,0,0
kill60,alloc,4,8192,42,183104,5350,6382,8025,2455,2725,3336,4,0,0,0,0
kill60,alloc,4,8192,43,181821,5070,7283,7915,2284,2375,2415,4,0,0,0,0
kill60,alloc,4,8192,44,181892,5260,5581,7283,2324,2355,2695,4,0,0,0,0
kill60,alloc,4,8192,45,183013,5991,6833,8536,2374,2815,6221,4,0,0,0,0
kill60,alloc,4,8192,46,182762,4549,7464,7624,2374,2645,2735,4,0,0,0,0
kill60,alloc,4,8192,47,182292,5601,5660,7484,2154,2284,2425,4,0,0,0,0
kill60,alloc,4,8192,48,181761,6402,6983,9107,2194,2214,2444,4,0,0,0,0
kill60,alloc,4,8192,49,182192,10039,12975,16611,2334,2474,2776,4,0,0,0,0
kill60,alloc,4,8192,50,166643,6142,7064,8516,2224,2515,2915,4,0,0,0,0
kill60,alloc,4,8192,51,182453,7103,7143,7484,2245,3016,3607,4,0,0,0,0
kill60,alloc,4,8192,52,181701,3948,5360,5530,2244,2515,3527,4,0,0,0,0
kill60,alloc,4,8192,53,181691,4128,6172,6623,2334,2394,2475,4,0,0,0,0
kill60,alloc,4,8192,54,180970,5119,5230,5249,1934,2134,2204,4,0,0,0,0
kill60,alloc,4,8192,55,180979,5591,5991,6493,1823,2114,2355,4,0,0,0,0
kill60,alloc,4,8192,56,181660,7915,11050,11371,2144,2184,2465,4,0,0,0,0
kill60,alloc,4,8192,57,197169,6873,7153,9197,1843,2064,2355,4,0,0,0,0
kill60,alloc,4,8192,58,182873,4960,5471,8706,2013,2064,2325,4,0,0,0,0
kill60,alloc,4,8192,59,181401,3818,4017,4829,1814,1944,2324,4,0,0,0,0
kill60,alloc,4,8192,60,181961,6873,7233,8355,1813,2185,2294,4,0,0,0,0
kill60,alloc,4,8192,61,161533,8476,10529,11542,1823,1874,2184,4,0,0,0,0
kill60,alloc,4,8192,62,181911,4057,5160,6672,2144,2244,2284,4,0,0,0,0
kill60,alloc,4,8192,63,183124,5580,8626,8847,2194,2445,3126,4,0,0,0,0
kill60,alloc,4,8192,64,181481,4679,6001,6231,1904,2174,2384,4,0,0,0,0
kill60,alloc,4,8192,65,181350,5069,7344,7654,1924,1944,2194,4,0,0,0,0
kill60,alloc,4,8192,66,313849,5069,5110,8105,2124,2204,2455,4,0,0,0,0
kill60,alloc,4,8192,67,269605,5620,6733,8125,2104,2305,3697,4,0,0,0,0
kill60,alloc,4,8192,68,239469,7124,9027,9208,1973,2324,3386,4,0,0,0,0
kill60,alloc,4,8192,69,259717,5320,6413,8226,2374,2715,3326,4,0,0,0,0
kill60,alloc,4,8192,70,225613,5441,6442,7985,2124,2355,3016,4,0,0,0,0
kill60,alloc,4,8192,71,233348,5120,7565,8105,2434,3075,3106,4,0,0,0,0
kill60,alloc,4,8192,72,262743,4328,6332,6472,2134,2515,3116,4,0,0,0,0
kill60,alloc,4,8192,73,236674,4569,5480,5781,1943,2314,3377,4,0,0,0,0
kill60,alloc,4,8192,74,234079,7003,7424,8877,2155,2324,3176,4,0,0,0,0
kill60,alloc,4,8192,75,244088,6783,8145,10339,2114,2315,2775,4,0,0,0,0
kill60,alloc,4,8192,76,235040,4158,5039,5159,2164,2234,2826,4,0,0,0,0
kill60,alloc,4,8192,77,258796,5010,5430,5440,1993,2314,2996,4,0,0,0,0
kill60,alloc,4,8192,78,258144,6302,8206,10300,2024,2194,3176,4,0,0,0,0
kill60,alloc,4,8192,79,243477,4990,5000,6061,2585,3417,3656,4,0,0,0,0
kill60,alloc,4,8192,80,256511,6162,8906,11211,2505,2955,3116,4,0,0,0,0
kill60,alloc,4,8192,81,236784,7093,8225,8576,2304,2505,3126,4,0,0,0,0
kill60,alloc,4,8192,82,237455,4338,5460,5811,1944,2665,3086,4,0,0,0,0
kill60,alloc,4,8192,83,1219608,10089,13184,922421,2244,2364,3036,4,0,0,0,0
kill60,alloc,4,8192,84,264907,4769,6171,10460,3136,3146,4428,4,0,0,0,0
kill60,alloc,4,8192,85,240171,4980,5300,8065,2154,2244,3367,4,0,0,0,0
kill60,alloc,4,8192,86,237786,5411,6071,6372,2354,2395,3377,4,0,0,0,0
kill60,alloc,4,8192,87,266850,5290,6843,7214,2254,2384,3025,4,0,0,0,0
kill60,alloc,4,8192,88,251472,5600,5651,5931,2435,2705,3176,4,0,0,0,0
kill60,alloc,4,8192,89,235611,5320,6653,8566,2204,2434,3266,4,0,0,0,0
kill60,alloc,4,8192,90,206107,5230,7284,7574,2244,2284,3206,4,0,0,0,0
kill60,alloc,4,8192,91,185548,4689,5270,5630,2114,2474,2565,4,0,0,0,0
kill60,alloc,4,8192,92,182212,4849,7454,7675,2395,2755,4017,4,0,0,0,0
kill60,alloc,4,8192,93,182412,5901,8196,8466,2234,2465,2515,4,0,0,0,0
kill60,alloc,4,8192,94,183013,7815,10950,11982,2394,2765,3437,4,0,0,0,0
kill60,alloc,4,8192,95,181169,4969,5109,8216,1884,1934,2244,4,0,0,0,0
kill60,alloc,4,8192,96,136426,4709,4799,5721,1824,1844,2215,4,0,0,0,0
kill60,alloc,4,8192,97,181951,6432,7384,7514,1834,2204,2424,4,0,0,0,0
kill60,alloc,4,8192,98,181460,4709,5150,5380,2154,2214,2364,4,0,0,0,0
kill60,alloc,4,8192,99,181070,4678,7394,8416,1743,1823,2224,4,0,0,0,0
kill60,alloc,32,8192,0,5862617,19427,41568,3020406,4528,2009169,2966004,32,0,0,0,0
kill60,alloc,32,8192,1,3122427,16270,24766,25247,4679,1129038,2137920,32,0,0,0,0
kill60,alloc,32,8192,2,5763862,864571,3971220,4709855,3487,20008,21450,32,0,0,0,0
kill60,alloc,32,8192,3,4139645,22142,33463,35036,5440,1180635,3177671,32,0,0,0,0
kill60,alloc,32,8192,4,2899008,19717,33833,1990363,4879,75111,652263,32,0,0,0,0
kill60,alloc,32,8192,5,5131085,22502,40606,3187700,5601,561934,4207222,32,0,0,0,0
kill60,alloc,32,8192,6,2864704,21401,29435,30056,5380,1031575,1051452,32,0,0,0,0
kill60,alloc,32,8192,7,3141172,19827,32842,33303,5550,2137610,2174278,32,0,0,0,0
kill60,alloc,32,8192,8,2940967,19036,24766,29125,5169,1428459,2030338,32,0,0,0,0
kill60,alloc,32,8192,9,2995740,19807,30908,38943,5200,1054488,2089329,32,0,0,0,0
kill60,alloc,32,8192,10,3647903,19747,29015,29806,5159,1479004,2092515,32,0,0,0,0
kill60,alloc,32,8192,11,2345990,16311,25518,26710,5090,439464,1430303,32,0,0,0,0
kill60,alloc,32,8192,12,1983160,20178,28032,30478,5030,1053335,1055540,32,0,0,0,0
kill60,alloc,32,8192,13,3101919,19777,31268,31649,5049,98024,2071736,32,0,0,0,0
kill60,alloc,32,8192,14,4001917,16301,24627,34786,4839,1997597,3001029,32,0,0,0,0
kill60,alloc,32,8192,15,3949920,20559,32601,36268,5230,992172,2981252,32,0,0,0,0
kill60,alloc,32,8192,16,4018488,18565,31068,34715,5721,2066857,2996501,32,0,0,0,0
kill60,alloc,32,8192,17,2977375,20699,33082,35317,5260,1009734,1983841,32,0,0,0,0
kill60,alloc,32,8192,18,3861974,25428,774834,777799,5089,1560677,2004320,32,0,0,0,0
kill60,alloc,32,8192,19,2081896,21911,53019,53650,4929,173155,1141832,32,0,0,0,0
kill60,alloc,32,8192,20,3105876,22563,33503,36098,5390,1116534,2058551,32,0,0,0,0
kill60,alloc,32,8192,21,3867304,30216,56857,65323,4759,1191075,1943666,32,0,0,0,0
kill60,alloc,32,8192,22,2026051,16571,25688,28042,4709,145843,1077401,32,0,0,0,0
kill60,alloc,32,8192,23,3083054,19326,33813,36479,5139,1064868,2042441,32,0,0,0,0
kill60,alloc,32,8192,24,2890452,21140,31649,33363,5160,1953765,1986266,32,0,0,0,0
kill60,alloc,32,8192,25,3012852,21650,43612,46407,5010,2069522,2112102,32,0,0,0,0
kill60,alloc,32,8192,26,3013663,19607,30728,33974,5249,1081800,2046038,32,0,0,0,0
kill60,alloc,32,8192,27,2888328,17072,28202,28493,5310,1054198,1934599,32,0,0,0,0
kill60,alloc,32,8192,28,2089941,18495,28423,29255,5050,147667,1167740,32,0,0,0,0
kill60,alloc,32,8192,29,3897972,21390,29175,29806,5190,1108460,2080353,32,0,0,0,0
kill60,alloc,32,8192,30,2090882,18154,28323,29466,5140,1077982,1177639,32,0,0,0,0
kill60,alloc,32,8192,31,3000699,20769,30598,30627,5451,1122155,2088137,32,0,0,0,0
kill60,alloc,32,8192,32,2992734,18725,29786,31259,4699,1059588,2077647,32,0,0,0,0
kill60,alloc,32,8192,33,2000934,20990,30928,32571,5420,1088713,1123838,32,0,0,0,0
kill60,alloc,32,8192,34,4005714,24405,47810,115307,5140,2063751,3101087,32,0,0,0,0
kill60,alloc,32,8192,35,5979156,20298,28604,3036475,5320,1112777,2111470,32,0,0,0,0
kill60,alloc,32,8192,36,6027757,7304,35646,1121814,4658,4108557,5084548,32,0,0,0,0
kill60,alloc,32,8192,37,3056343,14808,24837,26900,4999,2043193,2062770,32,0,0,0,0
kill60,alloc,32,8192,38,5984656,11361,26820,32942,4629,4971726,4989349,32,0,0,0,0
kill60,alloc,32,8192,39,6395888,9658,21801,22883,5541,5043491,5217587,32,0,0,0,0
kill60,alloc,32,8192,40,4750952,15950,24045,28023,4609,2573017,3651119,32,0,0,0,0
kill60,alloc,32,8192,41,5882034,8837,24546,26750,5079,2861488,4838706,32,0,0,0,0
kill60,alloc,32,8192,42,4996002,14206,27061,29365,4969,2974770,3954989,32,0,0,0,0
kill60,alloc,32,8192,43,5064430,16060,34495,38172,5340,2946608,3345085,32,0,0,0,0
kill60,alloc,32,8192,44,7009730,21340,36088,40055,5280,1873344,2860957,32,0,0,0,0
kill60,alloc,32,8192,45,3740787,17834,25828,27011,5180,1884385,2862930,32,0,0,0,0
kill60,alloc,32,8192,46,3067074,21300,29706,31389,5380,832862,2179689,32,0,0,0,0
kill60,alloc,32,8192,47,3867735,23103,43322,45435,5049,2064353,2984589,32,0,0,0,0
kill60,alloc,32,8192,48,2135305,18786,31159,32872,5380,1162200,1235257,32,0,0,0,0
kill60,alloc,32,8192,49,33265550,18985,27872,33483,4849,2054674,31501491,32,0,0,0,0
kill60,alloc,32,8192,50,5954770,20879,32411,36899,5350,2775346,4931541,32,0,0,0,0
kill60,alloc,32,8192,51,4291350,19186,26791,189415,5320,2818978,2955374,32,0,0,0,0
kill60,alloc,32,8192,52,9151928,21060,30918,31709,5350,1574324,6322981,32,0,0,0,0
kill60,alloc,32,8192,53,4075054,18185,30648,34064,4969,382237,1366533,32,0,0,0,0
kill60,alloc,32,8192,54,6603818,19817,29265,29796,5500,1283999,2265510,32,0,0,0,0
kill60,alloc,32,8192,55,3625621,21069,29515,31229,5130,1657589,2729219,32,0,0,0,0
kill60,alloc,32,8192,56,3066632,17543,32891,35386,5089,2055375,2068029,32,0,0,0,0
kill60,alloc,32,8192,57,4963661,23764,60373,62017,4479,2033194,3981108,32,0,0,0,0
kill60,alloc,32,8192,58,3855513,20288,46737,49994,5621,2066827,2969140,32,0,0,0,0
kill60,alloc,32,8192,59,11110021,19286,28093,29285,5280,2134043,10147636,32,0,0,0,0
kill60,alloc,32,8192,60,2924947,20899,31750,31990,5491,1059417,2009750,32,0,0,0,0
kill60,alloc,32,8192,61,10326271,25598,40195,47168,4789,2124154,9096995,32,0,0,0,0
kill60,alloc,32,8192,62,11872099,21670,32030,40747,5290,5069820,5774322,32,0,0,0,0
kill60,alloc,32,8192,63,27919803,9478,16941,1263851,4398,8941913,25662288,32,0,0,0,0
kill60,alloc,32,8192,64,3912068,25218,41448,44844,6883,1974043,2933382,32,0,0,0,0
kill60,alloc,32,8192,65,4015022,20759,47470,3072534,5269,1122426,2049765,32,0,0,0,0
kill60,alloc,32,8192,66,2975050,24526,39544,39975,5841,1665244,2045407,32,0,0,0,0
kill60,alloc,32,8192,67,2995159,18254,25267,27712,4859,1054648,2086264,32,0,0,0,0
kill60,alloc,32,8192,68,3112078,20128,33764,43111,5240,1438589,2235653,32,0,0,0,0
kill60,alloc,32,8192,69,2889099,21380,34344,35246,5250,1928097,1965587,32,0,0,0,0
kill60,alloc,32,8192,70,3989253,20378,32050,34014,5430,3064047,3067935,32,0,0,0,0
kill60,alloc,32,8192,71,2421372,21330,32221,34013,5701,1484525,1513309,32,0,0,0,0
kill60,alloc,32,8192,72,3611505,17392,28884,29406,5070,2642927,2649490,32,0,0,0,0
kill60,alloc,32,8192,73,3961882,19136,31109,31158,5240,2004200,3001089,32,0,0,0,0
kill60,alloc,32,8192,74,3915154,18425,27021,28634,5350,2107302,2113925,32,0,0,0,0
kill60,alloc,32,8192,75,5160570,19998,28954,30397,5119,1141080,4118075,32,0,0,0,0
kill60,alloc,32,8192,76,3956642,20439,32842,33293,5099,1994592,2957939,32,0,0,0,0
kill60,alloc,32,8192,77,5008765,17733,31850,36408,5160,2029647,4022676,32,0,0,0,0
kill60,alloc,32,8192,78,4037604,16691,29676,3020866,5110,2045527,2053292,32,0,0,0,0
kill60,alloc,32,8192,79,4938083,23284,32912,33823,5751,1303265,1935070,32,0,0,0,0
kill60,alloc,32,8192,80,4033095,15039,25157,26199,5340,2034977,3006330,32,0,0,0,0
kill60,alloc,32,8192,81,3372145,17002,32400,1969915,4819,977143,1992708,32,0,0,0,0
kill60,alloc,32,8192,82,7965071,17804,30778,33543,5440,1592778,5297737,32,0,0,0,0
kill60,alloc,32,8192,83,6902729,19126,620765,3613208,4919,1631180,1651548,32,0,0,0,0
kill60,alloc,32,8192,84,5214973,16441,26059,27091,5109,2766159,4342486,32,0,0,0,0
kill60,alloc,32,8192,85,3151331,16290,32531,36959,5200,1514561,2134895,32,0,0,0,0
kill60,alloc,32,8192,86,4305717,19928,28734,31519,5500,1969164,3346378,32,0,0,0,0
kill60,alloc,32,8192,87,3995144,15700,76142,103264,4980,1065128,3094725,32,0,0,0,0
kill60,alloc,32,8192,88,10375462,18625,31209,56626,5500,2408689,8381733,32,0,0,0,0
kill60,alloc,32,8192,89,5912370,20198,35307,35526,5961,2993295,5091902,32,0,0,0,0
kill60,alloc,32,8192,90,2812496,14848,29916,34935,4959,1059658,1762988,32,0,0,0,0
kill60,alloc,32,8192,91,2952187,15920,39965,1522927,5030,1959446,1981958,32,0,0,0,0
kill60,alloc,32,8192,92,3335297,16160,161543,165060,3777,2412155,2442421,32,0,0,0,0
kill60,alloc,32,8192,93,5064180,16912,29195,31308,5190,1693958,1704828,32,0,0,0,0
kill60,alloc,32,8192,94,4520369,19557,2945546,3558345,5631,2595038,2627689,32,0,0,0,0
kill60,alloc,32,8192,95,2452671,19166,36198,41167,5270,1098440,1391971,32,0,0,0,0
kill60,alloc,32,8192,96,7744337,16131,25668,25728,5300,1650686,6691031,32,0,0,0,0
kill60,alloc,32,8192,97,6097578,11432,26399,196889,4870,2857450,4666573,32,0,0,0,0
kill60,alloc,32,8192,98,3791361,14377,26259,30818,5470,2724791,2734800,32,0,0,0,0
kill60,alloc,32,8192,99,4970104,23094,34976,35536,5761,2570682,2581202,32,0,0,0,0
kill60,alloc,128,8192,0,24996289,6663,24777,3001871,3717404,15738463,17837109,128,0,0,0,0
kill60,alloc,128,8192,1,26147589,5671,18014,2995900,4715877,17706955,20755775,128,0,0,0,0
kill60,alloc,128,8192,2,30656046,5330,11812,134783,2562386,19569098,24517431,128,0,0,0,0
kill60,alloc,128,8192,3,33778803,6442,24146,1891959,3930834,20100706,25071349,128,0,0,0,0
kill60,alloc,128,8192,4,34536013,7143,12024145,15031646,3239146,23055378,29062165,128,0,0,0,0
kill60,alloc,128,8192,5,48868699,6993,21320,2989407,3600243,22441096,39560739,128,0,0,0,0
kill60,alloc,128,8192,6,105014068,6062,14748,3016408,5575078,91681157,95568470,128,0,0,0,0
kill60,alloc,128,8192,7,35904821,7794,21731,3960850,3787955,22611535,26627017,128,0,0,0,0
kill60,alloc,128,8192,8,30993428,6693,14517,16751,4721246,22735518,27696974,128,0,0,0,0
kill60,alloc,128,8192,9,36900990,6993,2999827,3014265,4775177,19741271,24707968,128,0,0,0,0
kill60,alloc,128,8192,10,34069188,7233,16341,3013102,4438045,18866510,24715171,128,0,0,0,0
kill60,alloc,128,8192,11,24035476,6883,16911,3002532,4638371,17692518,20742479,128,0,0,0,0
kill60,alloc,128,8192,12,22950741,7143,3012832,5998392,3677358,16719473,19629191,128,0,0,0,0
kill60,alloc,128,8192,13,24616136,7524,15003905,19515297,2766850,17699732,20681805,128,0,0,0,0
kill60,alloc,128,8192,14,46439683,5961,17312,18545,3315259,15946443,30069745,128,0,0,0,0
kill60,alloc,128,8192,15,29936706,6843,16561,25828,3659715,17593533,17635301,128,0,0,0,0
kill60,alloc,128,8192,16,38983016,7114,21760,2990380,3644186,17415829,24628809,128,0,0,0,0
kill60,alloc,128,8192,17,86069812,6953,2995019,3012261,4572788,68681114,74650862,128,0,0,0,0
kill60,alloc,128,8192,18,97923898,7575,2999386,10621213,3568223,27546853,94525634,128,0,0,0,0
kill60,alloc,128,8192,19,30874375,7224,20799,2988797,3557754,16578248,18575183,128,0,0,0,0
kill60,alloc,128,8192,20,19956294,7314,20469,2999667,4676312,14803829,15804847,128,0,0,0,0
kill60,alloc,128,8192,21,26077737,6913,19477,3006189,3791462,14782069,18685581,128,0,0,0,0
kill60,alloc,128,8192,22,29400219,7764,2989557,3002843,3687918,15709358,19738226,128,0,0,0,0
kill60,alloc,128,8192,23,20411940,7894,18555,2000152,3988241,14366889,15281295,128,0,0,0,0
kill60,alloc,128,8192,24,23065286,6131,16130,1002531,3955640,14933994,17870211,128,0,0,0,0
kill60,alloc,128,8192,25,28104359,8536,3004145,3008864,3764842,14797056,22724026,128,0,0,0,0
kill60,alloc,128,8192,26,24844564,7514,21601,3002542,3640469,15615121,19661812,128,0,0,0,0
kill60,alloc,128,8192,27,21953561,7855,24887,3005808,3765733,15843289,16781970,128,0,0,0,0
kill60,alloc,128,8192,28,23055498,7534,3000248,3999122,3835424,14837322,17804979,128,0,0,0,0
kill60,alloc,128,8192,29,27962563,7094,16250,16892,3849831,14780195,19752752,128,0,0,0,0
kill60,alloc,128,8192,30,21102765,7053,21360,3001931,3803795,14782208,17829124,128,0,0,0,0
kill60,alloc,128,8192,31,21837433,6342,21901,3001801,3642202,15229027,17748873,128,0,0,0,0
kill60,alloc,128,8192,32,25123157,7294,23033,3003654,3853819,17892513,21915900,128,0,0,0,0
kill60,alloc,128,8192,33,30978159,7003,15389,2384864,3720439,14770096,15798816,128,0,0,0,0
kill60,alloc,128,8192,34,30922855,8455,20058,3004015,3765283,13810426,17789861,128,0,0,0,0
kill60,alloc,128,8192,35,21072699,8055,20078,2991422,3830044,13735856,17814798,128,0,0,0,0
kill60,alloc,128,8192,36,40986914,7124,1435162,3016439,3685514,18083070,21656293,128,0,0,0,0
kill60,alloc,128,8192,37,26911090,7124,22673,3003734,3761927,17647744,20677708,128,0,0,0,0
kill60,alloc,128,8192,38,27041264,7113,16211,17453,3828962,14721645,21724982,128,0,0,0,0
kill60,alloc,128,8192,39,24024285,7343,16581,2203944,3722944,14718239,16801256,128,0,0,0,0
kill60,alloc,128,8192,40,29989254,6792,2010902,3001961,3724777,14698642,18718012,128,0,0,0,0
kill60,alloc,128,8192,41,26896684,7234,3001560,3005497,3719878,14758965,19736082,128,0,0,0,0
kill60,alloc,128,8192,42,47099270,5851,14598,16091,3767607,16791788,32835424,128,0,0,0,0
kill60,alloc,128,8192,43,52656524,6993,20448,23404,2654469,24048150,29593873,128,0,0,0,0
kill60,alloc,128,8192,44,113357349,8726,100000000,100000000,1871961,100000000,100000000,125,0,3,0,0
kill60,alloc,128,8192,45,25955498,6873,16361,2998715,4621349,20554546,22531876,128,0,0,0,0
kill60,alloc,128,8192,46,37952482,7393,16320,3005678,3678701,18633063,23590191,128,0,0,0,0
kill60,alloc,128,8192,47,25093270,7464,23354,2998835,3731018,19623570,21635855,128,0,0,0,0
kill60,alloc,128,8192,48,42802349,6692,22542,1000607,3548947,18577138,23543383,128,0,0,0,0
kill60,alloc,128,8192,49,23971436,6862,22672,24907,4749089,17741910,20709868,128,0,0,0,0
kill60,alloc,128,8192,50,43096772,8496,2999416,4002979,3797554,17830507,20790640,128,0,0,0,0
kill60,alloc,128,8192,51,31872688,8055,2992764,3002051,3675565,18656827,25647280,128,0,0,0,0
kill60,alloc,128,8192,52,30987667,6472,19417,3001270,4372672,17798958,26832393,128,0,0,0,0
kill60,alloc,128,8192,53,31984768,7273,3001380,3003664,3858268,19783791,25838468,128,0,0,0,0
kill60,alloc,128,8192,54,34591768,6602,20759,3004977,4772221,19755527,27889816,128,0,0,0,0
kill60,alloc,128,8192,55,22528159,7935,26570,1257068,3238245,17342862,19152417,128,0,0,0,0
kill60,alloc,128,8192,56,40743217,7705,23855,3001971,2662314,17618419,20684831,128,0,0,0,0
kill60,alloc,128,8192,57,42091166,6151,19156,25668,4119007,22780472,30879554,128,0,0,0,0
kill60,alloc,128,8192,58,41447748,6683,18595,3002833,2818537,21501072,30713513,128,0,0,0,0
kill60,alloc,128,8192,59,29537246,6772,279244,2989779,3390740,19361699,22322303,128,0,0,0,0
kill60,alloc,128,8192,60,33964672,9417,22892,3009786,3771895,21886806,28863303,128,0,0,0,0
kill60,alloc,128,8192,61,31997491,6553,14547,21320,4837474,22831799,26892606,128,0,0,0,0
kill60,alloc,128,8192,62,74933902,6332,21750,300815,4794214,41822021,71706909,128,0,0,0,0
kill60,alloc,128,8192,63,38038272,5480,14337,14597,3876321,22817942,26814439,128,0,0,0,0
kill60,alloc,128,8192,64,27939449,6011,13886,2991442,4744821,17892763,23836673,128,0,0,0,0
kill60,alloc,128,8192,65,28039667,7494,2999937,3004216,4796898,17126556,21886354,128,0,0,0,0
kill60,alloc,128,8192,66,24093936,8135,18385,3004927,4733399,17815429,20842377,128,0,0,0,0
kill60,alloc,128,8192,67,44884716,8627,2998074,3003264,3723474,18692473,24149701,128,0,0,0,0
kill60,alloc,128,8192,68,32082381,6964,23003,12002053,3847407,17844873,28861339,128,0,0,0,0
kill60,alloc,128,8192,69,24013234,6853,2224072,2989869,3689540,18694137,20761916,128,0,0,0,0
kill60,alloc,128,8192,70,35979250,6382,16010,16802,3669423,16948062,20747348,128,0,0,0,0
kill60,alloc,128,8192,71,21009990,6973,22843,3010748,3695672,15908702,17709420,128,0,0,0,0
kill60,alloc,128,8192,72,32966469,6442,15269,16641,3627214,16397088,22740667,128,0,0,0,0
kill60,alloc,128,8192,73,39974114,6893,16721,3000137,3786161,20734033,29739777,128,0,0,0,0
kill60,alloc,128,8192,74,26044114,7163,2988195,3006380,2742164,16714063,22762248,128,0,0,0,0
kill60,alloc,128,8192,75,33986672,7945,1964555,3998700,2708400,17678892,20715789,128,0,0,0,0
kill60,alloc,128,8192,76,37309356,6763,14567,3009475,3627584,16680880,22651861,128,0,0,0,0
kill60,alloc,128,8192,77,106651748,7094,3000068,4279507,3257881,57382068,90326977,128,0,0,0,0
kill60,alloc,128,8192,78,23934196,7183,20950,3002312,3673882,17685034,20700911,128,0,0,0,0
kill60,alloc,128,8192,79,21012776,7715,32742,3992490,3684050,15795529,17757811,128,0,0,0,0
kill60,alloc,128,8192,80,23029419,7123,3001270,3996918,3691064,16706278,19788189,128,0,0,0,0
kill60,alloc,128,8192,81,33957407,8476,3000338,3004125,3650407,15416328,20745835,128,0,0,0,0
kill60,alloc,128,8192,82,19981191,6943,2988486,3000608,3667299,15754523,16787110,128,0,0,0,0
kill60,alloc,128,8192,83,20914962,7694,26459,1778587,4187314,16762193,17793657,128,0,0,0,0
kill60,alloc,128,8192,84,33052110,7014,20869,3004756,3825666,16837494,17869380,128,0,0,0,0
kill60,alloc,128,8192,85,31986841,6002,23544,25418,3148757,17758080,19679535,128,0,0,0,0
kill60,alloc,128,8192,86,19995688,7414,30638,2998214,3701193,15788065,16712930,128,0,0,0,0
kill60,alloc,128,8192,87,33018557,7594,3000228,3003384,3709378,14795855,17712365,128,0,0,0,0
kill60,alloc,128,8192,88,31906651,7464,2999556,3009726,3666688,14715543,28710225,128,0,0,0,0
kill60,alloc,128,8192,89,30070667,5861,18304,19046,3698928,20706962,26691498,128,0,0,0,0
kill60,alloc,128,8192,90,28828056,7795,17773,3001129,3405288,20478975,24513322,128,0,0,0,0
kill60,alloc,128,8192,91,26895090,6462,18385,3007822,3720199,19678854,23721597,128,0,0,0,0
kill60,alloc,128,8192,92,40980462,6031,14477,3003625,3717904,21839126,25731357,128,0,0,0,0
kill60,alloc,128,8192,93,73736165,6712,16812,2999557,3782535,62576061,70533307,128,0,0,0,0
kill60,alloc,128,8192,94,30179582,125475,12005700,14985189,53070,14928813,18056831,128,0,0,0,0
kill60,alloc,128,8192,95,18927134,7284,3003745,6843096,3430675,13869777,14856067,128,0,0,0,0
kill60,alloc,128,8192,96,19027111,8146,3002432,3006940,3891981,12938270,13920843,128,0,0,0,0
kill60,alloc,128,8192,97,18980564,8706,3008473,3019174,3782395,12830938,14767912,128,0,0,0,0
kill60,alloc,128,8192,98,19016772,9127,3003995,3014695,3181248,12812364,13764269,128,0,0,0,0
kill60,alloc,128,8192,99,27005888,7724,22382,3011298,3841165,14465014,20773397,128,0,0,0,0
kill60,lock,4,8192,0,200977,2605,5140,7625,2935,3055,3165,4,0,0,0,0
kill60,lock,4,8192,1,199204,2986,4018,5190,2765,2915,3176,4,0,0,0,0
kill60,lock,4,8192,2,195096,3566,4418,5961,2715,3287,3778,4,0,0,0,0
kill60,lock,4,8192,3,198061,9628,14778,16371,2755,2916,3667,4,0,0,0,0
kill60,lock,4,8192,4,198853,14026,18094,20298,2484,2595,2896,4,0,0,0,0
kill60,lock,4,8192,5,191640,5450,10129,10510,2956,3056,3396,4,0,0,0,0
kill60,lock,4,8192,6,194455,2725,6262,6422,2846,2976,3116,4,0,0,0,0
kill60,lock,4,8192,7,195697,3927,6733,9669,2655,2795,3436,4,0,0,0,0
kill60,lock,4,8192,8,198493,8566,11953,12663,2655,2795,3166,4,0,0,0,0
kill60,lock,4,8192,9,195537,5691,8596,10761,2625,2705,3456,4,0,0,0,0
kill60,lock,4,8192,10,199765,3196,4409,5490,2545,3166,3286,4,0,0,0,0
kill60,lock,4,8192,11,198813,3456,4408,5410,2665,2925,2996,4,0,0,0,0
kill60,lock,4,8192,12,190727,4148,9036,9758,2544,2615,2965,4,0,0,0,0
kill60,lock,4,8192,13,199073,3887,4829,6292,2685,2886,3607,4,0,0,0,0
kill60,lock,4,8192,14,199143,3497,4849,5671,2455,2675,3276,4,0,0,0,0
kill60,lock,4,8192,15,198393,3346,4488,5711,2825,2986,3346,4,0,0,0,0
kill60,lock,4,8192,16,193794,3066,4068,5179,2454,2695,2845,4,0,0,0,0
kill60,lock,4,8192,17,200215,3236,5089,6342,3176,3467,3687,4,0,0,0,0
kill60,lock,4,8192,18,197711,4088,4409,8336,2284,2314,2535,4,0,0,0,0
kill60,lock,4,8192,19,198111,3346,4448,5320,2444,2545,2896,4,0,0,0,0
kill60,lock,4,8192,20,198873,2935,4168,5210,2645,2865,2885,4,0,0,0,0
kill60,lock,4,8192,21,198473,2705,3787,4989,2365,2394,2915,4,0,0,0,0
kill60,lock,4,8192,22,197390,3025,4559,5190,2284,2736,2855,4,0,0,0,0
kill60,lock,4,8192,23,202510,3597,4929,5660,2505,2995,3086,4,0,0,0,0
kill60,lock,4,8192,24,190708,2806,3998,5570,2575,3055,3196,4,0,0,0,0
kill60,lock,4,8192,25,200005,5841,8907,9658,3105,3106,3196,4,0,0,0,0
kill60,lock,4,8192,26,197320,3247,3967,6041,2605,3065,3236,4,0,0,0,0
kill60,lock,4,8192,27,190929,3246,3918,5560,2985,3015,3236,4,0,0,0,0
kill60,lock,4,8192,28,198863,3807,5009,6092,2695,2705,3116,4,0,0,0,0
kill60,lock,4,8192,29,166062,2855,3817,4909,2835,2855,3026,4,0,0,0,0
kill60,lock,4,8192,30,225624,3747,4628,5891,2906,3056,3497,4,0,0,0,0
kill60,lock,4,8192,31,196739,3006,4599,5591,2585,2825,3326,4,0,0,0,0
kill60,lock,4,8192,32,200165,3156,4529,5981,2895,2966,3086,4,0,0,0,0
kill60,lock,4,8192,33,195116,3817,4889,5831,2615,2866,3657,4,0,0,0,0
kill60,lock,4,8192,34,165310,2986,4569,5560,2565,2845,3276,4,0,0,0,0
kill60,lock,4,8192,35,200346,3346,4609,4829,2956,3326,3477,4,0,0,0,0
kill60,lock,4,8192,36,201828,3146,4669,6071,2936,3456,3577,4,0,0,0,0
kill60,lock,4,8192,37,201288,3767,4859,5611,2685,2685,3236,4,0,0,0,0
kill60,lock,4,8192,38,199494,3547,4789,5881,2735,2945,3306,4,0,0,0,0
kill60,lock,4,8192,39,193192,3497,4218,5069,2675,3106,3116,4,0,0,0,0
kill60,lock,4,8192,40,200917,4919,12082,12463,3026,3276,3416,4,0,0,0,0
kill60,lock,4,8192,41,199755,3186,4248,5400,2795,2956,3085,4,0,0,0,0
kill60,lock,4,8192,42,194414,2735,4268,5340,2375,2634,3006,4,0,0,0,0
kill60,lock,4,8192,43,198622,2505,5590,5891,2294,2374,2735,4,0,0,0,0
kill60,lock,4,8192,44,206076,2996,4298,5841,2855,3016,3226,4,0,0,0,0
kill60,lock,4,8192,45,199664,2915,4158,5140,2806,3056,3106,4,0,0,0,0
kill60,lock,4,8192,46,198913,2986,4168,5209,2736,2826,2925,4,0,0,0,0
kill60,lock,4,8192,47,190427,4037,4388,5340,2485,2585,3226,4,0,0,0,0
kill60,lock,4,8192,48,194184,3026,3737,5059,2615,2795,2955,4,0,0,0,0
kill60,lock,4,8192,49,208130,3277,4619,5520,2936,2965,3276,4,0,0,0,0
kill60,lock,4,8192,50,196909,4338,4829,6683,2825,3226,4138,4,0,0,0,0
kill60,lock,4,8192,51,195035,2926,4609,5461,3015,3066,3186,4,0,0,0,0
kill60,lock,4,8192,52,198522,3337,4358,5370,2585,2925,3256,4,0,0,0,0
kill60,lock,4,8192,53,198072,2925,3637,4639,2425,2515,2675,4,0,0,0,0
kill60,lock,4,8192,54,204334,3466,4598,5871,2505,2716,3336,4,0,0,0,0
kill60,lock,4,8192,55,199124,3206,4568,5199,3106,3116,3647,4,0,0,0,0
kill60,lock,4,8192,56,198042,3486,4579,5561,2665,2876,3016,4,0,0,0,0
kill60,lock,4,8192,57,198813,3086,4438,5200,2735,2785,2805,4,0,0,0,0
kill60,lock,4,8192,58,198152,2404,4128,5220,2505,2735,4008,4,0,0,0,0
kill60,lock,4,8192,59,204033,3135,5300,5320,2654,2735,3176,4,0,0,0,0
kill60,lock,4,8192,60,196458,5250,10109,11251,2926,3036,3627,4,0,0,0,0
kill60,lock,4,8192,61,195327,3877,4759,5541,2735,2775,3176,4,0,0,0,0
kill60,lock,4,8192,62,198573,3146,4479,5430,2434,2875,3126,4,0,0,0,0
kill60,lock,4,8192,63,199073,2875,4168,4959,2415,2475,2765,4,0,0,0,0
kill60,lock,4,8192,64,301826,3216,4338,5330,2826,2866,2946,4,0,0,0,0
kill60,lock,4,8192,65,215034,2635,3527,4027,2064,2295,3367,4,0,0,0,0
kill60,lock,4,8192,66,200106,2906,3085,3166,1674,1723,1884,4,0,0,0,0
kill60,lock,4,8192,67,193593,2414,5110,5591,1724,1793,1833,4,0,0,0,0
kill60,lock,4,8192,68,191729,2154,2304,3066,1633,1693,1823,4,0,0,0,0
kill60,lock,4,8192,69,193693,2414,2755,2876,1623,1683,1823,4,0,0,0,0
kill60,lock,4,8192,70,196298,2474,3095,3166,1683,1774,2044,4,0,0,0,0
kill60,lock,4,8192,71,195717,2315,2665,3096,1663,1694,1824,4,0,0,0,0
kill60,lock,4,8192,72,186470,2344,2825,3086,1663,1674,1813,4,0,0,0,0
kill60,lock,4,8192,73,191199,2574,2595,3066,1623,1653,1773,4,0,0,0,0
kill60,lock,4,8192,74,195757,2554,2855,3226,1623,1633,1913,4,0,0,0,0
kill60,lock,4,8192,75,272050,2355,2695,3026,1663,1683,1983,4,0,0,0,0
kill60,lock,4,8192,76,271729,2415,2896,3426,1903,1913,2585,4,0,0,0,0
kill60,lock,4,8192,77,204092,2434,3146,3376,1814,2124,2735,4,0,0,0,0
kill60,lock,4,8192,78,199855,2515,4038,4359,1663,1693,1853,4,0,0,0,0
kill60,lock,4,8192,79,206227,2455,3276,4448,1743,1993,2134,4,0,0,0,0
kill60,lock,4,8192,80,191098,2385,3376,3426,1713,1914,2114,4,0,0,0,0
kill60,lock,4,8192,81,195757,2534,2916,3216,1603,1653,1974,4,0,0,0,0
kill60,lock,4,8192,82,195287,2415,2985,3367,1624,1743,1963,4,0,0,0,0
kill60,lock,4,8192,83,197501,2685,3657,3958,1913,2024,2144,4,0,0,0,0
kill60,lock,4,8192,84,196408,2755,5029,8126,1713,1723,2004,4,0,0,0,0
kill60,lock,4,8192,85,190848,2896,3076,3646,1653,1693,2074,4,0,0,0,0
kill60,lock,4,8192,86,190317,2675,3637,4028,1653,1673,2054,4,0,0,0,0
kill60,lock,4,8192,87,190488,2415,2755,3066,1663,1804,1924,4,0,0,0,0
kill60,lock,4,8192,88,205786,2454,2775,3056,1623,1633,1793,4,0,0,0,0
kill60,lock,4,8192,89,194925,2355,2735,3156,1653,1753,1873,4,0,0,0,0
kill60,lock,4,8192,90,190206,2335,2364,3076,1643,1653,1783,4,0,0,0,0
kill60,lock,4,8192,91,187592,5340,9277,10028,1733,1734,1753,4,0,0,0,0
kill60,lock,4,8192,92,194705,2625,3437,3636,1673,1673,1844,4,0,0,0,0
kill60,lock,4,8192,93,287469,3196,3196,3767,1854,1954,2014,4,0,0,0,0
kill60,lock,4,8192,94,211426,3246,3246,3677,2174,2254,2515,4,0,0,0,0
kill60,lock,4,8192,95,239109,2755,3366,3376,1994,2094,2094,4,0,0,0,0
kill60,lock,4,8192,96,200346,2705,4047,5320,2504,2936,3086,4,0,0,0,0
kill60,lock,4,8192,97,194444,2785,4177,4749,2625,2645,2796,4,0,0,0,0
kill60,lock,4,8192,98,217728,2715,3868,4369,2294,2564,2565,4,0,0,0,0
kill60,lock,4,8192,99,201698,2825,6072,6542,3186,3206,3226,4,0,0,0,0
kill60,lock,32,8192,0,1444149,44063,55875,56486,7905,70011,74389,32,0,0,0,0
kill60,lock,32,8192,1,1426496,37420,53771,72516,6582,60624,60824,32,0,0,0,0
kill60,lock,32,8192,2,1398834,36168,48772,88005,7434,49523,63789,32,0,0,0,0
kill60,lock,32,8192,3,1407741,39684,51536,52499,7404,39374,41308,32,0,0,0,0
kill60,lock,32,8192,4,1571899,37911,54052,62747,6342,58920,68428,32,0,0,0,0
kill60,lock,32,8192,5,1437927,36037,48701,50364,7203,53340,100709,32,0,0,0,0
kill60,lock,32,8192,6,1370331,37801,55344,57107,6793,48140,330911,32,0,0,0,0
kill60,lock,32,8192,7,1409293,37981,52007,53130,7164,65493,88636,32,0,0,0,0
kill60,lock,32,8192,8,1463184,45245,57919,108133,7935,26299,37219,32,0,0,0,0
kill60,lock,32,8192,9,1402030,46237,60063,60083,7103,76513,80341,32,0,0,0,0
kill60,lock,32,8192,10,1714085,34876,49924,407013,7043,52378,368300,32,0,0,0,0
kill60,lock,32,8192,11,1407200,35287,44854,45445,7234,58600,80911,32,0,0,0,0
kill60,lock,32,8192,12,1358328,35887,52017,59060,7414,56766,84408,32,0,0,0,0
kill60,lock,32,8192,13,1402130,34315,51327,51386,6773,69070,73448,32,0,0,0,0
kill60,lock,32,8192,14,1410416,35126,48110,48191,7334,47399,55344,32,0,0,0,0
kill60,lock,32,8192,15,2308460,35196,47619,50084,7024,81323,937970,32,0,0,0,0
kill60,lock,32,8192,16,1386601,42911,63799,92884,8556,68338,71033,32,0,0,0,0
kill60,lock,32,8192,17,1399656,33943,44363,76814,6893,52759,91572,32,0,0,0,0
kill60,lock,32,8192,18,1400046,31579,95910,113362,6131,47649,53991,32,0,0,0,0
kill60,lock,32,8192,19,1381011,38292,75692,114675,6632,38572,42069,32,0,0,0,0
kill60,lock,32,8192,20,1470549,41839,133119,144041,7474,102522,104396,32,0,0,0,0
kill60,lock,32,8192,21,1902749,29896,46888,50234,7084,82384,576241,32,0,0,0,0
kill60,lock,32,8192,22,3022720,29205,42079,43011,7755,734227,1650426,32,0,0,0,0
kill60,lock,32,8192,23,1410606,37491,62788,86141,7383,54683,58089,32,0,0,0,0
kill60,lock,32,8192,24,1384567,37761,49383,108243,7163,55033,57258,32,0,0,0,0
kill60,lock,32,8192,25,1354310,37450,88596,96180,6672,67076,85360,32,0,0,0,0
kill60,lock,32,8192,26,2514467,23675,36268,113884,7194,689443,1211242,32,0,0,0,0
kill60,lock,32,8192,27,1323603,30648,49032,50194,7354,87324,93986,32,0,0,0,0
kill60,lock,32,8192,28,1642251,37901,53741,57527,7615,38582,43110,32,0,0,0,0
kill60,lock,32,8192,29,1399185,39484,56897,76854,7905,44043,58891,32,0,0,0,0
kill60,lock,32,8192,30,1680292,33112,44474,45385,6302,32241,92524,32,0,0,0,0
kill60,lock,32,8192,31,2359446,39153,54402,103164,7344,36438,44834,32,0,0,0,0
kill60,lock,32,8192,32,2704633,38953,48871,49142,7504,26951,29535,32,0,0,0,0
kill60,lock,32,8192,33,1366954,43261,64551,99096,6933,30688,63189,32,0,0,0,0
kill60,lock,32,8192,34,1321458,36208,79019,124544,8035,80551,163607,32,0,0,0,0
kill60,lock,32,8192,35,1983571,27351,41739,70663,7494,419727,427592,32,0,0,0,0
kill60,lock,32,8192,36,1327620,33793,46096,50706,7424,84699,111559,32,0,0,0,0
kill60,lock,32,8192,37,1320347,33313,48341,89869,7604,67837,74951,32,0,0,0,0
kill60,lock,32,8192,38,1316199,37180,50074,84709,6021,68489,123571,32,0,0,0,0
kill60,lock,32,8192,39,1291463,38051,76073,80451,6853,71244,98886,32,0,0,0,0
kill60,lock,32,8192,40,1309887,32181,46848,66375,6603,53992,88415,32,0,0,0,0
kill60,lock,32,8192,41,1305719,42389,58369,111489,8295,95529,96862,32,0,0,0,0
kill60,lock,32,8192,42,2369094,26439,46197,58750,6522,43101,49072,32,0,0,0,0
kill60,lock,32,8192,43,1334202,34054,51406,111169,6262,38563,42018,32,0,0,0,0
kill60,lock,32,8192,44,1305128,34425,49633,113643,7193,43622,56516,32,0,0,0,0
kill60,lock,32,8192,45,1458836,31469,41417,74620,7284,82394,107541,32,0,0,0,0
kill60,lock,32,8192,46,1310839,42961,100198,100819,6272,61546,68348,32,0,0,0,0
kill60,lock,32,8192,47,1376492,37140,50194,51045,7344,46357,53991,32,0,0,0,0
kill60,lock,32,8192,48,1419092,41278,64170,78447,8246,32210,46327,32,0,0,0,0
kill60,lock,32,8192,49,1382123,38723,47720,58630,7043,32321,49984,32,0,0,0,0
kill60,lock,32,8192,50,1556901,38202,51287,56095,7444,38663,219061,32,0,0,0,0
kill60,lock,32,8192,51,1399034,37179,51777,52699,6963,66274,74209,32,0,0,0,0
kill60,lock,32,8192,52,1383184,37571,58340,106169,6853,60002,77986,32,0,0,0,0
kill60,lock,32,8192,53,1402360,37220,55074,55134,7094,75762,79198,32,0,0,0,0
kill60,lock,32,8192,54,1360252,41568,68939,75421,5962,47389,63539,32,0,0,0,0
kill60,lock,32,8192,55,1410676,42409,100689,124624,6903,40656,44995,32,0,0,0,0
kill60,lock,32,8192,56,1433108,42039,55514,57298,7134,42209,46217,32,0,0,0,0
kill60,lock,32,8192,57,1468635,39214,59923,63720,7965,67566,178655,32,0,0,0,0
kill60,lock,32,8192,58,1411908,42190,56586,59732,7124,70872,87484,32,0,0,0,0
kill60,lock,32,8192,59,1459968,33763,48952,82155,6933,51496,89057,32,0,0,0,0
kill60,lock,32,8192,60,3290883,37971,52649,55645,7394,67206,1937765,32,0,0,0,0
kill60,lock,32,8192,61,1889154,34515,47169,47770,6472,64031,641052,32,0,0,0,0
kill60,lock,32,8192,62,2093757,38592,62898,74029,6732,21901,711264,32,0,0,0,0
kill60,lock,32,8192,63,1528778,35045,51998,55694,7414,37360,98525,32,0,0,0,0
kill60,lock,32,8192,64,1431165,33573,43402,45766,6632,31689,55615,32,0,0,0,0
kill60,lock,32,8192,65,1497559,38312,48581,53370,7874,47229,62717,32,0,0,0,0
kill60,lock,32,8192,66,1466822,36068,48772,49583,6803,34855,71514,32,0,0,0,0
kill60,lock,32,8192,67,1405676,34234,45265,46678,7314,45696,58239,32,0,0,0,0
kill60,lock,32,8192,68,1400787,37821,49984,50635,6672,53280,60944,32,0,0,0,0
kill60,lock,32,8192,69,1389767,38612,52318,87223,7044,22933,26330,32,0,0,0,0
kill60,lock,32,8192,70,1452615,34886,47609,49844,6732,60955,88416,32,0,0,0,0
kill60,lock,32,8192,71,1380569,41097,54583,57939,7074,35516,58530,32,0,0,0,0
kill60,lock,32,8192,72,1380029,36839,44794,46177,7514,33122,63639,32,0,0,0,0
kill60,lock,32,8192,73,1437777,38051,52599,98244,6913,25237,30377,32,0,0,0,0
kill60,lock,32,8192,74,1503280,43351,51888,57668,7364,35136,64761,32,0,0,0,0
kill60,lock,32,8192,75,1590343,37911,87434,87865,6602,85981,216546,32,0,0,0,0
kill60,lock,32,8192,76,1395478,44463,79068,102432,6923,102984,109776,32,0,0,0,0
kill60,lock,32,8192,77,1406549,38161,57227,91572,7324,20117,74991,32,0,0,0,0
kill60,lock,32,8192,78,1479235,33683,46728,83126,7484,59361,67988,32,0,0,0,0
kill60,lock,32,8192,79,1448808,35737,56577,100548,6943,84809,89528,32,0,0,0,0
kill60,lock,32,8192,80,1591034,38783,88245,94497,5931,41758,336942,32,0,0,0,0
kill60,lock,32,8192,81,1364039,37490,47119,47840,6523,62908,76824,32,0,0,0,0
kill60,lock,32,8192,82,1523138,40165,56375,104596,6853,71043,247655,32,0,0,0,0
kill60,lock,32,8192,83,1823611,37089,51046,51837,7143,449904,519865,32,0,0,0,0
kill60,lock,32,8192,84,1393735,40617,50564,52940,7674,65933,93525,32,0,0,0,0
kill60,lock,32,8192,85,2186431,28173,46698,47078,6813,299511,741421,32,0,0,0,0
kill60,lock,32,8192,86,1398113,37350,59732,60403,6923,96551,99868,32,0,0,0,0
kill60,lock,32,8192,87,1372024,36860,76814,100218,6582,84108,92924,32,0,0,0,0
kill60,lock,32,8192,88,1361655,39915,52668,58720,7724,37780,86753,32,0,0,0,0
kill60,lock,32,8192,89,1352978,38993,46206,46247,7404,80050,93606,32,0,0,0,0
kill60,lock,32,8192,90,1364630,35967,52027,74910,6593,48611,92965,32,0,0,0,0
kill60,lock,32,8192,91,1372314,34294,51266,75171,7224,93826,108313,32,0,0,0,0
kill60,lock,32,8192,92,1353760,31770,50344,51988,7464,68478,89739,32,0,0,0,0
kill60,lock,32,8192,93,2277512,32852,73358,85671,7724,63960,863290,32,0,0,0,0
kill60,lock,32,8192,94,1418010,39945,52338,131066,7504,48421,51606,32,0,0,0,0
kill60,lock,32,8192,95,1414954,40706,57257,67807,7364,51417,52809,32,0,0,0,0
kill60,lock,32,8192,96,1386241,37300,50154,56767,7283,64060,91131,32,0,0,0,0
kill60,lock,32,8192,97,1536953,38723,54752,54873,7233,32261,50405,32,0,0,0,0
kill60,lock,32,8192,98,1452034,41538,49774,52979,7153,43692,72827,32,0,0,0,0
kill60,lock,32,8192,99,1448917,35837,45886,46797,8215,40105,76042,32,0,0,0,0
kill60,lock,128,8192,0,7065013,26821,251873,321483,43211,933201,1692915,128,0,0,0,0
kill60,lock,128,8192,1,12320581,31258,786435,957336,51356,1754130,2719762,128,0,0,0,0
kill60,lock,128,8192,2,13669792,43682,2752152,2989578,33824,299081,312155,128,0,0,0,0
kill60,lock,128,8192,3,13221371,45385,301525,359805,65002,399028,1959335,128,0,0,0,0
kill60,lock,128,8192,4,16801506,45305,1601344,1729725,49162,1525631,1644294,128,0,0,0,0
kill60,lock,128,8192,5,8948045,7504,234149,274875,33031,262642,1336847,128,0,0,0,0
kill60,lock,128,8192,6,10442368,35567,266089,359825,52698,450184,2117852,128,0,0,0,0
kill60,lock,128,8192,7,6780008,38312,219752,347743,61525,263905,1124179,128,0,0,0,0
kill60,lock,128,8192,8,14577515,23524,837521,1041935,40276,1111725,2037051,128,0,0,0,0
kill60,lock,128,8192,9,15048649,45806,251121,297228,61104,275687,360947,128,0,0,0,0
kill60,lock,128,8192,10,6801699,52268,772158,788339,48821,1612625,1795357,128,0,0,0,0
kill60,lock,128,8192,11,19181962,28744,160091,4520469,44032,342612,1574924,128,0,0,0,0
kill60,lock,128,8192,12,19540604,28263,297408,2294895,49262,976562,1748219,128,0,0,0,0
kill60,lock,128,8192,13,15614560,40476,225262,436299,60514,332644,397166,128,0,0,0,0
kill60,lock,128,8192,14,21704724,45956,261491,797366,39434,277701,391664,128,0,0,0,0
kill60,lock,128,8192,15,15128889,38873,252574,268594,58860,1928077,2111632,128,0,0,0,0
kill60,lock,128,8192,16,14700776,55474,1349752,1371233,28333,202109,431469,128,0,0,0,0
kill60,lock,128,8192,17,13148955,46687,331322,350808,56436,1358559,1414914,128,0,0,0,0
kill60,lock,128,8192,18,16518415,50344,202109,212839,50776,299451,337864,128,0,0,0,0
kill60,lock,128,8192,19,12761488,44534,209373,233348,45044,293741,327504,128,0,0,0,0
kill60,lock,128,8192,20,20489775,36369,165942,204814,45405,267392,1168502,128,0,0,0,0
kill60,lock,128,8192,21,7090651,53921,573947,873389,37691,222036,311875,128,0,0,0,0
kill60,lock,128,8192,22,10027961,51046,279033,407996,43181,1297694,3903422,128,0,0,0,0
kill60,lock,128,8192,23,17036547,14116,106871,113523,25618,158237,1013301,128,0,0,0,0
kill60,lock,128,8192,24,14851498,48692,287339,381265,51397,307206,447008,128,0,0,0,0
kill60,lock,128,8192,25,11415494,34394,1165125,1208166,52428,300674,445456,128,0,0,0,0
kill60,lock,128,8192,26,11294496,45886,228228,1002280,55084,351259,923743,128,0,0,0,0
kill60,lock,128,8192,27,19338445,47148,1551530,1594221,21380,275276,294172,128,0,0,0,0
kill60,lock,128,8192,28,10434153,28895,226585,253505,41858,306474,488587,128,0,0,0,0
kill60,lock,128,8192,29,17425126,38071,917822,1116254,49824,344937,443763,128,0,0,0,0
kill60,lock,128,8192,30,12746379,51226,185077,278602,65022,371497,873689,128,0,0,0,0
kill60,lock,128,8192,31,14401835,21981,179216,329538,39174,286938,811913,128,0,0,0,0
kill60,lock,128,8192,32,16950596,48221,272852,1495966,53290,426179,2244901,128,0,0,0,0
kill60,lock,128,8192,33,6574051,45937,232366,312315,58650,340749,342783,128,0,0,0,0
kill60,lock,128,8192,34,11135899,45515,248747,306024,46737,929864,1005076,128,0,0,0,0
kill60,lock,128,8192,35,12591379,52499,735951,1616602,54181,232155,254598,128,0,0,0,0
kill60,lock,128,8192,36,6173030,46157,185398,588704,57397,327564,360436,128,0,0,0,0
kill60,lock,128,8192,37,15513730,7614,562905,1655796,38382,488035,806062,128,0,0,0,0
kill60,lock,128,8192,38,11522304,48390,223830,365376,43963,299061,869841,128,0,0,0,0
kill60,lock,128,8192,39,9728028,49653,190467,247143,51026,333215,362631,128,0,0,0,0
kill60,lock,128,8192,40,9520268,38582,118552,221546,42550,420358,470603,128,0,0,0,0
kill60,lock,128,8192,41,10060552,41908,148178,187512,30567,267792,473208,128,0,0,0,0
kill60,lock,128,8192,42,12354705,44263,158147,191650,48330,375445,846718,128,0,0,0,0
kill60,lock,128,8192,43,13539207,51367,267582,340038,49613,386906,592572,128,0,0,0,0
kill60,lock,128,8192,44,13142202,44593,190497,208230,42300,235602,409778,128,0,0,0,0
kill60,lock,128,8192,45,21209114,39885,188945,194335,49493,360436,451507,128,0,0,0,0
kill60,lock,128,8192,46,10633897,39794,174978,271308,52048,362941,506791,128,0,0,0,0
kill60,lock,128,8192,47,11575514,33914,179447,199915,38492,258335,3071382,128,0,0,0,0
kill60,lock,128,8192,48,10126245,54512,211006,284263,29625,437661,671700,128,0,0,0,0
kill60,lock,128,8192,49,10592048,45315,236274,349335,38522,251552,277060,128,0,0,0,0
kill60,lock,128,8192,50,13361624,43732,191068,210405,49233,328496,400050,128,0,0,0,0
kill60,lock,128,8192,51,14077847,45155,247996,282179,47780,249207,424496,128,0,0,0,0
kill60,lock,128,8192,52,14022844,45305,208381,282691,41358,370926,384621,128,0,0,0,0
kill60,lock,128,8192,53,7125496,42019,165500,326072,51326,2199095,2383811,128,0,0,0,0
kill60,lock,128,8192,54,5265006,36058,151825,204373,39304,234650,364043,128,0,0,0,0
kill60,lock,128,8192,55,5319488,46817,254778,294482,48892,198643,249138,128,0,0,0,0
kill60,lock,128,8192,56,7316995,46528,294553,301446,64381,534473,2317668,128,0,0,0,0
kill60,lock,128,8192,57,6153202,45606,210054,267732,51417,391124,1379307,128,0,0,0,0
kill60,lock,128,8192,58,5303979,41478,248516,292528,64020,277691,360817,128,0,0,0,0
kill60,lock,128,8192,59,7150413,18064,243577,426731,39434,779963,907873,128,0,0,0,0
kill60,lock,128,8192,60,8377965,38422,757381,875201,68388,735309,1345604,128,0,0,0,0
kill60,lock,128,8192,61,6477120,52338,658956,1066220,41187,286367,329708,128,0,0,0,0
kill60,lock,128,8192,62,8786832,31439,319349,706876,47199,345388,988915,128,0,0,0,0
kill60,lock,128,8192,63,8150138,49693,779522,996109,40326,298641,410029,128,0,0,0,0
kill60,lock,128,8192,64,10480460,40897,824637,1604539,59341,909836,1249434,128,0,0,0,0
kill60,lock,128,8192,65,6088230,45756,834315,1011778,41798,301515,361438,128,0,0,0,0
kill60,lock,128,8192,66,9642227,13285,206688,345879,42750,406052,702227,128,0,0,0,0
kill60,lock,128,8192,67,8047024,52708,1248742,1316830,40476,286097,339356,128,0,0,0,0
kill60,lock,128,8192,68,7017333,55474,461345,574899,61665,360426,459542,128,0,0,0,0
kill60,lock,128,8192,69,8171588,47889,1802441,1828249,27812,195768,320100,128,0,0,0,0
kill60,lock,128,8192,70,14533331,42460,188313,306014,61506,280977,566282,128,0,0,0,0
kill60,lock,128,8192,71,13580034,44934,213871,291026,57909,729769,888336,128,0,0,0,0
kill60,lock,128,8192,72,8474036,33884,273503,334067,44233,355206,369673,128,0,0,0,0
kill60,lock,128,8192,73,11912675,37190,103343,255800,52118,329698,406082,128,0,0,0,0
kill60,lock,128,8192,74,12658034,16211,81774,201488,48971,390152,3308706,128,0,0,0,0
kill60,lock,128,8192,75,14698120,22021,202991,291617,54422,812284,1713955,128,0,0,0,0
kill60,lock,128,8192,76,6949245,36428,178034,331211,58820,332583,471144,128,0,0,0,0
kill60,lock,128,8192,77,5440776,38702,241954,326934,47770,386625,604344,128,0,0,0,0
kill60,lock,128,8192,78,5671879,38873,161884,209623,47940,297398,408847,128,0,0,0,0
kill60,lock,128,8192,79,16284797,21059,200356,244870,50956,244759,1049078,128,0,0,0,0
kill60,lock,128,8192,80,5232124,52038,236854,253325,66735,371617,481574,128,0,0,0,0
kill60,lock,128,8192,81,8414484,220945,2202922,3530252,27893,278573,385744,128,0,0,0,0
kill60,lock,128,8192,82,6947532,41718,325130,381746,69992,2003258,2172956,128,0,0,0,0
kill60,lock,128,8192,83,5160330,43281,315272,366397,62708,351510,373581,128,0,0,0,0
kill60,lock,128,8192,84,5157064,38212,147667,208100,59742,387998,413386,128,0,0,0,0
kill60,lock,128,8192,85,5294762,37781,311424,518042,47750,318257,495098,128,0,0,0,0
kill60,lock,128,8192,86,5594665,39784,321844,566002,65402,378921,428344,128,0,0,0,0
kill60,lock,128,8192,87,12376666,27622,610896,668634,51617,843553,1951972,128,0,0,0,0
kill60,lock,128,8192,88,5285264,41879,238177,254367,80942,312756,392587,128,0,0,0,0
kill60,lock,128,8192,89,8535110,31719,354675,380824,76294,457629,3391522,128,0,0,0,0
kill60,lock,128,8192,90,6117075,112532,1141722,1308394,62217,425668,995107,128,0,0,0,0
kill60,lock,128,8192,91,6353828,37020,877376,1472331,56917,430477,557716,128,0,0,0,0
kill60,lock,128,8192,92,6261786,43752,236013,360245,63258,308739,435537,128,0,0,0,0
kill60,lock,128,8192,93,8898893,45405,1351736,1514952,37841,302057,396013,128,0,0,0,0
kill60,lock,128,8192,94,13477031,16141,223209,316904,39024,1598970,3197709,128,0,0,0,0
kill60,lock,128,8192,95,11274549,40726,192100,433484,51987,331101,561924,128,0,0,0,0
kill60,lock,128,8192,96,11659982,43993,216326,308199,51797,290916,347341,128,0,0,0,0
kill60,lock,128,8192,97,10703979,54312,1006128,1150469,49743,280195,352671,128,0,0,0,0
kill60,lock,128,8192,98,14501341,44093,6489132,6625858,33112,286427,335239,128,0,0,0,0
kill60,lock,128,8192,99,11570614,45927,3543457,3725258,24556,1158273,1995914,128,0,0,0,0
kill60,dlopen,4,8192,0,206016,15229,15619,16772,1793,2113,3146,4,0,0,0,0
kill60,dlopen,4,8192,1,203562,14477,16461,16691,1713,1934,2905,4,0,0,0,0
kill60,dlopen,4,8192,2,214192,3306,3887,9016,1884,3006,3527,4,0,0,0,0
kill60,dlopen,4,8192,3,205856,4178,5160,8826,1904,2284,2455,4,0,0,0,0
kill60,dlopen,4,8192,4,202921,4118,4559,8867,1993,2645,3246,4,0,0,0,0
kill60,dlopen,4,8192,5,203272,4358,4538,8977,1793,2736,2806,4,0,0,0,0
kill60,dlopen,4,8192,6,148138,4077,4638,8636,1723,2415,3487,4,0,0,0,0
kill60,dlopen,4,8192,7,209332,7183,9828,10660,1783,2645,3627,4,0,0,0,0
kill60,dlopen,4,8192,8,230011,4639,5159,8806,1753,2635,3417,4,0,0,0,0
kill60,dlopen,4,8192,9,230492,3196,4087,5290,1733,2104,4859,4,0,0,0,0
kill60,dlopen,4,8192,10,199404,4459,5049,15729,1653,2004,5370,4,0,0,0,0
kill60,dlopen,4,8192,11,235903,3577,3947,8736,1643,2755,2845,4,0,0,0,0
kill60,dlopen,4,8192,12,223920,3256,3656,3977,1683,1994,4479,4,0,0,0,0
kill60,dlopen,4,8192,13,198983,5370,6812,6913,1674,1924,8435,4,0,0,0,0
kill60,dlopen,4,8192,14,190798,3316,3527,11812,1663,2334,16912,4,0,0,0,0
kill60,dlopen,4,8192,15,194325,3196,4288,9678,1633,2044,8206,4,0,0,0,0
kill60,dlopen,4,8192,16,194104,4158,5130,9899,1653,1933,6522,4,0,0,0,0
kill60,dlopen,4,8192,17,168395,4739,5621,9498,2073,2485,4879,4,0,0,0,0
kill60,dlopen,4,8192,18,196709,4909,4960,7805,2495,2505,2855,4,0,0,0,0
kill60,dlopen,4,8192,19,202720,4549,4859,8546,1724,2745,3807,4,0,0,0,0
kill60,dlopen,4,8192,20,202810,3917,3957,8536,1743,2445,3677,4,0,0,0,0
kill60,dlopen,4,8192,21,202109,3877,4409,8426,1753,2615,3036,4,0,0,0,0
kill60,dlopen,4,8192,22,227606,4067,4518,8546,1723,2495,3287,4,0,0,0,0
kill60,dlopen,4,8192,23,206187,3556,3647,3817,1803,1924,4558,4,0,0,0,0
kill60,dlopen,4,8192,24,204574,3477,4248,8586,1683,2896,3487,4,0,0,0,0
kill60,dlopen,4,8192,25,205184,3406,4017,8827,1763,2655,2946,4,0,0,0,0
kill60,dlopen,4,8192,26,202199,16150,16641,20158,1774,1883,2515,4,0,0,0,0
kill60,dlopen,4,8192,27,203461,3426,3808,8827,1814,2695,3817,4,0,0,0,0
kill60,dlopen,4,8192,28,202700,4418,4469,8687,1764,2594,3596,4,0,0,0,0
kill60,dlopen,4,8192,29,203682,3166,4088,8586,1714,2895,3647,4,0,0,0,0
kill60,dlopen,4,8192,30,203703,4328,5300,8797,1753,2625,2745,4,0,0,0,0
kill60,dlopen,4,8192,31,202240,4348,4609,8576,1743,2595,3287,4,0,0,0,0
kill60,dlopen,4,8192,32,203742,5391,5440,8506,1663,2515,3416,4,0,0,0,0
kill60,dlopen,4,8192,33,203752,3577,3757,8516,1673,2735,2915,4,0,0,0,0
kill60,dlopen,4,8192,34,202459,3496,4739,8226,1764,2484,3226,4,0,0,0,0
kill60,dlopen,4,8192,35,202931,3466,4338,8586,1763,2555,3126,4,0,0,0,0
kill60,dlopen,4,8192,36,202560,4128,4328,8736,1803,2625,3196,4,0,0,0,0
kill60,dlopen,4,8192,37,203592,3546,3586,12995,1763,2615,3106,4,0,0,0,0
kill60,dlopen,4,8192,38,203231,4188,4308,8786,1723,2785,2876,4,0,0,0,0
kill60,dlopen,4,8192,39,202690,3546,4048,8286,1764,2675,3366,4,0,0,0,0
kill60,dlopen,4,8192,40,202660,3897,4579,8355,2585,2865,3717,4,0,0,0,0
kill60,dlopen,4,8192,41,206037,3386,4408,8596,1774,2515,3166,4,0,0,0,0
kill60,dlopen,4,8192,42,202290,4739,4859,8646,1773,2755,3387,4,0,0,0,0
kill60,dlopen,4,8192,43,202580,3316,4038,8336,1714,2715,3406,4,0,0,0,0
kill60,dlopen,4,8192,44,202360,5310,5540,9919,1763,2685,2885,4,0,0,0,0
kill60,dlopen,4,8192,45,202189,3827,4308,8626,2645,2715,3447,4,0,0,0,0
kill60,dlopen,4,8192,46,234079,6412,6883,7023,1804,2685,5270,4,0,0,0,0
kill60,dlopen,4,8192,47,228459,3276,3827,5120,1824,2074,4688,4,0,0,0,0
kill60,dlopen,4,8192,48,199024,4338,5060,7163,1754,1873,6342,4,0,0,0,0
kill60,dlopen,4,8192,49,205636,3717,4759,8446,1693,2595,3206,4,0,0,0,0
kill60,dlopen,4,8192,50,191148,3536,4238,12063,1663,1933,16761,4,0,0,0,0
kill60,dlopen,4,8192,51,220825,3026,4038,9958,1964,2004,7525,4,0,0,0,0
kill60,dlopen,4,8192,52,206107,4248,4539,8847,1703,3075,3246,4,0,0,0,0
kill60,dlopen,4,8192,53,204674,3837,4769,8967,1783,2525,3286,4,0,0,0,0
kill60,dlopen,4,8192,54,203472,3937,4859,8646,1744,2695,3487,4,0,0,0,0
kill60,dlopen,4,8192,55,204083,3646,3938,8676,1783,2475,3336,4,0,0,0,0
kill60,dlopen,4,8192,56,193132,4208,5561,9007,1753,2745,2815,4,0,0,0,0
kill60,dlopen,4,8192,57,204573,4428,4448,8656,1744,2905,3026,4,0,0,0,0
kill60,dlopen,4,8192,58,203842,3958,4589,8466,2735,2755,2885,4,0,0,0,0
kill60,dlopen,4,8192,59,203001,3477,4068,8436,2475,2815,3717,4,0,0,0,0
kill60,dlopen,4,8192,60,201608,4087,4519,8687,1693,2735,2975,4,0,0,0,0
kill60,dlopen,4,8192,61,166722,3807,4358,8486,1764,2825,3577,4,0,0,0,0
kill60,dlopen,4,8192,62,205405,5040,5700,9288,1733,1964,2594,4,0,0,0,0
kill60,dlopen,4,8192,63,203321,4308,4819,8556,1693,2465,3427,4,0,0,0,0
kill60,dlopen,4,8192,64,226855,3977,4108,8426,1733,2715,2825,4,0,0,0,0
kill60,dlopen,4,8192,65,228358,3356,3707,5169,1653,1974,4308,4,0,0,0,0
kill60,dlopen,4,8192,66,199665,5581,6272,7374,1703,2103,4769,4,0,0,0,0
kill60,dlopen,4,8192,67,205456,3958,4248,8606,1763,2835,3156,4,0,0,0,0
kill60,dlopen,4,8192,68,228840,3818,4739,8596,1984,2645,3016,4,0,0,0,0
kill60,dlopen,4,8192,69,224261,3207,4248,5260,1753,1904,4618,4,0,0,0,0
kill60,dlopen,4,8192,70,226565,4238,6823,8115,1673,1883,2695,4,0,0,0,0
kill60,dlopen,4,8192,71,205626,3567,3767,8716,1763,2425,2775,4,0,0,0,0
kill60,dlopen,4,8192,72,203933,3888,4418,8416,1804,2836,3166,4,0,0,0,0
kill60,dlopen,4,8192,73,228589,4308,4849,8716,1663,2776,2906,4,0,0,0,0
kill60,dlopen,4,8192,74,229701,3627,3747,5019,1674,1894,4769,4,0,0,0,0
kill60,dlopen,4,8192,75,188834,4177,4258,4719,1624,1914,2274,4,0,0,0,0
kill60,dlopen,4,8192,76,206226,3737,4248,9307,1804,2755,3086,4,0,0,0,0
kill60,dlopen,4,8192,77,205916,3547,3616,8135,1693,2545,2685,4,0,0,0,0
kill60,dlopen,4,8192,78,204173,4619,4789,8616,1904,2635,3005,4,0,0,0,0
kill60,dlopen,4,8192,79,204003,3867,4358,8396,1683,2706,3507,4,0,0,0,0
kill60,dlopen,4,8192,80,230282,3878,5039,8506,1743,2465,3226,4,0,0,0,0
kill60,dlopen,4,8192,81,225854,3437,3606,5130,1754,1994,4368,4,0,0,0,0
kill60,dlopen,4,8192,82,196950,3446,4388,6823,1653,1873,7514,4,0,0,0,0
kill60,dlopen,4,8192,83,204734,4258,4880,8375,1863,2554,3216,4,0,0,0,0
kill60,dlopen,4,8192,84,209934,3897,4849,8636,1783,2775,2946,4,0,0,0,0
kill60,dlopen,4,8192,85,211407,3848,3987,12784,2204,2334,4539,4,0,0,0,0
kill60,dlopen,4,8192,86,203432,4098,4328,8737,1733,2625,2915,4,0,0,0,0
kill60,dlopen,4,8192,87,202489,3457,4298,8315,1723,2424,3356,4,0,0,0,0
kill60,dlopen,4,8192,88,203091,5310,7724,10369,1734,2395,3627,4,0,0,0,0
kill60,dlopen,4,8192,89,220574,4509,4869,8777,1713,2695,3456,4,0,0,0,0
kill60,dlopen,4,8192,90,205786,3757,3897,8686,1813,2835,2866,4,0,0,0,0
kill60,dlopen,4,8192,91,203231,4057,4879,8476,1773,2675,3096,4,0,0,0,0
kill60,dlopen,4,8192,92,203482,3967,4329,8356,1813,2705,3627,4,0,0,0,0
kill60,dlopen,4,8192,93,203351,3978,5159,8516,1883,2976,3457,4,0,0,0,0
kill60,dlopen,4,8192,94,226074,3757,4068,8807,1673,2665,3015,4,0,0,0,0
kill60,dlopen,4,8192,95,229771,4339,5230,8917,1793,2014,2775,4,0,0,0,0
kill60,dlopen,4,8192,96,227076,3537,3757,4920,1713,2034,4498,4,0,0,0,0
kill60,dlopen,4,8192,97,223469,3647,4889,7074,1773,1913,6422,4,0,0,0,0
kill60,dlopen,4,8192,98,252263,3818,3947,4930,1773,1993,4909,4,0,0,0,0
kill60,dlopen,4,8192,99,208652,4578,4949,10951,1804,2024,3356,4,0,0,0,0
kill60,dlopen,32,8192,0,4064464,21831,33493,36799,5551,83928,2825139,32,0,0,0,0
kill60,dlopen,32,8192,1,3007922,25197,37851,38662,5550,79971,1751105,32,0,0,0,0
kill60,dlopen,32,8192,2,2991201,27011,39193,39835,6322,94638,1733211,32,0,0,0,0
kill60,dlopen,32,8192,3,2985971,24566,33092,33352,5821,83998,1745083,32,0,0,0,0
kill60,dlopen,32,8192,4,3066472,24056,32561,32982,5290,79950,1749210,32,0,0,0,0
kill60,dlopen,32,8192,5,3432098,33393,60223,89067,5229,29275,78908,32,0,0,0,0
kill60,dlopen,32,8192,6,1333381,28183,39625,41258,6111,11602,72416,32,0,0,0,0
kill60,dlopen,32,8192,7,1243893,24256,32711,33223,5570,7053,7183,32,0,0,0,0
kill60,dlopen,32,8192,8,2588586,22703,28553,29826,5561,7304,1294308,32,0,0,0,0
kill60,dlopen,32,8192,9,1265013,24095,33543,33673,5270,7404,15730,32,0,0,0,0
kill60,dlopen,32,8192,10,1245416,16851,31629,31689,4970,7885,10088,32,0,0,0,0
kill60,dlopen,32,8192,11,1258882,21059,29495,30457,5169,6974,12153,32,0,0,0,0
kill60,dlopen,32,8192,12,1238373,24856,33543,37500,5681,6983,7074,32,0,0,0,0
kill60,dlopen,32,8192,13,1229466,20058,27331,28684,4759,6783,8075,32,0,0,0,0
kill60,dlopen,32,8192,14,2355819,20959,29575,30227,5020,7484,758332,32,0,0,0,0
kill60,dlopen,32,8192,15,2643538,27331,31860,31970,5691,9709,1368798,32,0,0,0,0
kill60,dlopen,32,8192,16,1320036,26800,38021,38803,6082,8435,10169,32,0,0,0,0
kill60,dlopen,32,8192,17,2901633,27451,1340935,1355273,5631,6973,28924,32,0,0,0,0
kill60,dlopen,32,8192,18,1313874,25949,33353,34425,5681,7074,26960,32,0,0,0,0
kill60,dlopen,32,8192,19,1311129,23775,31109,36298,5721,7724,30628,32,0,0,0,0
kill60,dlopen,32,8192,20,1413933,25518,33723,36980,5721,7805,28023,32,0,0,0,0
kill60,dlopen,32,8192,21,1367805,29255,43532,50134,5941,8576,10169,32,0,0,0,0
kill60,dlopen,32,8192,22,1377053,25457,31359,35366,5460,10680,29635,32,0,0,0,0
kill60,dlopen,32,8192,23,2201850,25618,35065,37991,5570,10930,677181,32,0,0,0,0
kill60,dlopen,32,8192,24,1578512,23634,32311,33563,5620,7444,7524,32,0,0,0,0
kill60,dlopen,32,8192,25,1395608,25198,34274,34816,5430,7364,8747,32,0,0,0,0
kill60,dlopen,32,8192,26,2777019,24336,29936,35106,5591,1482100,1493532,32,0,0,0,0
kill60,dlopen,32,8192,27,1307172,23965,31599,32681,5230,7044,20729,32,0,0,0,0
kill60,dlopen,32,8192,28,1313264,26990,33082,33223,5721,7414,23044,32,0,0,0,0
kill60,dlopen,32,8192,29,1692284,27331,35527,36779,5510,35476,411772,32,0,0,0,0
kill60,dlopen,32,8192,30,1285261,25327,30758,31459,6101,18324,35667,32,0,0,0,0
kill60,dlopen,32,8192,31,1252679,27962,34064,35547,6071,10850,18174,32,0,0,0,0
kill60,dlopen,32,8192,32,1305269,24245,35297,43702,5631,18946,33924,32,0,0,0,0
kill60,dlopen,32,8192,33,1331467,24486,31088,31178,5831,16932,36077,32,0,0,0,0
kill60,dlopen,32,8192,34,1293176,24365,31940,31940,5551,23024,39735,32,0,0,0,0
kill60,dlopen,32,8192,35,1288617,25097,37370,44573,5500,19126,37480,32,0,0,0,0
kill60,dlopen,32,8192,36,1315046,24236,35406,42129,5581,21430,35627,32,0,0,0,0
kill60,dlopen,32,8192,37,1327500,25738,33012,33032,5620,10419,18185,32,0,0,0,0
kill60,dlopen,32,8192,38,1309366,22222,33242,33423,5421,10720,19066,32,0,0,0,0
kill60,dlopen,32,8192,39,1293857,24146,34766,36919,5680,17122,34505,32,0,0,0,0
kill60,dlopen,32,8192,40,1316780,25187,32712,35116,5931,8296,24386,32,0,0,0,0
kill60,dlopen,32,8192,41,1260665,27722,35016,35507,6392,8276,21480,32,0,0,0,0
kill60,dlopen,32,8192,42,1292013,25708,33754,35547,6212,7915,23334,32,0,0,0,0
kill60,dlopen,32,8192,43,1291213,22843,28494,30938,5801,16410,34074,32,0,0,0,0
kill60,dlopen,32,8192,44,1307914,24536,32551,34294,6092,23564,36799,32,0,0,0,0
kill60,dlopen,32,8192,45,1275623,25438,36148,36979,5099,10209,26610,32,0,0,0,0
kill60,dlopen,32,8192,46,1257869,24677,34645,36148,5951,17001,34244,32,0,0,0,0
kill60,dlopen,32,8192,47,2600428,23805,31369,32350,5821,1317100,1327661,32,0,0,0,0
kill60,dlopen,32,8192,48,2458682,24817,31208,31259,5841,31920,1204088,32,0,0,0,0
kill60,dlopen,32,8192,49,1325286,27631,32751,33743,5851,12814,23034,32,0,0,0,0
kill60,dlopen,32,8192,50,1333972,23995,33162,86853,5771,8876,22172,32,0,0,0,0
kill60,dlopen,32,8192,51,1305589,27572,37230,152877,6061,7975,22613,32,0,0,0,0
kill60,dlopen,32,8192,52,1311630,25148,32822,33973,5470,20518,36158,32,0,0,0,0
kill60,dlopen,32,8192,53,1310609,26329,35176,35697,5991,9167,15710,32,0,0,0,0
kill60,dlopen,32,8192,54,1308154,25558,33813,33854,5861,17723,37881,32,0,0,0,0
kill60,dlopen,32,8192,55,1403924,23725,32500,33102,5801,34034,178365,32,0,0,0,0
kill60,dlopen,32,8192,56,1302192,22151,30006,30497,5741,17492,35557,32,0,0,0,0
kill60,dlopen,32,8192,57,3929240,25217,36068,36699,5962,18735,2616127,32,0,0,0,0
kill60,dlopen,32,8192,58,1293396,24325,36689,37270,5560,7173,26209,32,0,0,0,0
kill60,dlopen,32,8192,59,1298506,24026,33052,36077,5520,9608,11471,32,0,0,0,0
kill60,dlopen,32,8192,60,1259142,24816,31860,32201,6012,9007,9518,32,0,0,0,0
kill60,dlopen,32,8192,61,3127687,25928,34565,36147,5961,7394,1714927,32,0,0,0,0
kill60,dlopen,32,8192,62,1305889,25338,32371,36558,5591,7674,9288,32,0,0,0,0
kill60,dlopen,32,8192,63,1311710,26871,30637,31459,5581,10099,10099,32,0,0,0,0
kill60,dlopen,32,8192,64,1262328,25998,32982,33704,5581,7905,9508,32,0,0,0,0
kill60,dlopen,32,8192,65,1294838,24106,30858,31649,5790,8566,9317,32,0,0,0,0
kill60,dlopen,32,8192,66,1305640,26299,32531,36308,6201,7754,8836,32,0,0,0,0
kill60,dlopen,32,8192,67,1371162,27662,32471,33723,5730,8907,9758,32,0,0,0,0
kill60,dlopen,32,8192,68,1304647,25679,33923,34385,5781,7664,8657,32,0,0,0,0
kill60,dlopen,32,8192,69,1317832,25989,32491,33292,6122,8877,8927,32,0,0,0,0
kill60,dlopen,32,8192,70,1309587,27502,35917,37911,5520,8706,11201,32,0,0,0,0
kill60,dlopen,32,8192,71,3329626,24736,31028,31249,5560,913343,1998289,32,0,0,0,0
kill60,dlopen,32,8192,72,1395748,21901,26960,28283,5400,62286,157385,32,0,0,0,0
kill60,dlopen,32,8192,73,1303315,26099,32461,37551,5551,9898,11812,32,0,0,0,0
kill60,dlopen,32,8192,74,2054594,24566,37611,41938,5951,9217,800081,32,0,0,0,0
kill60,dlopen,32,8192,75,1297984,24797,30437,30617,5440,8075,10609,32,0,0,0,0
kill60,dlopen,32,8192,76,1313444,28924,32601,37010,6001,7965,9608,32,0,0,0,0
kill60,dlopen,32,8192,77,1301361,25708,33002,33383,5671,11923,22853,32,0,0,0,0
kill60,dlopen,32,8192,78,4173148,19977,27292,29265,4979,1344162,2862510,32,0,0,0,0
kill60,dlopen,32,8192,79,1315287,26430,34003,38462,5801,9118,10520,32,0,0,0,0
kill60,dlopen,32,8192,80,1292274,22913,30667,31579,5671,9728,11221,32,0,0,0,0
kill60,dlopen,32,8192,81,1251938,27201,34856,39824,5460,10640,11932,32,0,0,0,0
kill60,dlopen,32,8192,82,1334383,25708,32160,35997,5841,9037,10640,32,0,0,0,0
kill60,dlopen,32,8192,83,1743771,27622,34535,477817,5660,9688,11822,32,0,0,0,0
kill60,dlopen,32,8192,84,2117802,29105,34605,43942,6262,48882,925385,32,0,0,0,0
kill60,dlopen,32,8192,85,1299819,25017,30718,30908,5781,10109,10379,32,0,0,0,0
kill60,dlopen,32,8192,86,2599887,21971,30888,32390,5520,27892,1386971,32,0,0,0,0
kill60,dlopen,32,8192,87,1305839,23254,29074,29456,5571,8616,10280,32,0,0,0,0
kill60,dlopen,32,8192,88,1301481,27281,33092,35296,5912,10049,11221,32,0,0,0,0
kill60,dlopen,32,8192,89,3383697,24125,33412,35336,5731,10200,2168648,32,0,0,0,0
kill60,dlopen,32,8192,90,1311700,25999,33933,34605,5841,9007,10259,32,0,0,0,0
kill60,dlopen,32,8192,91,1280021,25929,31660,32742,5720,14257,93235,32,0,0,0,0
kill60,dlopen,32,8192,92,3367567,25799,35246,35256,6402,10119,2167877,32,0,0,0,0
kill60,dlopen,32,8192,93,1303244,23103,30587,31099,5581,9658,9959,32,0,0,0,0
kill60,dlopen,32,8192,94,1306601,26860,35095,36007,6001,7775,9357,32,0,0,0,0
kill60,dlopen,32,8192,95,2811564,22522,32461,36548,5811,11462,1678448,32,0,0,0,0
kill60,dlopen,32,8192,96,1285612,24777,32511,34345,5731,7995,10289,32,0,0,0,0
kill60,dlopen,32,8192,97,1295640,24195,36839,37881,5501,8316,10960,32,0,0,0,0
kill60,dlopen,32,8192,98,3996727,26099,31619,35587,5751,8637,2794683,32,0,0,0,0
kill60,dlopen,32,8192,99,1298165,25327,32691,34184,5571,8646,10750,32,0,0,0,0
kill60,dlopen,128,8192,0,25149846,7154,3001109,3003343,2988025,12988634,15998670,128,0,0,0,0
kill60,dlopen,128,8192,1,23617572,6843,27071,4014751,2733547,17757700,19820900,128,0,0,0,0
kill60,dlopen,128,8192,2,71182754,5360,15900,16951,3120984,53114412,62103794,128,0,0,0,0
kill60,dlopen,128,8192,3,43400150,6602,2989067,5989074,3170007,27236611,33213592,128,0,0,0,0
kill60,dlopen,128,8192,4,34931896,6662,2986251,3002001,3246339,19491623,23452262,128,0,0,0,0
kill60,dlopen,128,8192,5,29065130,5370,15249,15769,3483314,21536388,24520906,128,0,0,0,0
kill60,dlopen,128,8192,6,39930021,5140,15249,2991702,2499289,23529407,29415508,128,0,0,0,0
kill60,dlopen,128,8192,7,42004442,6111,3001921,3007622,2541437,17552255,23520440,128,0,0,0,0
kill60,dlopen,128,8192,8,30837465,6433,3001621,3018242,3481781,18552010,20554165,128,0,0,0,0
kill60,dlopen,128,8192,9,33093156,6492,2991732,3001981,2687440,17686877,23616099,128,0,0,0,0
kill60,dlopen,128,8192,10,29877494,5681,12774,3002652,3594683,22571390,25499953,128,0,0,0,0
kill60,dlopen,128,8192,11,34461062,6763,3002863,8984903,3568494,17623828,20601444,128,0,0,0,0
kill60,dlopen,128,8192,12,29215993,5861,3002472,5978654,2186251,15140971,19126176,128,0,0,0,0
kill60,dlopen,128,8192,13,32532754,6112,2992222,5466704,3960639,16978799,19529343,128,0,0,0,0
kill60,dlopen,128,8192,14,26786216,6262,3003995,3011008,3366344,17322132,19468890,128,0,0,0,0
kill60,dlopen,128,8192,15,29566210,5350,2998795,3003614,2607852,16572286,17602309,128,0,0,0,0
kill60,dlopen,128,8192,16,21961294,6512,5997420,18008450,3053758,16050036,17928430,128,0,0,0,0
kill60,dlopen,128,8192,17,31926257,5570,2992534,18002769,3023111,15069417,16862220,128,0,0,0,0
kill60,dlopen,128,8192,18,35108566,6933,3007532,5993082,2166934,20148956,23233792,128,0,0,0,0
kill60,dlopen,128,8192,19,30447694,6382,149952,3001581,3937286,18022466,19046548,128,0,0,0,0
kill60,dlopen,128,8192,20,27424633,6532,3002132,6011576,3155940,17589764,23498929,128,0,0,0,0
kill60,dlopen,128,8192,21,33234691,5851,3004255,3010477,4072850,20123688,29391142,128,0,0,0,0
kill60,dlopen,128,8192,22,39820906,5721,2992092,3001991,2968679,17954639,26961093,128,0,0,0,0
kill60,dlopen,128,8192,23,37933776,6572,3009074,9009910,3051164,15027779,24998291,128,0,0,0,0
kill60,dlopen,128,8192,24,21044545,5831,596148,3000027,3103471,15592077,17030295,128,0,0,0,0
kill60,dlopen,128,8192,25,28975312,6182,14297,2165372,2978087,16023757,16976595,128,0,0,0,0
kill60,dlopen,128,8192,26,27770612,5771,15479,12009918,2984468,14996870,17976450,128,0,0,0,0
kill60,dlopen,128,8192,27,31055685,7254,2994026,3013953,3163544,14193123,17277369,128,0,0,0,0
kill60,dlopen,128,8192,28,32457593,6181,3005327,6003060,2130506,15183912,18206421,128,0,0,0,0
kill60,dlopen,128,8192,29,28230906,6101,3010507,5002443,2728248,14675308,23637349,128,0,0,0,0
kill60,dlopen,128,8192,30,32091657,7334,3002722,3011810,2513235,14433303,16407367,128,0,0,0,0
kill60,dlopen,128,8192,31,35707981,6702,3002492,8991316,2863692,17355495,26408086,128,0,0,0,0
kill60,dlopen,128,8192,32,23911964,6792,3001290,3012571,3548426,13673338,17650639,128,0,0,0,0
kill60,dlopen,128,8192,33,25547452,6432,3012721,5999003,2776147,15712474,17706804,128,0,0,0,0
kill60,dlopen,128,8192,34,30474555,5350,16191,3001110,3112439,16062590,22133728,128,0,0,0,0
kill60,dlopen,128,8192,35,72238595,5991,2998945,3002562,2709894,18581415,21610968,128,0,0,0,0
kill60,dlopen,128,8192,36,63421576,6142,1006889,3015256,3272248,24312465,44259822,128,0,0,0,0
kill60,dlopen,128,8192,37,44863675,6732,3005327,5999293,2948571,17891681,19333926,128,0,0,0,0
kill60,dlopen,128,8192,38,35182546,6532,21561,6000095,3056494,16050607,17009426,128,0,0,0,0
kill60,dlopen,128,8192,39,40187082,6893,2988326,3017250,3864569,16817786,17789449,128,0,0,0,0
kill60,dlopen,128,8192,40,27057865,6502,22342,3008453,3636201,16555605,21624613,128,0,0,0,0
kill60,dlopen,128,8192,41,31870392,7314,3003303,3007181,2635834,15636861,16560193,128,0,0,0,0
kill60,dlopen,128,8192,42,26901531,6532,2999867,9003518,3612687,14728709,19663184,128,0,0,0,0
kill60,dlopen,128,8192,43,35043655,6001,3001390,3004045,3204211,14753455,17763620,128,0,0,0,0
kill60,dlopen,128,8192,44,41002653,6312,1107027,6001137,3680864,20994571,31715792,128,0,0,0,0
kill60,dlopen,128,8192,45,44264461,6382,101420,13989352,3866864,26684284,29665286,128,0,0,0,0
kill60,dlopen,128,8192,46,40736573,6062,52959,2499538,3408613,30396297,36470341,128,0,0,0,0
kill60,dlopen,128,8192,47,103554306,7064,2981443,11565775,2705866,65712162,80111482,128,0,0,0,0
kill60,dlopen,128,8192,48,34536463,6813,22752,5999644,1117817,17012682,20142453,128,0,0,0,0
kill60,dlopen,128,8192,49,31402825,5781,42219,872637,1454138,18491856,27414434,128,0,0,0,0
kill60,dlopen,128,8192,50,36262311,5811,12954,14998,2050767,24526947,31773310,128,0,0,0,0
kill60,dlopen,128,8192,51,42560184,6191,15299,4958601,2800433,28147078,37775369,128,0,0,0,0
kill60,dlopen,128,8192,52,52378211,5921,12212,197260,4106844,37110932,43136465,128,0,0,0,0
kill60,dlopen,128,8192,53,49262717,5731,49222,3203058,4524456,31132157,36943999,128,0,0,0,0
kill60,dlopen,128,8192,54,49951609,5691,13325,19386,4514298,37542913,45827873,128,0,0,0,0
kill60,dlopen,128,8192,55,75700038,6142,13295,13836,4586834,63624967,68543634,128,0,0,0,0
kill60,dlopen,128,8192,56,63367604,5831,13666,12507000,4866689,46821827,57740639,128,0,0,0,0
kill60,dlopen,128,8192,57,38856346,5791,20639,8553043,3774300,29497961,30591703,128,0,0,0,0
kill60,dlopen,128,8192,58,56889693,5721,15600,16742,3593231,26579167,34686084,128,0,0,0,0
kill60,dlopen,128,8192,59,47276651,5630,18134,67918,3725688,23227270,27652620,128,0,0,0,0
kill60,dlopen,128,8192,60,68093218,5941,15389,3001210,4398321,28696348,43120845,128,0,0,0,0
kill60,dlopen,128,8192,61,89660885,5881,11832,25969,5341360,36513912,40558790,128,0,0,0,0
kill60,dlopen,128,8192,62,50099847,6192,1114170,3000769,5599713,37540688,42563761,128,0,0,0,0
kill60,dlopen,128,8192,63,49791067,5380,15139,2999657,4458213,23533754,26464221,128,0,0,0,0
kill60,dlopen,128,8192,64,35968819,6091,3002782,3005067,4696640,20750895,24485991,128,0,0,0,0
kill60,dlopen,128,8192,65,34137846,5460,15308,3001219,4788412,18743328,22673591,128,0,0,0,0
kill60,dlopen,128,8192,66,35896554,5952,3006730,3013894,5564688,20587998,23611029,128,0,0,0,0
kill60,dlopen,128,8192,67,41516726,5731,2992533,3027629,3705942,24659015,33705254,128,0,0,0,0
kill60,dlopen,128,8192,68,45061777,5370,17683,2996270,3174875,25091296,27103751,128,0,0,0,0
kill60,dlopen,128,8192,69,83365866,6051,1991185,3012010,3035985,18036733,58978381,128,0,0,0,0
kill60,dlopen,128,8192,70,33322185,6742,18936,3991907,3663191,18909089,20627673,128,0,0,0,0
kill60,dlopen,128,8192,71,38799840,5751,2991721,3002212,2969540,18233171,25356644,128,0,0,0,0
kill60,dlopen,128,8192,72,28976153,6242,17262,3004465,3590395,19538690,21525117,128,0,0,0,0
kill60,dlopen,128,8192,73,35150294,5540,3004466,6013530,3587058,22517729,28537400,128,0,0,0,0
kill60,dlopen,128,8192,74,35701127,5851,16360,8998008,3337010,20416487,23296860,128,0,0,0,0
kill60,dlopen,128,8192,75,39916685,6211,2094188,27700860,3685383,22642312,23687403,128,0,0,0,0
kill60,dlopen,128,8192,76,32975395,6392,3001560,8992298,3731329,21745099,24778599,128,0,0,0,0
kill60,dlopen,128,8192,77,36251240,5791,384511,3006940,3692286,21789672,25727760,128,0,0,0,0
kill60,dlopen,128,8192,78,33874531,5210,16461,3003284,3515435,19520676,21461396,128,0,0,0,0
kill60,dlopen,128,8192,79,52853612,5030,13836,2998645,3308256,25559454,32605841,128,0,0,0,0
kill60,dlopen,128,8192,80,82230757,6352,1003613,6002840,3517718,21752663,67723946,128,0,0,0,0
kill60,dlopen,128,8192,81,30507175,6362,2992012,3001811,3441084,20499423,26457779,128,0,0,0,0
kill60,dlopen,128,8192,82,31462446,5901,3000508,5440055,3892421,19946014,23014870,128,0,0,0,0
kill60,dlopen,128,8192,83,40812214,6503,3180346,7084839,2529685,21434407,33438994,128,0,0,0,0
kill60,dlopen,128,8192,84,53204560,5450,26089,3001310,3591186,19593133,37658629,128,0,0,0,0
kill60,dlopen,128,8192,85,61729481,6172,286147,3001290,2546506,24329045,51360842,128,0,0,0,0
kill60,dlopen,128,8192,86,40881765,6101,15579,2540295,4570733,22603820,28548330,128,0,0,0,0
kill60,dlopen,128,8192,87,52893737,5711,2998735,29777295,4750561,22759682,26775415,128,0,0,0,0
kill60,dlopen,128,8192,88,31886773,6632,3005948,4722648,3854250,21936799,27904512,128,0,0,0,0
kill60,dlopen,128,8192,89,64249247,5901,11982,34184,4357554,29906829,35844156,128,0,0,0,0
kill60,dlopen,128,8192,90,86769650,6011,19145,26670,4620607,35290547,82606651,128,0,0,0,0
kill60,dlopen,128,8192,91,35965834,6221,17633,3001650,5731922,28826131,31647764,128,0,0,0,0
kill60,dlopen,128,8192,92,33898286,5911,17633,2260240,4069663,25862301,29759041,128,0,0,0,0
kill60,dlopen,128,8192,93,33206318,6132,22422,892975,4834849,25845661,28855426,128,0,0,0,0
kill60,dlopen,128,8192,94,45656682,6242,2998955,3004195,3695692,27437837,35614635,128,0,0,0,0
kill60,dlopen,128,8192,95,40926228,6442,2652366,9001645,3388356,24018664,29996908,128,0,0,0,0
kill60,dlopen,128,8192,96,65871952,6262,3002803,3021327,5042709,28023205,46983832,128,0,0,0,0
kill60,dlopen,128,8192,97,37886767,6081,2998705,3000929,4319894,25141480,28146096,128,0,0,0,0
kill60,dlopen,128,8192,98,33246923,5681,14848,3001691,3312934,24291044,29233646,128,0,0,0,0
kill60,dlopen,128,8192,99,49102325,5671,2565192,12021741,3006410,23913787,30971456,128,0,0,0,0
snapshot,idle,4,8192,0,346660,1673,1743,1763,5300,5721,8917,4,0,0,0,0
snapshot,idle,4,8192,1,335179,1222,1883,2134,4118,4989,6152,4,0,0,0,0
snapshot,idle,4,8192,2,334638,1173,1733,1773,4278,4899,5180,4,0,0,0,0
snapshot,idle,4,8192,3,387287,1202,1833,2004,4188,4699,4799,4,0,0,0,0
snapshot,idle,4,8192,4,394810,1182,1733,1814,4498,4989,5651,4,0,0,0,0
snapshot,idle,4,8192,5,344536,1292,1563,1833,6021,6853,8747,4,0,0,0,0
snapshot,idle,4,8192,6,337333,1182,1223,1724,4809,5109,5169,4,0,0,0,0
snapshot,idle,4,8192,7,329498,1173,1183,1783,4047,4498,5811,4,0,0,0,0
snapshot,idle,4,8192,8,329879,1172,1172,1784,3928,4529,5209,4,0,0,0,0
snapshot,idle,4,8192,9,405461,1163,1173,1723,3667,3967,5150,4,0,0,0,0
snapshot,idle,4,8192,10,371888,1182,1182,1884,4008,4579,6492,4,0,0,0,0
snapshot,idle,4,8192,11,337072,1163,1173,1753,4218,4548,5861,4,0,0,0,0
snapshot,idle,4,8192,12,332724,1183,1193,2404,3877,4318,8777,4,0,0,0,0
snapshot,idle,4,8192,13,330811,1182,1193,1823,3808,4218,5310,4,0,0,0,0
snapshot,idle,4,8192,14,370325,1162,1172,1863,4208,4328,5060,4,0,0,0,0
snapshot,idle,4,8192,15,386876,1162,1703,9548,4028,4679,5090,4,0,0,0,0
snapshot,idle,4,8192,16,339798,1172,1182,1703,4499,5019,5390,4,0,0,0,0
snapshot,idle,4,8192,17,342052,1353,1383,1643,5531,7434,8336,4,0,0,0,0
snapshot,idle,4,8192,18,324679,1182,1232,1233,4068,4118,4368,4,0,0,0,0
snapshot,idle,4,8192,19,324739,1182,1182,1182,3687,4118,4138,4,0,0,0,0
snapshot,idle,4,8192,20,390673,1162,1162,1172,3687,3767,3787,4,0,0,0,0
snapshot,idle,4,8192,21,359515,1162,1182,1183,4157,4278,4810,4,0,0,0,0
snapshot,idle,4,8192,22,335289,1163,1163,1172,4088,4167,4278,4,0,0,0,0
snapshot,idle,4,8192,23,486492,1162,1182,1192,3857,3918,3928,4,0,0,0,0
snapshot,idle,4,8192,24,371867,1453,2114,2445,6422,6533,8115,4,0,0,0,0
snapshot,idle,4,8192,25,339507,1473,2064,2134,4128,4358,6352,4,0,0,0,0
snapshot,idle,4,8192,26,333735,1774,2054,2385,5690,7324,13124,4,0,0,0,0
snapshot,idle,4,8192,27,328186,1894,2285,2285,5210,5219,5370,4,0,0,0,0
snapshot,idle,4,8192,28,324889,1202,2174,2224,4098,5460,6863,4,0,0,0,0
snapshot,idle,4,8192,29,325911,1203,2084,2174,3968,4759,5330,4,0,0,0,0
snapshot,idle,4,8192,30,446979,1764,2094,2144,4098,5520,5641,4,0,0,0,0
snapshot,idle,4,8192,31,363842,2024,2044,2324,5330,5701,7034,4,0,0,0,0
snapshot,idle,4,8192,32,422733,1813,2064,2364,5420,6623,6643,4,0,0,0,0
snapshot,idle,4,8192,33,349215,1283,2174,2184,5580,5801,7073,4,0,0,0,0
snapshot,idle,4,8192,34,339066,1192,2044,2094,4028,5230,6132,4,0,0,0,0
snapshot,idle,4,8192,35,335519,1192,2195,2245,4348,5009,6662,4,0,0,0,0
snapshot,idle,4,8192,36,334728,1182,1332,1423,4568,4989,7003,4,0,0,0,0
snapshot,idle,4,8192,37,323447,1182,1212,2184,3847,3898,5380,4,0,0,0,0
snapshot,idle,4,8192,38,400522,1183,1193,2204,4248,4358,5921,4,0,0,0,0
snapshot,idle,4,8192,39,391394,1193,1774,1994,5591,6021,8485,4,0,0,0,0
snapshot,idle,4,8192,40,339998,1192,1884,2234,3947,4178,6231,4,0,0,0,0
snapshot,idle,4,8192,41,336261,1182,1222,2174,4238,4579,6031,4,0,0,0,0
snapshot,idle,4,8192,42,346370,1193,2034,2284,4548,5310,6292,4,0,0,0,0
snapshot,idle,4,8192,43,335289,1193,2084,2274,4729,5260,6372,4,0,0,0,0
snapshot,idle,4,8192,44,323807,2054,2084,2274,5360,5360,6282,4,0,0,0,0
snapshot,idle,4,8192,45,330480,1173,2063,2094,4288,4649,6442,4,0,0,0,0
snapshot,idle,4,8192,46,323858,1182,2054,2335,4358,4929,6362,4,0,0,0,0
snapshot,idle,4,8192,47,321623,1182,2034,2314,4288,4609,6252,4,0,0,0,0
snapshot,idle,4,8192,48,333585,1173,2014,2364,4258,4638,6632,4,0,0,0,0
snapshot,idle,4,8192,49,322465,1493,2154,2344,4789,6212,6231,4,0,0,0,0
snapshot,idle,4,8192,50,320341,1252,2074,2194,4218,4739,5200,4,0,0,0,0
snapshot,idle,4,8192,51,320791,1172,1503,1984,4238,5530,6802,4,0,0,0,0
snapshot,idle,4,8192,52,322535,1624,1823,2034,4338,4639,6762,4,0,0,0,0
snapshot,idle,4,8192,53,326062,1173,1223,2064,4187,4498,4769,4,0,0,0,0
snapshot,idle,4,8192,54,316434,1162,1182,2024,3837,4168,4509,4,0,0,0,0
snapshot,idle,4,8192,55,319700,1162,1172,2074,3987,4008,4649,4,0,0,0,0
snapshot,idle,4,8192,56,323086,1172,1172,2124,3917,4198,5160,4,0,0,0,0
snapshot,idle,4,8192,57,318347,1163,1172,2044,3827,4218,5080,4,0,0,0,0
snapshot,idle,4,8192,58,292849,1172,1172,2034,3867,4178,4539,4,0,0,0,0
snapshot,idle,4,8192,59,320441,1172,1172,2033,3857,4208,4559,4,0,0,0,0
snapshot,idle,4,8192,60,322445,1162,1162,2023,3898,4248,4699,4,0,0,0,0
snapshot,idle,4,8192,61,323577,1162,1172,2013,3807,4188,4539,4,0,0,0,0
snapshot,idle,4,8192,62,327865,1172,1172,2024,4198,4528,4699,4,0,0,0,0
snapshot,idle,4,8192,63,314369,1162,1162,2033,4127,4488,4519,4,0,0,0,0
snapshot,idle,4,8192,64,325731,1172,1182,2034,4138,4458,4509,4,0,0,0,0
snapshot,idle,4,8192,65,318938,1162,1162,2074,4228,4369,4648,4,0,0,0,0
snapshot,idle,4,8192,66,318567,1163,1163,1753,3978,4468,5942,4,0,0,0,0
snapshot,idle,4,8192,67,413566,1503,2034,2204,5189,6622,6732,4,0,0,0,0
snapshot,idle,4,8192,68,410229,1763,1864,2595,7815,8346,11822,4,0,0,0,0
snapshot,idle,4,8192,69,428494,1753,1794,2335,4418,5130,8666,4,0,0,0,0
snapshot,idle,4,8192,70,409028,1653,1843,2314,5000,5801,8466,4,0,0,0,0
snapshot,idle,4,8192,71,401704,1733,1813,2234,4779,5701,8135,4,0,0,0,0
snapshot,idle,4,8192,72,412794,1774,1834,2395,4488,4930,6292,4,0,0,0,0
snapshot,idle,4,8192,73,407174,1663,1703,1733,5390,6362,6723,4,0,0,0,0
snapshot,idle,4,8192,74,494007,1723,1753,1753,5120,5801,5921,4,0,0,0,0
snapshot,idle,4,8192,75,445175,1783,1833,2365,4950,5150,8876,4,0,0,0,0
snapshot,idle,4,8192,76,428253,1753,1813,2304,4699,5110,6663,4,0,0,0,0
snapshot,idle,4,8192,77,426600,1684,1693,1854,7123,8716,10810,4,0,0,0,0
snapshot,idle,4,8192,78,412023,1714,1833,2354,5060,6512,8296,4,0,0,0,0
snapshot,idle,4,8192,79,411031,1793,1803,2114,4929,5039,7654,4,0,0,0,0
snapshot,idle,4,8192,80,427332,1784,1884,2344,4659,4889,8286,4,0,0,0,0
snapshot,idle,4,8192,81,424376,1203,1222,2274,4388,4809,6813,4,0,0,0,0
snapshot,idle,4,8192,82,357390,1192,1773,2264,4438,4699,6893,4,0,0,0,0
snapshot,idle,4,8192,83,335109,1182,1854,2405,4127,4188,6462,4,0,0,0,0
snapshot,idle,4,8192,84,335178,1182,1793,2304,3727,4228,6282,4,0,0,0,0
snapshot,idle,4,8192,85,342493,1192,1392,2004,5140,5781,6883,4,0,0,0,0
snapshot,idle,4,8192,86,338104,1183,1222,2294,3787,3957,6853,4,0,0,0,0
snapshot,idle,4,8192,87,340098,1182,1192,2314,3687,3827,7133,4,0,0,0,0
snapshot,idle,4,8192,88,338274,1182,1192,2214,4058,4379,6642,4,0,0,0,0
snapshot,idle,4,8192,89,332734,1182,1192,2245,3697,3887,6271,4,0,0,0,0
snapshot,idle,4,8192,90,333666,1172,1182,2224,3898,4228,6823,4,0,0,0,0
snapshot,idle,4,8192,91,342232,1172,1183,2174,4248,5049,8205,4,0,0,0,0
snapshot,idle,4,8192,92,337033,1192,1854,2314,4278,5510,7494,4,0,0,0,0
snapshot,idle,4,8192,93,396674,1233,1312,2294,4318,5641,6953,4,0,0,0,0
snapshot,idle,4,8192,94,346650,2084,2094,2475,6603,7033,8245,4,0,0,0,0
snapshot,idle,4,8192,95,341200,1893,2084,2395,4849,5831,7584,4,0,0,0,0
snapshot,idle,4,8192,96,335048,1353,1664,2344,6092,6902,12894,4,0,0,0,0
snapshot,idle,4,8192,97,329788,1182,2073,2354,4278,5290,6773,4,0,0,0,0
snapshot,idle,4,8192,98,319028,1172,2024,2384,4268,4689,6793,4,0,0,0,0
snapshot,idle,4,8192,99,324078,1172,2054,2284,4478,4699,6583,4,0,0,0,0
snapshot,idle,32,8192,0,2681830,1993,2665,2756,6812,11541,39694,32,0,0,0,0
snapshot,idle,32,8192,1,2008277,2104,3146,3266,6352,8526,9147,32,0,0,0,0
snapshot,idle,32,8192,2,2206328,1713,2034,2104,5039,6973,10089,32,0,0,0,0
snapshot,idle,32,8192,3,2446399,1813,3206,10480,6001,7945,9628,32,0,0,0,0
snapshot,idle,32,8192,4,1902077,1743,3336,3507,5510,9477,11852,32,0,0,0,0
snapshot,idle,32,8192,5,1874106,1753,2765,3436,5470,6943,7294,32,0,0,0,0
snapshot,idle,32,8192,6,1891197,1884,2334,2384,5530,8265,8346,32,0,0,0,0
snapshot,idle,32,8192,7,2066155,1814,2545,8496,5551,8265,9358,32,0,0,0,0
snapshot,idle,32,8192,8,1902739,1814,2374,2474,5991,9628,9939,32,0,0,0,0
snapshot,idle,32,8192,9,1855240,1843,2555,2615,5490,8837,11001,32,0,0,0,0
snapshot,idle,32,8192,10,1863275,1773,2194,2355,5139,7374,9658,32,0,0,0,0
snapshot,idle,32,8192,11,2022664,1683,2485,2796,5060,9207,9507,32,0,0,0,0
snapshot,idle,32,8192,12,1835943,1924,2725,3316,5540,8936,9307,32,0,0,0,0
snapshot,idle,32,8192,13,1818060,1813,2765,3797,5200,9277,9548,32,0,0,0,0
snapshot,idle,32,8192,14,1893933,1253,2725,2806,5450,8215,8767,32,0,0,0,0
snapshot,idle,32,8192,15,1761654,1783,2555,2896,5430,7675,9578,32,0,0,0,0
snapshot,idle,32,8192,16,1830574,1553,2374,2395,4819,9247,13115,32,0,0,0,0
snapshot,idle,32,8192,17,1806369,1443,2205,2465,5510,8767,9498,32,0,0,0,0
snapshot,idle,32,8192,18,1839671,1753,2254,2414,5060,7063,7464,32,0,0,0,0
snapshot,idle,32,8192,19,1832086,1713,2204,2234,4809,7173,7414,32,0,0,0,0
snapshot,idle,32,8192,20,1955829,1953,4378,17363,5660,21630,27000,32,0,0,0,0
snapshot,idle,32,8192,21,1814253,1873,2435,2445,5129,8836,11191,32,0,0,0,0
snapshot,idle,32,8192,22,2000262,1232,2314,2354,5210,7755,11121,32,0,0,0,0
snapshot,idle,32,8192,23,1861041,1814,2975,3807,5641,9357,10410,32,0,0,0,0
snapshot,idle,32,8192,24,1833519,1764,2264,2304,4979,7284,8346,32,0,0,0,0
snapshot,idle,32,8192,25,2024658,1893,2344,2364,5370,7524,8436,32,0,0,0,0
snapshot,idle,32,8192,26,2309352,1803,2325,2494,4959,9447,16161,32,0,0,0,0
snapshot,idle,32,8192,27,1867543,1833,2284,2355,4739,7464,10991,32,0,0,0,0
snapshot,idle,32,8192,28,1906286,1824,2154,2244,4909,6282,10069,32,0,0,0,0
snapshot,idle,32,8192,29,1935119,1744,2264,2324,4529,5931,7755,32,0,0,0,0
snapshot,idle,32,8192,30,1904042,1853,2154,2525,5070,6201,7914,32,0,0,0,0
snapshot,idle,32,8192,31,1904041,1733,2244,2354,4949,7294,8797,32,0,0,0,0
snapshot,idle,32,8192,32,5340828,1874,3296,3366,6392,26850,2649539,32,0,0,0,0
snapshot,idle,32,8192,33,2610677,1893,2745,2935,7003,26410,43051,32,0,0,0,0
snapshot,idle,32,8192,34,2610096,1784,2604,2675,6723,10841,11992,32,0,0,0,0
snapshot,idle,32,8192,35,2001214,1763,2495,2845,5961,8285,8716,32,0,0,0,0
snapshot,idle,32,8192,36,1893562,1653,2184,2384,5500,7364,10289,32,0,0,0,0
snapshot,idle,32,8192,37,1897750,1713,2204,2424,5189,8406,8616,32,0,0,0,0
snapshot,idle,32,8192,38,1879445,1192,2094,2194,4930,8396,9467,32,0,0,0,0
snapshot,idle,32,8192,39,1881099,1202,2324,2344,4939,7434,8376,32,0,0,0,0
snapshot,idle,32,8192,40,1877662,1183,2255,2444,5090,10770,11862,32,0,0,0,0
snapshot,idle,32,8192,41,1863154,1192,2104,2364,5049,6823,6923,32,0,0,0,0
snapshot,idle,32,8192,42,1863265,1803,2374,2665,5069,7865,9969,32,0,0,0,0
snapshot,idle,32,8192,43,1886459,1192,2414,2655,5060,8657,9427,32,0,0,0,0
snapshot,idle,32,8192,44,1877602,1934,4950,17112,5881,15429,22101,32,0,0,0,0
snapshot,idle,32,8192,45,1865169,1713,2735,3467,4969,7444,10430,32,0,0,0,0
snapshot,idle,32,8192,46,1877090,1503,2334,2695,4949,7163,7695,32,0,0,0,0
snapshot,idle,32,8192,47,1858917,1843,2344,2474,4969,10330,10359,32,0,0,0,0
snapshot,idle,32,8192,48,1858055,1723,2184,2334,5030,6513,7314,32,0,0,0,0
snapshot,idle,32,8192,49,1830714,1513,2334,3908,5079,7695,8005,32,0,0,0,0
snapshot,idle,32,8192,50,1855551,2034,3527,3707,6011,9578,17302,32,0,0,0,0
snapshot,idle,32,8192,51,1834280,1944,2425,2514,5049,7985,8116,32,0,0,0,0
snapshot,idle,32,8192,52,1824362,1903,2204,2304,4799,6482,6933,32,0,0,0,0
snapshot,idle,32,8192,53,1835974,1833,2144,2444,4759,6422,6983,32,0,0,0,0
snapshot,idle,32,8192,54,1863656,1873,2354,2645,5360,8245,13766,32,0,0,0,0
snapshot,idle,32,8192,55,1866942,1853,2434,3627,5320,7514,10450,32,0,0,0,0
snapshot,idle,32,8192,56,1874166,1994,2335,2405,5270,7384,7735,32,0,0,0,0
snapshot,idle,32,8192,57,1868805,1903,2164,2224,4728,5841,5972,32,0,0,0,0
snapshot,idle,32,8192,58,2185399,1944,11111,16340,5690,8385,8446,32,0,0,0,0
snapshot,idle,32,8192,59,1913800,1934,3667,3757,5811,8676,9007,32,0,0,0,0
snapshot,idle,32,8192,60,1840974,2024,3456,4989,5711,7294,8165,32,0,0,0,0
snapshot,idle,32,8192,61,2032642,1904,5490,20097,6332,19597,23574,32,0,0,0,0
snapshot,idle,32,8192,62,2089860,1834,2284,2295,5571,16842,17583,32,0,0,0,0
snapshot,idle,32,8192,63,1854839,1442,2375,2435,4940,7143,7884,32,0,0,0,0
snapshot,idle,32,8192,64,2136037,1443,2134,2144,4719,6051,7304,32,0,0,0,0
snapshot,idle,32,8192,65,2403899,1884,3186,10189,6342,9788,12213,32,0,0,0,0
snapshot,idle,32,8192,66,1822239,1793,2335,2585,5150,6753,7714,32,0,0,0,0
snapshot,idle,32,8192,67,1791801,2003,3677,3747,4799,7995,8235,32,0,0,0,0
snapshot,idle,32,8192,68,1788375,1944,2535,2544,4398,6121,8616,32,0,0,0,0
snapshot,idle,32,8192,69,3127676,1864,2766,3166,5851,55865,604794,32,0,0,0,0
snapshot,idle,32,8192,70,2431992,1814,2675,3507,6422,11992,18195,32,0,0,0,0
snapshot,idle,32,8192,71,1878413,1674,3085,4158,5179,6883,8015,32,0,0,0,0
snapshot,idle,32,8192,72,1865710,1803,3276,25077,5159,6964,6983,32,0,0,0,0
snapshot,idle,32,8192,73,2178537,1844,2325,2785,5300,9608,11671,32,0,0,0,0
snapshot,idle,32,8192,74,1872343,1573,2224,2354,5099,6883,9688,32,0,0,0,0
snapshot,idle,32,8192,75,1954286,1954,2344,2505,4859,7023,7574,32,0,0,0,0
snapshot,idle,32,8192,76,2087446,1733,2214,2365,5590,8606,9187,32,0,0,0,0
snapshot,idle,32,8192,77,2016312,1773,2916,2976,5460,8235,9057,32,0,0,0,0
snapshot,idle,32,8192,78,2015210,1734,2404,3095,4729,9518,10630,32,0,0,0,0
snapshot,idle,32,8192,79,2158930,2033,2424,6933,5080,6893,8436,32,0,0,0,0
snapshot,idle,32,8192,80,2020561,1974,3045,3046,4849,6341,8276,32,0,0,0,0
snapshot,idle,32,8192,81,1931603,1963,2274,6803,5400,9968,14688,32,0,0,0,0
snapshot,idle,32,8192,82,2043182,1853,2154,2154,4839,5801,5871,32,0,0,0,0
snapshot,idle,32,8192,83,2005281,1994,2525,2625,5992,8766,11853,32,0,0,0,0
snapshot,idle,32,8192,84,1999551,1944,11181,11241,5421,7334,11051,32,0,0,0,0
snapshot,idle,32,8192,85,1882791,1493,2214,2214,5240,6673,6753,32,0,0,0,0
snapshot,idle,32,8192,86,1834912,1483,2255,2284,4579,7364,8315,32,0,0,0,0
snapshot,idle,32,8192,87,1848256,1794,2254,2284,4799,6201,6693,32,0,0,0,0
snapshot,idle,32,8192,88,1866652,1773,2174,2184,4989,7213,10439,32,0,0,0,0
snapshot,idle,32,8192,89,1831866,1703,2194,2325,5330,10149,12203,32,0,0,0,0
snapshot,idle,32,8192,90,1840843,1573,2164,2194,4569,6321,6432,32,0,0,0,0
snapshot,idle,32,8192,91,1867012,1763,2053,2204,4929,7033,7214,32,0,0,0,0
snapshot,idle,32,8192,92,1831615,1914,2224,2434,5370,7905,9228,32,0,0,0,0
snapshot,idle,32,8192,93,1832327,2044,3637,3657,5801,8886,11522,32,0,0,0,0
snapshot,idle,32,8192,94,1809113,1713,2124,2364,4588,6793,7905,32,0,0,0,0
snapshot,idle,32,8192,95,1813882,1593,2285,2935,4618,9167,10290,32,0,0,0,0
snapshot,idle,32,8192,96,1813642,1392,2154,2385,4599,6071,8345,32,0,0,0,0
snapshot,idle,32,8192,97,1809645,1944,2294,2374,4759,6783,7915,32,0,0,0,0
snapshot,idle,32,8192,98,1822348,1794,2164,2404,4929,7153,7193,32,0,0,0,0
snapshot,idle,32,8192,99,1816217,1883,2234,2264,4579,6763,6963,32,0,0,0,0
snapshot,idle,128,8192,0,7119805,1773,3286,3917,5120,7454,8957,128,0,0,0,0
snapshot,idle,128,8192,1,7036749,1783,2776,3536,5481,8456,9858,128,0,0,0,0
snapshot,idle,128,8192,2,7270878,1913,3006,3897,5621,9357,11953,128,0,0,0,0
snapshot,idle,128,8192,3,7052840,2154,3958,3997,6452,9939,10389,128,0,0,0,0
snapshot,idle,128,8192,4,7060022,1954,3486,4008,5460,9388,15148,128,0,0,0,0
snapshot,idle,128,8192,5,7013245,2024,3667,4037,6232,9928,10139,128,0,0,0,0
snapshot,idle,128,8192,6,7032932,1694,2465,2625,4910,7443,7785,128,0,0,0,0
snapshot,idle,128,8192,7,7015149,1733,2635,3477,5039,8726,11261,128,0,0,0,0
snapshot,idle,128,8192,8,7010901,2043,3476,3587,6412,9197,13715,128,0,0,0,0
snapshot,idle,128,8192,9,7088987,1763,2595,4188,5099,8295,9177,128,0,0,0,0
snapshot,idle,128,8192,10,7323407,1664,2715,4859,5029,7174,10400,128,0,0,0,0
snapshot,idle,128,8192,11,7347532,2014,4018,4098,6292,8977,9337,128,0,0,0,0
snapshot,idle,128,8192,12,7325972,1693,2765,3267,5039,6632,9738,128,0,0,0,0
snapshot,idle,128,8192,13,7383680,2114,3737,3827,6392,10761,12233,128,0,0,0,0
snapshot,idle,128,8192,14,7327314,1703,2785,3116,5139,8887,13776,128,0,0,0,0
snapshot,idle,128,8192,15,7339166,2044,3897,4077,6342,8536,9277,128,0,0,0,0
snapshot,idle,128,8192,16,7322917,1683,3026,3456,4869,6833,14808,128,0,0,0,0
snapshot,idle,128,8192,17,7342613,1744,3327,3507,5099,8456,11120,128,0,0,0,0
snapshot,idle,128,8192,18,7356890,1713,2575,2685,4879,6843,7404,128,0,0,0,0
snapshot,idle,128,8192,19,7349947,1683,2835,3106,5019,6973,8326,128,0,0,0,0
snapshot,idle,128,8192,20,7326743,2054,3807,3928,6252,8296,9298,128,0,0,0,0
snapshot,idle,128,8192,21,7330991,1703,2675,3166,4980,6793,7163,128,0,0,0,0
snapshot,idle,128,8192,22,7329449,2134,3847,4899,6472,9668,10169,128,0,0,0,0
snapshot,idle,128,8192,23,7319810,1713,2725,3327,5110,7634,10239,128,0,0,0,0
snapshot,idle,128,8192,24,7678152,2174,3656,4118,6512,9017,12243,128,0,0,0,0
snapshot,idle,128,8192,25,7455275,1713,3046,3266,4849,7614,9468,128,0,0,0,0
snapshot,idle,128,8192,26,7326423,1783,2795,2935,5240,9228,10560,128,0,0,0,0
snapshot,idle,128,8192,27,7321443,1803,3006,3236,5100,6943,7875,128,0,0,0,0
snapshot,idle,128,8192,28,7294303,1733,2715,3216,5040,7364,7964,128,0,0,0,0
snapshot,idle,128,8192,29,7255530,1743,2685,3467,4959,6772,7975,128,0,0,0,0
snapshot,idle,128,8192,30,7314450,1793,2564,2785,5360,7474,8195,128,0,0,0,0
snapshot,idle,128,8192,31,7304912,1944,2785,3106,5370,9248,11582,128,0,0,0,0
snapshot,idle,128,8192,32,7349697,1873,2795,7945,5630,8746,17924,128,0,0,0,0
snapshot,idle,128,8192,33,7357612,1954,3026,3396,5681,10409,19837,128,0,0,0,0
snapshot,idle,128,8192,34,7436338,1833,2785,3086,5290,7675,10680,128,0,0,0,0
snapshot,idle,128,8192,35,7419507,1873,2986,6322,5330,10149,11241,128,0,0,0,0
snapshot,idle,128,8192,36,7389511,1903,3096,4408,5330,11000,19496,128,0,0,0,0
snapshot,idle,128,8192,37,7367120,1914,3056,3196,5480,7494,8846,128,0,0,0,0
snapshot,idle,128,8192,38,7415129,1844,2776,3155,5530,10380,13085,128,0,0,0,0
snapshot,idle,128,8192,39,7351630,1813,2836,2935,5440,9528,12373,128,0,0,0,0
snapshot,idle,128,8192,40,7403577,1743,3427,5791,5200,13194,16631,128,0,0,0,0
snapshot,idle,128,8192,41,7345789,1724,2655,2746,5390,7434,8055,128,0,0,0,0
snapshot,idle,128,8192,42,7319390,2013,3928,4368,5771,8416,8476,128,0,0,0,0
snapshot,idle,128,8192,43,7248747,1793,5190,11482,5250,9137,10911,128,0,0,0,0
snapshot,idle,128,8192,44,7203011,2033,3566,4057,5761,8857,10900,128,0,0,0,0
snapshot,idle,128,8192,45,7341832,1784,2945,7714,5560,8846,9317,128,0,0,0,0
snapshot,idle,128,8192,46,7231295,1744,3377,10400,5450,8787,10590,128,0,0,0,0
snapshot,idle,128,8192,47,7230974,1663,3416,12213,5550,13355,24566,128,0,0,0,0
snapshot,idle,128,8192,48,7189055,1683,2685,3497,5150,6953,7694,128,0,0,0,0
snapshot,idle,128,8192,49,7246132,1834,4058,4288,5310,9979,12663,128,0,0,0,0
snapshot,idle,128,8192,50,7176752,1753,5510,7594,5380,14326,22221,128,0,0,0,0
snapshot,idle,128,8192,51,7211026,1733,7925,10319,5420,9668,13876,128,0,0,0,0
snapshot,idle,128,8192,52,7212258,1744,2725,4589,5160,7134,9277,128,0,0,0,0
snapshot,idle,128,8192,53,7217318,1713,2865,3126,5130,7354,11321,128,0,0,0,0
snapshot,idle,128,8192,54,7144501,1753,3957,4128,5300,8396,9568,128,0,0,0,0
snapshot,idle,128,8192,55,7208612,1683,3537,3858,5270,8466,9067,128,0,0,0,0
snapshot,idle,128,8192,56,7158607,2164,3717,7133,6372,11441,14046,128,0,0,0,0
snapshot,idle,128,8192,57,7211267,1704,3637,7725,5090,15910,19436,128,0,0,0,0
snapshot,idle,128,8192,58,7408758,1994,3587,3727,6132,8385,9117,128,0,0,0,0
snapshot,idle,128,8192,59,7206437,1753,10329,16902,5229,10670,13495,128,0,0,0,0
snapshot,idle,128,8192,60,7239139,1633,2705,3907,5109,9267,12694,128,0,0,0,0
snapshot,idle,128,8192,61,7166763,1703,3747,3827,4939,9958,13155,128,0,0,0,0
snapshot,idle,128,8192,62,7177033,1583,3737,3837,4989,9047,12192,128,0,0,0,0
snapshot,idle,128,8192,63,7223730,1693,2565,3006,5010,8135,9949,128,0,0,0,0
snapshot,idle,128,8192,64,7191209,1653,2575,2845,4919,7424,8136,128,0,0,0,0
snapshot,idle,128,8192,65,7173977,1664,2525,2796,4919,7354,8977,128,0,0,0,0
snapshot,idle,128,8192,66,7201097,1903,3577,4548,5130,8887,10379,128,0,0,0,0
snapshot,idle,128,8192,67,7207790,1653,2645,3206,5039,7243,8175,128,0,0,0,0
snapshot,idle,128,8192,68,7212098,2024,3917,4208,6102,9067,10530,128,0,0,0,0
snapshot,idle,128,8192,69,7205115,1603,3096,3637,4859,7304,7534,128,0,0,0,0
snapshot,idle,128,8192,70,7215795,1673,9888,12092,5120,8807,18885,128,0,0,0,0
snapshot,idle,128,8192,71,7213421,1733,3546,3837,5000,8927,9508,128,0,0,0,0
snapshot,idle,128,8192,72,7194255,1653,2585,2996,5260,7564,11171,128,0,0,0,0
snapshot,idle,128,8192,73,7208151,2134,3626,3636,6332,8426,8847,128,0,0,0,0
snapshot,idle,128,8192,74,7494939,1784,3807,3947,5040,8626,9839,128,0,0,0,0
snapshot,idle,128,8192,75,7156935,2034,3627,3897,6132,10249,15759,128,0,0,0,0
snapshot,idle,128,8192,76,7140043,1804,2745,3306,4859,8166,11101,128,0,0,0,0
snapshot,idle,128,8192,77,7090239,1893,3546,3818,5270,8045,9188,128,0,0,0,0
snapshot,idle,128,8192,78,7212770,1844,3677,3947,4929,8787,10559,128,0,0,0,0
snapshot,idle,128,8192,79,7324639,1794,3867,10179,5560,9668,27502,128,0,0,0,0
snapshot,idle,128,8192,80,7305353,1973,3707,4639,5370,10048,12954,128,0,0,0,0
snapshot,idle,128,8192,81,6936391,1763,3807,4008,5170,8355,9137,128,0,0,0,0
snapshot,idle,128,8192,82,7156534,2014,3938,10890,5751,10891,25017,128,0,0,0,0
snapshot,idle,128,8192,83,7072076,1663,2665,2936,4819,6382,9508,128,0,0,0,0
snapshot,idle,128,8192,84,6890485,1703,2695,2735,5040,7805,9558,128,0,0,0,0
snapshot,idle,128,8192,85,6857693,2024,3888,4038,6522,8877,9998,128,0,0,0,0
snapshot,idle,128,8192,86,6838758,1613,2344,2835,4809,7194,7694,128,0,0,0,0
snapshot,idle,128,8192,87,6850329,1623,2695,3677,4939,8576,9438,128,0,0,0,0
snapshot,idle,128,8192,88,6889052,1773,3286,3798,4879,8206,9799,128,0,0,0,0
snapshot,idle,128,8192,89,6928286,1753,2515,2725,4910,6753,8736,128,0,0,0,0
snapshot,idle,128,8192,90,7348604,1703,2385,2925,5080,7454,9789,128,0,0,0,0
snapshot,idle,128,8192,91,7240432,1963,3697,6262,5720,9057,10469,128,0,0,0,0
snapshot,idle,128,8192,92,7284574,1753,2525,2685,5100,6813,7604,128,0,0,0,0
snapshot,idle,128,8192,93,7313458,2024,3757,7364,5611,10059,12754,128,0,0,0,0
snapshot,idle,128,8192,94,7281378,1734,2615,3357,4959,6923,7244,128,0,0,0,0
snapshot,idle,128,8192,95,7290215,2014,4238,5280,5891,9127,11622,128,0,0,0,0
snapshot,idle,128,8192,96,7449012,1834,2975,4579,5049,10389,11051,128,0,0,0,0
snapshot,idle,128,8192,97,7550713,1883,3396,3647,5220,8115,10199,128,0,0,0,0
snapshot,idle,128,8192,98,7243918,1793,2845,4188,5090,7815,9097,128,0,0,0,0
snapshot,idle,128,8192,99,7303079,1824,2645,2905,5811,9307,13866,128,0,0,0,0
snapshot,spin,4,8192,0,230402,1713,1714,1803,2465,2604,2645,4,0,0,0,0
snapshot,spin,4,8192,1,222888,1723,1784,1853,2394,2746,2755,4,0,0,0,0
snapshot,spin,4,8192,2,212018,1723,1804,1974,2374,2385,2735,4,0,0,0,0
snapshot,spin,4,8192,3,216416,1734,1844,1974,2455,2544,2735,4,0,0,0,0
snapshot,spin,4,8192,4,220022,1853,1853,1893,2184,2425,2475,4,0,0,0,0
snapshot,spin,4,8192,5,219231,1773,1833,1974,2134,2395,2525,4,0,0,0,0
snapshot,spin,4,8192,6,219592,1893,1934,1964,2204,2224,2955,4,0,0,0,0
snapshot,spin,4,8192,7,220183,1803,2124,3076,2144,2394,2444,4,0,0,0,0
snapshot,spin,4,8192,8,218450,1724,1724,1794,2154,2194,2775,4,0,0,0,0
snapshot,spin,4,8192,9,220514,1734,1793,1804,2225,2464,2534,4,0,0,0,0
snapshot,spin,4,8192,10,217418,1633,1714,1774,2174,2184,2705,4,0,0,0,0
snapshot,spin,4,8192,11,222347,1713,1804,1814,2114,2415,2594,4,0,0,0,0
snapshot,spin,4,8192,12,219281,1674,1793,1914,2235,2465,2625,4,0,0,0,0
snapshot,spin,4,8192,13,220374,1703,1763,1894,2114,2394,2394,4,0,0,0,0
snapshot,spin,4,8192,14,219121,1984,2044,2475,2444,2484,2495,4,0,0,0,0
snapshot,spin,4,8192,15,222808,1903,2134,2515,2214,2765,2995,4,0,0,0,0
snapshot,spin,4,8192,16,219802,1693,1773,1963,2295,2385,2505,4,0,0,0,0
snapshot,spin,4,8192,17,223859,1894,1913,1944,2254,2424,3626,4,0,0,0,0
snapshot,spin,4,8192,18,223940,1753,1803,1924,2254,2515,2534,4,0,0,0,0
snapshot,spin,4,8192,19,221095,1663,1944,2053,2404,2405,2405,4,0,0,0,0
snapshot,spin,4,8192,20,220013,1783,1893,1944,2234,2375,2455,4,0,0,0,0
snapshot,spin,4,8192,21,218109,1694,1803,1974,2184,2255,2796,4,0,0,0,0
snapshot,spin,4,8192,22,220153,1713,1953,2014,2205,2234,2735,4,0,0,0,0
snapshot,spin,4,8192,23,218170,1683,1783,1964,2404,2645,2755,4,0,0,0,0
snapshot,spin,4,8192,24,215674,1873,1904,1934,2235,2304,2334,4,0,0,0,0
snapshot,spin,4,8192,25,218069,1723,1753,1903,2184,2344,2355,4,0,0,0,0
snapshot,spin,4,8192,26,217348,1803,1844,1903,2214,2444,2605,4,0,0,0,0
snapshot,spin,4,8192,27,223990,1783,1833,1833,2475,2485,2985,4,0,0,0,0
snapshot,spin,4,8192,28,220734,1874,1923,2024,2344,2555,2785,4,0,0,0,0
snapshot,spin,4,8192,29,312686,1693,1803,1884,2174,2184,2354,4,0,0,0,0
snapshot,spin,4,8192,30,258295,1142,1162,1172,1804,1963,3817,4,0,0,0,0
snapshot,spin,4,8192,31,225784,1112,1122,1122,1573,1623,1833,4,0,0,0,0
snapshot,spin,4,8192,32,222738,1112,1112,1113,1613,1633,2054,4,0,0,0,0
snapshot,spin,4,8192,33,224341,1112,1112,1113,1593,1603,1753,4,0,0,0,0
snapshot,spin,4,8192,34,219222,1142,1142,1172,1753,1803,1813,4,0,0,0,0
snapshot,spin,4,8192,35,222267,1112,1122,1123,1613,1653,1774,4,0,0,0,0
snapshot,spin,4,8192,36,219111,1112,1112,1212,1614,1944,1984,4,0,0,0,0
snapshot,spin,4,8192,37,220233,1112,1112,1132,1653,1693,1844,4,0,0,0,0
snapshot,spin,4,8192,38,218751,1112,1122,1122,1563,1613,1754,4,0,0,0,0
snapshot,spin,4,8192,39,219692,1152,1153,1172,1663,1773,1883,4,0,0,0,0
snapshot,spin,4,8192,40,219362,1112,1122,1132,1573,1603,1783,4,0,0,0,0
snapshot,spin,4,8192,41,219001,1122,1122,1123,1593,1663,1764,4,0,0,0,0
snapshot,spin,4,8192,42,225353,1112,1112,1112,1553,1583,1763,4,0,0,0,0
snapshot,spin,4,8192,43,219181,1152,1152,1182,1654,1743,1833,4,0,0,0,0
snapshot,spin,4,8192,44,187622,1112,1122,1122,1573,1613,1773,4,0,0,0,0
snapshot,spin,4,8192,45,218089,1112,1113,1122,1563,1613,1764,4,0,0,0,0
snapshot,spin,4,8192,46,218801,1112,1112,1122,1553,1593,1763,4,0,0,0,0
snapshot,spin,4,8192,47,186710,1112,1112,1112,1583,1704,1753,4,0,0,0,0
snapshot,spin,4,8192,48,219712,1142,1142,1172,1643,1823,1863,4,0,0,0,0
snapshot,spin,4,8192,49,217708,1112,1112,1122,1633,1643,1823,4,0,0,0,0
snapshot,spin,4,8192,50,217578,1112,1112,1112,1563,1603,1764,4,0,0,0,0
snapshot,spin,4,8192,51,217017,1112,1113,1162,1593,1673,1774,4,0,0,0,0
snapshot,spin,4,8192,52,218069,1132,1142,1603,1744,1953,4278,4,0,0,0,0
snapshot,spin,4,8192,53,219191,1142,1152,1172,1613,1723,1833,4,0,0,0,0
snapshot,spin,4,8192,54,217288,1112,1122,1152,1733,1783,1783,4,0,0,0,0
snapshot,spin,4,8192,55,215695,1112,1122,1123,1573,1613,1774,4,0,0,0,0
snapshot,spin,4,8192,56,226244,1112,1112,1112,1553,1593,1753,4,0,0,0,0
snapshot,spin,4,8192,57,214342,1132,1142,1172,1603,1733,1813,4,0,0,0,0
snapshot,spin,4,8192,58,218770,1112,1112,1123,1573,1623,1784,4,0,0,0,0
snapshot,spin,4,8192,59,219402,1112,1123,1142,1573,1703,1864,4,0,0,0,0
snapshot,spin,4,8192,60,219011,1112,1122,1122,1563,1603,1773,4,0,0,0,0
snapshot,spin,4,8192,61,218851,1112,1112,1122,1553,1673,1773,4,0,0,0,0
snapshot,spin,4,8192,62,217047,1152,1153,1162,1633,1743,1843,4,0,0,0,0
snapshot,spin,4,8192,63,218901,1122,1122,1122,1573,1613,1784,4,0,0,0,0
snapshot,spin,4,8192,64,218630,1112,1122,1123,1552,1603,1763,4,0,0,0,0
snapshot,spin,4,8192,65,220704,1112,1112,1112,1553,1593,1774,4,0,0,0,0
snapshot,spin,4,8192,66,218610,1143,1152,1153,1633,1723,1864,4,0,0,0,0
snapshot,spin,4,8192,67,218780,1112,1122,1132,1573,1623,1783,4,0,0,0,0
snapshot,spin,4,8192,68,218700,1112,1112,1122,1553,1603,1773,4,0,0,0,0
snapshot,spin,4,8192,69,218831,1112,1122,1122,1553,1613,1763,4,0,0,0,0
snapshot,spin,4,8192,70,172584,1112,1112,1112,1593,1663,1753,4,0,0,0,0
snapshot,spin,4,8192,71,217779,1142,1152,1162,1623,1764,1833,4,0,0,0,0
snapshot,spin,4,8192,72,217067,1112,1112,1122,1613,1653,1753,4,0,0,0,0
snapshot,spin,4,8192,73,217117,1112,1122,1122,1583,1613,1774,4,0,0,0,0
snapshot,spin,4,8192,74,218650,1112,1112,1122,1553,1593,1774,4,0,0,0,0
snapshot,spin,4,8192,75,219712,1112,1122,1162,1553,1743,1773,4,0,0,0,0
snapshot,spin,4,8192,76,218851,1152,1162,1172,1673,1744,1824,4,0,0,0,0
snapshot,spin,4,8192,77,215194,1112,1122,1122,1573,1623,1764,4,0,0,0,0
snapshot,spin,4,8192,78,218780,1113,1113,1122,1563,1593,1843,4,0,0,0,0
snapshot,spin,4,8192,79,221326,1112,1112,1112,1553,1593,1764,4,0,0,0,0
snapshot,spin,4,8192,80,218369,1142,1152,1182,1613,1764,1804,4,0,0,0,0
snapshot,spin,4,8192,81,220233,1112,1122,1122,1573,1613,1773,4,0,0,0,0
snapshot,spin,4,8192,82,348403,1112,1112,1112,1603,1683,1734,4,0,0,0,0
snapshot,spin,4,8192,83,239489,1112,1112,1113,1713,1833,2875,4,0,0,0,0
snapshot,spin,4,8192,84,219903,1162,1163,1182,1874,1904,1944,4,0,0,0,0
snapshot,spin,4,8192,85,216917,1112,1122,1132,1613,1623,1754,4,0,0,0,0
snapshot,spin,4,8192,86,215224,1102,1112,1122,1593,1603,1753,4,0,0,0,0
snapshot,spin,4,8192,87,215164,1112,1113,1163,1593,1733,1743,4,0,0,0,0
snapshot,spin,4,8192,88,214853,1112,1112,1122,1603,1623,1733,4,0,0,0,0
snapshot,spin,4,8192,89,214211,1152,1162,1182,1623,1763,1803,4,0,0,0,0
snapshot,spin,4,8192,90,216526,1112,1122,1122,1583,1623,1733,4,0,0,0,0
snapshot,spin,4,8192,91,214252,1112,1112,1122,1603,1603,1823,4,0,0,0,0
snapshot,spin,4,8192,92,217878,1112,1122,1122,1563,1623,1733,4,0,0,0,0
snapshot,spin,4,8192,93,227436,1142,1163,1192,1633,1753,1803,4,0,0,0,0
snapshot,spin,4,8192,94,220644,1122,1133,1473,1583,1643,2645,4,0,0,0,0
snapshot,spin,4,8192,95,219482,1112,1122,1182,1593,1673,1823,4,0,0,0,0
snapshot,spin,4,8192,96,216987,1112,1122,1152,1643,1674,1783,4,0,0,0,0
snapshot,spin,4,8192,97,219392,1112,1112,1122,1593,1603,1753,4,0,0,0,0
snapshot,spin,4,8192,98,219091,1162,1163,1172,1633,1723,1833,4,0,0,0,0
snapshot,spin,4,8192,99,215795,1122,1123,1152,1613,1683,1764,4,0,0,0,0
snapshot,spin,32,8192,0,3902110,2304,2685,2715,2896,926448,2419749,32,0,0,0,0
snapshot,spin,32,8192,1,5002915,2315,2544,2846,2815,2465434,3483704,32,0,0,0,0
snapshot,spin,32,8192,2,2440157,2164,2445,2715,2715,6402,444584,32,0,0,0,0
snapshot,spin,32,8192,3,18509370,2325,4157,4428,2855,1026605,17041896,32,0,0,0,0
snapshot,spin,32,8192,4,5000971,2335,2945,3026,2916,2480573,3513811,32,0,0,0,0
snapshot,spin,32,8192,5,4517083,2284,2504,2595,2635,503364,1494313,32,0,0,0,0
snapshot,spin,32,8192,6,4481376,2305,2505,2604,2776,1979754,2971304,32,0,0,0,0
snapshot,spin,32,8192,7,4933213,2304,2535,2886,2745,474160,1495355,32,0,0,0,0
snapshot,spin,32,8192,8,4065276,2295,2525,2615,2765,1538937,2560853,32,0,0,0,0
snapshot,spin,32,8192,9,2964030,2334,2785,3116,2755,1480246,1508960,32,0,0,0,0
snapshot,spin,32,8192,10,3664073,2344,2635,2825,2996,1102257,1531954,32,0,0,0,0
snapshot,spin,32,8192,11,6284478,2414,2866,2955,3597,927349,4846671,32,0,0,0,0
snapshot,spin,32,8192,12,3873566,2374,2625,2645,3016,4589,2321094,32,0,0,0,0
snapshot,spin,32,8192,13,5895328,2284,2625,2685,2845,7343,573666,32,0,0,0,0
snapshot,spin,32,8192,14,16323339,2475,3116,3176,3336,2609525,14781818,32,0,0,0,0
snapshot,spin,32,8192,15,5972042,2345,2795,2906,3126,106640,4428376,32,0,0,0,0
snapshot,spin,32,8192,16,5424345,2354,2795,2875,2976,1465439,1889645,32,0,0,0,0
snapshot,spin,32,8192,17,6482169,2345,2886,3196,3066,3035905,5037309,32,0,0,0,0
snapshot,spin,32,8192,18,6077049,2334,2685,2945,2916,1901637,4542882,32,0,0,0,0
snapshot,spin,32,8192,19,5898975,2324,2565,2715,2935,1473043,3550640,32,0,0,0,0
snapshot,spin,32,8192,20,8043758,2314,2885,2985,2895,3571129,4571816,32,0,0,0,0
snapshot,spin,32,8192,21,8477993,2324,2765,2876,3086,1039289,7022854,32,0,0,0,0
snapshot,spin,32,8192,22,6469365,2315,2835,3156,2976,2028776,2065084,32,0,0,0,0
snapshot,spin,32,8192,23,5112630,2415,2865,2885,3457,2943451,3566369,32,0,0,0,0
snapshot,spin,32,8192,24,5980708,2395,2615,2645,3056,3447748,4460356,32,0,0,0,0
snapshot,spin,32,8192,25,4997153,2364,2875,2905,3176,1506606,3505796,32,0,0,0,0
snapshot,spin,32,8192,26,6910783,2345,2775,3106,3046,1308013,3475700,32,0,0,0,0
snapshot,spin,32,8192,27,10983002,2304,2885,18995,3055,3725228,6653420,32,0,0,0,0
snapshot,spin,32,8192,28,4166836,2384,2755,2906,3356,1830844,2633480,32,0,0,0,0
snapshot,spin,32,8192,29,7608392,2384,2745,2906,3046,409459,4421523,32,0,0,0,0
snapshot,spin,32,8192,30,7242486,2294,2635,2655,2835,2782820,3774060,32,0,0,0,0
snapshot,spin,32,8192,31,3496108,2374,2815,11902,3136,1548395,1937574,32,0,0,0,0
snapshot,spin,32,8192,32,2563068,2374,2675,3096,2895,119785,1032036,32,0,0,0,0
snapshot,spin,32,8192,33,7918253,2325,2554,2565,2926,467086,3467043,32,0,0,0,0
snapshot,spin,32,8192,34,4072038,2334,2745,8436,2905,514405,2543462,32,0,0,0,0
snapshot,spin,32,8192,35,30033726,2314,2545,2575,2866,1489524,28542820,32,0,0,0,0
snapshot,spin,32,8192,36,6473743,2405,2635,2775,3447,2409580,2436600,32,0,0,0,0
snapshot,spin,32,8192,37,7484419,2344,2705,2896,3096,1926644,2929065,32,0,0,0,0
snapshot,spin,32,8192,38,4387009,2274,2765,2775,2966,1448637,2926981,32,0,0,0,0
snapshot,spin,32,8192,39,10318695,2344,2885,2936,3286,2087256,8854459,32,0,0,0,0
snapshot,spin,32,8192,40,9270690,2334,2785,2845,3026,733325,7775936,32,0,0,0,0
snapshot,spin,32,8192,41,6675793,2344,2935,2946,3487,1338080,2473991,32,0,0,0,0
snapshot,spin,32,8192,42,13926904,2485,38733,1812490,3917,2782340,7262272,32,0,0,0,0
snapshot,spin,32,8192,43,42736163,2425,2966,3246,3807,1140750,41252169,32,0,0,0,0
snapshot,spin,32,8192,44,17156963,2665,3246,3356,4438,2539614,13705900,32,0,0,0,0
snapshot,spin,32,8192,45,6513929,2615,3016,3035,4448,2780615,2907985,32,0,0,0,0
snapshot,spin,32,8192,46,24567313,2485,2826,2876,3567,1456061,23027424,32,0,0,0,0
snapshot,spin,32,8192,47,7653546,2484,2865,3026,3887,2867379,5494075,32,0,0,0,0
snapshot,spin,32,8192,48,5731581,2434,2726,8345,3336,569569,4208044,32,0,0,0,0
snapshot,spin,32,8192,49,19597189,2364,2735,2916,3206,761749,4479272,32,0,0,0,0
snapshot,spin,32,8192,50,4538072,2344,2806,2926,3426,1862133,1906737,32,0,0,0,0
snapshot,spin,32,8192,51,1841744,2314,2676,2876,2856,306666,334427,32,0,0,0,0
snapshot,spin,32,8192,52,4921291,2234,2595,2615,2735,1479675,1489084,32,0,0,0,0
snapshot,spin,32,8192,53,7080111,2294,2535,2765,2815,2550995,5549890,32,0,0,0,0
snapshot,spin,32,8192,54,6470657,2304,2825,2835,2915,1466471,4454014,32,0,0,0,0
snapshot,spin,32,8192,55,5511017,2325,4709,5160,3016,994165,3979725,32,0,0,0,0
snapshot,spin,32,8192,56,6002459,2324,2585,2705,2865,1466902,4479061,32,0,0,0,0
snapshot,spin,32,8192,57,5907772,2264,2585,2655,2745,1871871,4456600,32,0,0,0,0
snapshot,spin,32,8192,58,6072060,2274,2605,2665,2765,1585073,4551738,32,0,0,0,0
snapshot,spin,32,8192,59,6423879,2285,2585,2605,2846,1474085,4486386,32,0,0,0,0
snapshot,spin,32,8192,60,3590665,2315,2555,2715,2755,1074225,2080072,32,0,0,0,0
snapshot,spin,32,8192,61,5055123,2285,2574,2585,2826,1452615,3462836,32,0,0,0,0
snapshot,spin,32,8192,62,5939381,2294,3115,3155,3216,2805142,3730638,32,0,0,0,0
snapshot,spin,32,8192,63,5895028,2284,2475,2575,2745,1461411,4442343,32,0,0,0,0
snapshot,spin,32,8192,64,6162109,2355,2615,2645,2965,1548275,4552269,32,0,0,0,0
snapshot,spin,32,8192,65,5924383,2294,2735,2765,2815,1387302,4384013,32,0,0,0,0
snapshot,spin,32,8192,66,6009292,2214,2716,2956,3086,1464918,4454696,32,0,0,0,0
snapshot,spin,32,8192,67,6644624,2295,2645,2755,2896,1443287,3503031,32,0,0,0,0
snapshot,spin,32,8192,68,10993772,2214,2705,2715,2785,796293,6805576,32,0,0,0,0
snapshot,spin,32,8192,69,6333641,2355,2715,541024,3036,1790930,4803680,32,0,0,0,0
snapshot,spin,32,8192,70,6016686,2334,2604,2796,2915,1459778,4455207,32,0,0,0,0
snapshot,spin,32,8192,71,5975960,2304,2735,2735,2905,1452043,4440900,32,0,0,0,0
snapshot,spin,32,8192,72,6468253,2294,2705,2905,2905,1457804,3348661,32,0,0,0,0
snapshot,spin,32,8192,73,7413265,2315,2745,3287,3006,973847,2995188,32,0,0,0,0
snapshot,spin,32,8192,74,4113456,2274,2756,2895,2745,1410186,2568207,32,0,0,0,0
snapshot,spin,32,8192,75,4893509,2275,2545,2655,2735,118502,1455770,32,0,0,0,0
snapshot,spin,32,8192,76,4093950,2294,2605,2605,2685,1730496,2557056,32,0,0,0,0
snapshot,spin,32,8192,77,5891621,2294,2595,2685,2795,1458376,1471541,32,0,0,0,0
snapshot,spin,32,8192,78,3332851,2305,2835,11512,2875,1561680,1791119,32,0,0,0,0
snapshot,spin,32,8192,79,2799101,2254,2585,2634,2775,59311,1238543,32,0,0,0,0
snapshot,spin,32,8192,80,7874621,2284,2544,2665,2806,430878,3408233,32,0,0,0,0
snapshot,spin,32,8192,81,3081590,2285,2695,2745,2925,416030,1554636,32,0,0,0,0
snapshot,spin,32,8192,82,6886106,2264,2514,2584,2675,1471921,2462489,32,0,0,0,0
snapshot,spin,32,8192,83,8021246,2284,2605,2715,2695,1582689,3575938,32,0,0,0,0
snapshot,spin,32,8192,84,3147263,2304,2895,3046,2936,1301130,1561579,32,0,0,0,0
snapshot,spin,32,8192,85,3929460,2304,2685,2785,2825,1405717,2392809,32,0,0,0,0
snapshot,spin,32,8192,86,3901348,2264,2625,2635,2765,482865,1458817,32,0,0,0,0
snapshot,spin,32,8192,87,7974678,2285,2494,2494,2745,564890,3548376,32,0,0,0,0
snapshot,spin,32,8192,88,2522732,2284,2524,2625,2836,208121,1088131,32,0,0,0,0
snapshot,spin,32,8192,89,7480271,2294,2635,2766,2725,70102,3042336,32,0,0,0,0
snapshot,spin,32,8192,90,2575551,2304,2575,2594,2776,211086,1122145,32,0,0,0,0
snapshot,spin,32,8192,91,11255744,2334,2745,116729,2875,6325154,6677976,32,0,0,0,0
snapshot,spin,32,8192,92,7349005,2404,4167,4418,3477,3676927,5737883,32,0,0,0,0
snapshot,spin,32,8192,93,2888208,2304,2615,2675,2855,42369,1364289,32,0,0,0,0
snapshot,spin,32,8192,94,3914884,2284,2585,2815,2785,500779,2468841,32,0,0,0,0
snapshot,spin,32,8192,95,3043620,2294,2655,2665,2675,576231,578055,32,0,0,0,0
snapshot,spin,32,8192,96,4962839,2294,2495,2634,2825,868349,1536402,32,0,0,0,0
snapshot,spin,32,8192,97,3072053,2294,2525,2675,2765,555622,1572509,32,0,0,0,0
snapshot,spin,32,8192,98,1928507,2144,2655,2735,2705,464451,484679,32,0,0,0,0
snapshot,spin,32,8192,99,2965853,2294,2435,2976,2695,339266,541635,32,0,0,0,0
snapshot,spin,128,8192,0,58705147,2435,3015,3035,5643776,35591351,38623959,128,0,0,0,0
snapshot,spin,128,8192,1,56086205,2565,3286,398859,5930755,35869012,46477251,128,0,0,0,0
snapshot,spin,128,8192,2,58505171,2465,3166,8446,5714149,37772823,44710917,128,0,0,0,0
snapshot,spin,128,8192,3,72212634,2565,3206,5069,6922575,41815215,49842262,128,0,0,0,0
snapshot,spin,128,8192,4,76649266,2515,3046,4478,6540919,39563872,48081800,128,0,0,0,0
snapshot,spin,128,8192,5,66102492,2405,2845,3286,5404939,48090987,57356587,128,0,0,0,0
snapshot,spin,128,8192,6,49239632,2365,2805,2895,5907261,38197579,41223786,128,0,0,0,0
snapshot,spin,128,8192,7,49836231,2364,3116,4238,5974106,33960642,39977678,128,0,0,0,0
snapshot,spin,128,8192,8,55978482,2474,4599,9348,5082523,36095216,47461235,128,0,0,0,0
snapshot,spin,128,8192,9,62994572,2425,3006,3216,6102176,37074413,48184502,128,0,0,0,0
snapshot,spin,128,8192,10,60880597,2465,3106,3366,5125575,35975190,40182903,128,0,0,0,0
snapshot,spin,128,8192,11,59440556,2525,3396,4819,4333359,32334211,34998018,128,0,0,0,0
snapshot,spin,128,8192,12,41623716,2435,2946,2966,5187371,25703173,28740771,128,0,0,0,0
snapshot,spin,128,8192,13,55292515,2345,2765,5500,4562347,25021745,28830739,128,0,0,0,0
snapshot,spin,128,8192,14,49766760,2384,2876,32441,4785306,27783746,33710803,128,0,0,0,0
snapshot,spin,128,8192,15,54823736,2465,3045,9698,4903288,29023280,32918458,128,0,0,0,0
snapshot,spin,128,8192,16,37451079,2354,2825,5420,4840219,24361466,25459395,128,0,0,0,0
snapshot,spin,128,8192,17,40504486,2295,2886,3366,4690047,27032576,28631505,128,0,0,0,0
snapshot,spin,128,8192,18,42109086,2285,3206,4448,3430735,25128946,29132395,128,0,0,0,0
snapshot,spin,128,8192,19,61002396,2374,2855,9758,5702506,27698545,31576499,128,0,0,0,0
snapshot,spin,128,8192,20,50726921,2385,4458,6152,5008886,28893908,32844448,128,0,0,0,0
snapshot,spin,128,8192,21,41949237,2304,2956,4428,4065436,24241010,27226971,128,0,0,0,0
snapshot,spin,128,8192,22,47183455,2345,2976,3336,5280365,23344228,32314243,128,0,0,0,0
snapshot,spin,128,8192,23,49863341,2375,4248,799760,3165678,23144965,32069164,128,0,0,0,0
snapshot,spin,128,8192,24,40120957,2354,2776,4950,4217051,24236321,34224516,128,0,0,0,0
snapshot,spin,128,8192,25,46406878,2324,2915,4689,3070660,20579713,27139117,128,0,0,0,0
snapshot,spin,128,8192,26,34745354,2295,2865,4569,4606530,21685997,25615338,128,0,0,0,0
snapshot,spin,128,8192,27,37197924,2244,2695,3206,4403449,20829020,21874742,128,0,0,0,0
snapshot,spin,128,8192,28,34454759,2264,2805,3356,3713455,19606427,23703061,128,0,0,0,0
snapshot,spin,128,8192,29,36004646,2314,3066,3115,3169515,21145303,22184082,128,0,0,0,0
snapshot,spin,128,8192,30,41126483,2285,2725,2765,2239701,19195116,24212687,128,0,0,0,0
snapshot,spin,128,8192,31,46613666,2335,2745,2946,3730978,18021164,19073257,128,0,0,0,0
snapshot,spin,128,8192,32,40498114,2374,4449,252584,3437147,20451642,24539920,128,0,0,0,0
snapshot,spin,128,8192,33,39730525,2394,3266,59752,3936514,19894567,22897089,128,0,0,0,0
snapshot,spin,128,8192,34,37011634,2344,2935,3296,3192619,19107731,28205456,128,0,0,0,0
snapshot,spin,128,8192,35,27284028,2344,3026,3376,3159216,18108187,21070063,128,0,0,0,0
snapshot,spin,128,8192,36,46327329,2264,2665,4088,3879627,18798491,25772823,128,0,0,0,0
snapshot,spin,128,8192,37,33608511,2344,2895,2936,3961481,17406400,18410263,128,0,0,0,0
snapshot,spin,128,8192,38,36797944,2374,3035,7534,3848329,18810173,19896581,128,0,0,0,0
snapshot,spin,128,8192,39,49842061,2315,2935,3356,4225356,20980985,26948188,128,0,0,0,0
snapshot,spin,128,8192,40,40115487,2315,2946,3166,3240088,17088925,19124704,128,0,0,0,0
snapshot,spin,128,8192,41,51879744,2325,2756,3166,3108441,21015659,33510076,128,0,0,0,0
snapshot,spin,128,8192,42,33068178,2355,2866,4759,3198700,18818518,26112992,128,0,0,0,0
snapshot,spin,128,8192,43,49207291,2525,12063,25749,3081981,21079019,25118125,128,0,0,0,0
snapshot,spin,128,8192,44,43237052,2475,3216,3707,3906067,27501506,31814867,128,0,0,0,0
snapshot,spin,128,8192,45,42439466,2435,4128,4719,3551321,18642919,21570550,128,0,0,0,0
snapshot,spin,128,8192,46,31979365,2535,3356,3727,3049550,21091864,23422635,128,0,0,0,0
snapshot,spin,128,8192,47,45074568,2384,3046,7414,3944419,26141585,35069131,128,0,0,0,0
snapshot,spin,128,8192,48,56391517,2494,3497,5410,4609587,29564435,39007539,128,0,0,0,0
snapshot,spin,128,8192,49,67533296,2535,3486,11562,4931000,27556299,56534394,128,0,0,0,0
snapshot,spin,128,8192,50,112204297,2725,4037,100000000,5541986,35648657,100000000,127,0,1,0,0
snapshot,spin,128,8192,51,80880271,2765,12294,861937,6584802,43595404,63493999,128,0,0,0,0
snapshot,spin,128,8192,52,86447143,2735,3557,3817,5114544,63202782,69458617,128,0,0,0,0
snapshot,spin,128,8192,53,50636041,2675,3406,4519,4403770,25373895,31882153,128,0,0,0,0
snapshot,spin,128,8192,54,42825700,2575,3055,3266,5778138,28782248,32787531,128,0,0,0,0
snapshot,spin,128,8192,55,61098836,2545,3627,6037795,4235845,32187967,50187750,128,0,0,0,0
snapshot,spin,128,8192,56,53742698,2555,3347,3566,4853253,31851105,37923615,128,0,0,0,0
snapshot,spin,128,8192,57,44123905,2454,2975,35567,4987365,26999464,31995636,128,0,0,0,0
snapshot,spin,128,8192,58,48131742,2465,3386,3005758,4503467,26008675,28929875,128,0,0,0,0
snapshot,spin,128,8192,59,44750561,2485,3116,6723,3805187,25865316,31871743,128,0,0,0,0
snapshot,spin,128,8192,60,46048164,2454,5160,23041249,5023333,26015298,28941577,128,0,0,0,0
snapshot,spin,128,8192,61,79840991,2385,3156,3256,4003099,23909598,62870388,128,0,0,0,0
snapshot,spin,128,8192,62,41982518,2365,3186,5410,3058367,24990445,27047364,128,0,0,0,0
snapshot,spin,128,8192,63,49894569,2384,4819,5430,3068105,23047682,35144121,128,0,0,0,0
snapshot,spin,128,8192,64,43211293,2384,2856,4117,3168984,23179980,27163982,128,0,0,0,0
snapshot,spin,128,8192,65,59781885,2365,2966,9648,3431517,34862263,40958869,128,0,0,0,0
snapshot,spin,128,8192,66,47641473,2345,2986,4608,2942310,30986502,37173649,128,0,0,0,0
snapshot,spin,128,8192,67,40344245,2354,2965,3196,3468696,26440645,32512846,128,0,0,0,0
snapshot,spin,128,8192,68,39034629,2314,3106,5080,3174234,25149243,28176462,128,0,0,0,0
snapshot,spin,128,8192,69,42439856,2314,2966,3286,3114291,27051792,31155119,128,0,0,0,0
snapshot,spin,128,8192,70,41935651,2445,3006,3988,3628586,27618666,33639449,128,0,0,0,0
snapshot,spin,128,8192,71,85810889,2404,3236,12800521,3708096,27672546,65063171,128,0,0,0,0
snapshot,spin,128,8192,72,39638802,2505,3467,6382,3843279,24872424,29829973,128,0,0,0,0
snapshot,spin,128,8192,73,41405265,2475,3266,6122,3674873,27613976,30537149,128,0,0,0,0
snapshot,spin,128,8192,74,46666584,2374,3066,4207,4665431,25680069,35761960,128,0,0,0,0
snapshot,spin,128,8192,75,50121384,2394,3366,2940936,3107038,30094410,39075936,128,0,0,0,0
snapshot,spin,128,8192,76,56127540,2435,3005,119724,5231523,31213779,35224722,128,0,0,0,0
snapshot,spin,128,8192,77,56906922,2505,3606,152827,4400124,27307953,30324882,128,0,0,0,0
snapshot,spin,128,8192,78,102986515,2695,3347,11361,3942145,57635960,86171856,128,0,0,0,0
snapshot,spin,128,8192,79,65016143,2755,3456,6573,4905632,44955264,49992613,128,0,0,0,0
snapshot,spin,128,8192,80,50744663,2696,3567,129452,5833392,28823065,39392911,128,0,0,0,0
snapshot,spin,128,8192,81,50865630,2615,3476,18084,4022706,33086040,43435654,128,0,0,0,0
snapshot,spin,128,8192,82,56420570,2645,3156,4809,4115149,42141857,47412343,128,0,0,0,0
snapshot,spin,128,8192,83,57830615,2635,3456,4729,3732291,30740952,44768674,128,0,0,0,0
snapshot,spin,128,8192,84,101683661,2655,3908,119394,5675726,44316717,83518950,128,0,0,0,0
snapshot,spin,128,8192,85,96920016,2725,3697,5891,5704120,51263857,81073663,128,0,0,0,0
snapshot,spin,128,8192,86,77057189,2725,3526,365666,4266924,39240745,64306252,128,0,0,0,0
snapshot,spin,128,8192,87,64086480,2725,3507,4479,3698888,46194378,58235905,128,0,0,0,0
snapshot,spin,128,8192,88,81889543,2735,3486,3597,3872133,51695377,72733770,128,0,0,0,0
snapshot,spin,128,8192,89,52182210,2615,4709,12383,4145766,35240592,40196888,128,0,0,0,0
snapshot,spin,128,8192,90,51859455,2514,3036,4489,4426012,32735543,38659866,128,0,0,0,0
snapshot,spin,128,8192,91,51943451,2414,3166,9002066,3987780,32702541,35751289,128,0,0,0,0
snapshot,spin,128,8192,92,49405411,2444,3426,17813,3142855,32198105,35142659,128,0,0,0,0
snapshot,spin,128,8192,93,48507087,2434,4008,4749,4630756,33187260,34778115,128,0,0,0,0
snapshot,spin,128,8192,94,52112028,2405,3136,6682,3219218,35111109,42149731,128,0,0,0,0
snapshot,spin,128,8192,95,57248894,2424,3026,3256,4043324,33061855,42004308,128,0,0,0,0
snapshot,spin,128,8192,96,50661638,2435,3457,3627,4688855,32735193,35842832,128,0,0,0,0
snapshot,spin,128,8192,97,56985379,2484,3216,15599,4034668,30131960,45027699,128,0,0,0,0
snapshot,spin,128,8192,98,41846422,2505,4218,4959,4114668,30064753,33063268,128,0,0,0,0
snapshot,spin,128,8192,99,47045484,2435,3006,3326,4290578,31300922,34261165,128,0,0,0,0
snapshot,alloc,4,8192,0,221466,1613,1623,2465,1854,2114,2294,4,0,0,0,0
snapshot,alloc,4,8192,1,218931,1603,1663,2435,1744,1854,2214,4,0,0,0,0
snapshot,alloc,4,8192,2,272872,1613,1623,2665,1683,2354,2414,4,0,0,0,0
snapshot,alloc,4,8192,3,233287,1663,1673,2375,1934,2054,2685,4,0,0,0,0
snapshot,alloc,4,8192,4,224801,1613,1613,2605,1763,2014,2394,4,0,0,0,0
snapshot,alloc,4,8192,5,220804,1603,1613,2385,1673,1814,2264,4,0,0,0,0
snapshot,alloc,4,8192,6,224241,1603,1613,2755,1593,2165,2565,4,0,0,0,0
snapshot,alloc,4,8192,7,181711,1603,1603,2725,1713,2014,2344,4,0,0,0,0
snapshot,alloc,4,8192,8,224300,1683,1693,2484,1834,2134,2505,4,0,0,0,0
snapshot,alloc,4,8192,9,226014,1613,1653,2385,1713,2034,2384,4,0,0,0,0
snapshot,alloc,4,8192,10,221626,1653,1653,2645,1753,2505,2695,4,0,0,0,0
snapshot,alloc,4,8192,11,230703,1653,1663,2384,1714,2004,2375,4,0,0,0,0
snapshot,alloc,4,8192,12,222567,1653,2465,2675,1943,2374,2635,4,0,0,0,0
snapshot,alloc,4,8192,13,227877,1613,1643,2395,1813,2104,2204,4,0,0,0,0
snapshot,alloc,4,8192,14,221355,1653,1663,3106,1844,2124,2464,4,0,0,0,0
snapshot,alloc,4,8192,15,219201,1623,1653,2915,1773,2093,2345,4,0,0,0,0
snapshot,alloc,4,8192,16,192501,1603,1653,2795,1714,2224,2445,4,0,0,0,0
snapshot,alloc,4,8192,17,219632,1663,1664,2815,1923,2074,2455,4,0,0,0,0
snapshot,alloc,4,8192,18,222988,1613,1623,2736,1613,2264,2364,4,0,0,0,0
snapshot,alloc,4,8192,19,219361,1613,1623,2785,1754,2274,2555,4,0,0,0,0
snapshot,alloc,4,8192,20,222467,1603,1613,2986,1663,1793,2214,4,0,0,0,0
snapshot,alloc,4,8192,21,225082,1663,2414,2665,2184,3347,4088,4,0,0,0,0
snapshot,alloc,4,8192,22,226275,1623,1654,2685,1783,1784,2154,4,0,0,0,0
snapshot,alloc,4,8192,23,221796,1663,1664,2424,1733,2345,2465,4,0,0,0,0
snapshot,alloc,4,8192,24,218449,1623,1664,2404,1833,2104,2174,4,0,0,0,0
snapshot,alloc,4,8192,25,214943,1623,1624,2405,1713,2114,2404,4,0,0,0,0
snapshot,alloc,4,8192,26,217769,1663,1673,2415,1834,2385,2605,4,0,0,0,0
snapshot,alloc,4,8192,27,221025,1613,1623,2425,1623,2134,2434,4,0,0,0,0
snapshot,alloc,4,8192,28,217959,1613,1613,2435,1694,2074,2374,4,0,0,0,0
snapshot,alloc,4,8192,29,223059,1613,1613,2485,1623,1813,2194,4,0,0,0,0
snapshot,alloc,4,8192,30,344566,2675,3115,4929,1803,1933,4499,4,0,0,0,0
snapshot,alloc,4,8192,31,243136,1653,1674,2745,1813,2054,3226,4,0,0,0,0
snapshot,alloc,4,8192,32,228919,1623,1653,3105,1784,2174,2746,4,0,0,0,0
snapshot,alloc,4,8192,33,236584,1613,1613,2475,1703,2334,2825,4,0,0,0,0
snapshot,alloc,4,8192,34,223530,1663,1664,2515,1824,2114,2494,4,0,0,0,0
snapshot,alloc,4,8192,35,221055,1613,1643,2385,1713,1924,2444,4,0,0,0,0
snapshot,alloc,4,8192,36,220113,1603,1633,2435,1794,2735,2925,4,0,0,0,0
snapshot,alloc,4,8192,37,218520,1613,1623,2675,1743,1744,2174,4,0,0,0,0
snapshot,alloc,4,8192,38,174076,1603,1603,2836,1593,1803,2174,4,0,0,0,0
snapshot,alloc,4,8192,39,219021,1653,1653,2665,1824,1854,2175,4,0,0,0,0
snapshot,alloc,4,8192,40,219421,1613,1643,2625,1763,2013,2375,4,0,0,0,0
snapshot,alloc,4,8192,41,221675,1603,1614,2364,1653,1983,2175,4,0,0,0,0
snapshot,alloc,4,8192,42,218560,1603,1643,2435,1763,1954,2164,4,0,0,0,0
snapshot,alloc,4,8192,43,228960,1613,1633,2926,1864,2054,2334,4,0,0,0,0
snapshot,alloc,4,8192,44,221405,1643,1673,2474,1954,2194,2284,4,0,0,0,0
snapshot,alloc,4,8192,45,230612,1613,1623,2565,1694,2184,2624,4,0,0,0,0
snapshot,alloc,4,8192,46,219291,1653,1663,2655,1843,1943,2325,4,0,0,0,0
snapshot,alloc,4,8192,47,214592,1613,1653,2374,1733,1984,2264,4,0,0,0,0
snapshot,alloc,4,8192,48,196669,1673,2425,2755,2004,2364,2515,4,0,0,0,0
snapshot,alloc,4,8192,49,222217,1663,1673,2505,1934,2194,2504,4,0,0,0,0
snapshot,alloc,4,8192,50,223078,1623,1623,2475,1743,1984,2364,4,0,0,0,0
snapshot,alloc,4,8192,51,222247,1613,1613,3066,1733,2064,2625,4,0,0,0,0
snapshot,alloc,4,8192,52,286688,2555,2705,3717,2314,2695,2875,4,0,0,0,0
snapshot,alloc,4,8192,53,270186,1673,2605,2785,2405,2605,2835,4,0,0,0,0
snapshot,alloc,4,8192,54,269645,1653,2755,2785,2134,2144,2484,4,0,0,0,0
snapshot,alloc,4,8192,55,264877,1613,2695,2815,2044,2174,2484,4,0,0,0,0
snapshot,alloc,4,8192,56,260349,1673,2415,2935,2154,2395,2855,4,0,0,0,0
snapshot,alloc,4,8192,57,258946,1613,2375,2765,2064,2104,2665,4,0,0,0,0
snapshot,alloc,4,8192,58,259056,1663,2675,2805,2104,2164,2455,4,0,0,0,0
snapshot,alloc,4,8192,59,266240,2195,2464,2815,2465,2745,3386,4,0,0,0,0
snapshot,alloc,4,8192,60,261150,1763,2455,2965,2104,2464,2925,4,0,0,0,0
snapshot,alloc,4,8192,61,221957,1633,2374,2866,2084,2164,2675,4,0,0,0,0
snapshot,alloc,4,8192,62,221215,1634,1984,2595,2164,2365,2955,4,0,0,0,0
snapshot,alloc,4,8192,63,271890,1623,1683,2855,2034,2104,2355,4,0,0,0,0
snapshot,alloc,4,8192,64,301686,1684,2885,2906,2255,3286,4047,4,0,0,0,0
snapshot,alloc,4,8192,65,248136,1653,2605,2675,2134,2394,2625,4,0,0,0,0
snapshot,alloc,4,8192,66,230472,1653,2415,2585,2224,2234,2535,4,0,0,0,0
snapshot,alloc,4,8192,67,228338,1623,2504,2515,1944,2024,2264,4,0,0,0,0
snapshot,alloc,4,8192,68,226054,1653,2484,2615,2014,2545,2614,4,0,0,0,0
snapshot,alloc,4,8192,69,257724,1663,2445,3346,2124,2484,2625,4,0,0,0,0
snapshot,alloc,4,8192,70,413025,1683,2474,2604,2255,2265,2515,4,0,0,0,0
snapshot,alloc,4,8192,71,363241,1743,2014,2705,2826,3666,3667,4,0,0,0,0
snapshot,alloc,4,8192,72,338124,1683,1693,2445,2205,2324,3466,4,0,0,0,0
snapshot,alloc,4,8192,73,303269,1623,1643,3216,1974,2214,2946,4,0,0,0,0
snapshot,alloc,4,8192,74,297438,1653,1673,2575,2044,2545,2965,4,0,0,0,0
snapshot,alloc,4,8192,75,329508,1623,1623,2455,1974,2285,2755,4,0,0,0,0
snapshot,alloc,4,8192,76,232787,1613,1623,2354,1694,2074,2595,4,0,0,0,0
snapshot,alloc,4,8192,77,222658,1613,1613,2494,1633,2063,2265,4,0,0,0,0
snapshot,alloc,4,8192,78,223179,1653,1663,2424,1793,2174,2515,4,0,0,0,0
snapshot,alloc,4,8192,79,361127,1623,1633,2765,1713,1794,2224,4,0,0,0,0
snapshot,alloc,4,8192,80,289784,1613,1643,2735,1923,2204,3306,4,0,0,0,0
snapshot,alloc,4,8192,81,284394,1764,1784,4679,2484,3266,5330,4,0,0,0,0
snapshot,alloc,4,8192,82,276028,1623,1653,2565,1924,2525,2775,4,0,0,0,0
snapshot,alloc,4,8192,83,278012,1623,1633,2445,1843,2395,2655,4,0,0,0,0
snapshot,alloc,4,8192,84,276168,1613,1623,2805,1834,2044,2495,4,0,0,0,0
snapshot,alloc,4,8192,85,275958,1663,1663,2364,1984,2254,2485,4,0,0,0,0
snapshot,alloc,4,8192,86,273944,1613,1613,2655,1884,2405,2435,4,0,0,0,0
snapshot,alloc,4,8192,87,271008,1623,1664,2385,1933,2044,2464,4,0,0,0,0
snapshot,alloc,4,8192,88,296847,1663,1663,2895,2124,2214,2595,4,0,0,0,0
snapshot,alloc,4,8192,89,311835,1673,1673,2435,2004,2294,2735,4,0,0,0,0
snapshot,alloc,4,8192,90,281899,1653,1663,2605,1924,2274,2695,4,0,0,0,0
snapshot,alloc,4,8192,91,279454,1663,1664,2445,2234,2564,2855,4,0,0,0,0
snapshot,alloc,4,8192,92,278252,1673,1724,2685,2134,2154,2575,4,0,0,0,0
snapshot,alloc,4,8192,93,278001,1623,1683,2384,2094,2104,2495,4,0,0,0,0
snapshot,alloc,4,8192,94,277220,1623,1623,2585,1944,2365,2886,4,0,0,0,0
snapshot,alloc,4,8192,95,275747,1653,1664,2445,2084,2254,2434,4,0,0,0,0
snapshot,alloc,4,8192,96,276249,1673,1683,2444,2034,2344,2535,4,0,0,0,0
snapshot,alloc,4,8192,97,280295,1684,1713,2795,1943,2675,2746,4,0,0,0,0
snapshot,alloc,4,8192,98,328757,1633,1663,2795,1983,2194,2725,4,0,0,0,0
snapshot,alloc,4,8192,99,271510,1673,1673,2675,1894,2074,3226,4,0,0,0,0
snapshot,alloc,32,8192,0,4072790,3386,3787,4809,3135,2705034,2724421,32,0,0,0,0
snapshot,alloc,32,8192,1,2962928,3376,3797,4178,3095,607309,1604841,32,0,0,0,0
snapshot,alloc,32,8192,2,6517595,3336,3738,4288,2966,1667799,5219160,32,0,0,0,0
snapshot,alloc,32,8192,3,1905494,3336,3947,4448,2955,111209,637085,32,0,0,0,0
snapshot,alloc,32,8192,4,6495233,3426,3928,4047,3186,1206403,2214134,32,0,0,0,0
snapshot,alloc,32,8192,5,2176503,3376,3767,4598,3015,741981,811973,32,0,0,0,0
snapshot,alloc,32,8192,6,6800086,3356,6302,6492,2936,1518128,2538462,32,0,0,0,0
snapshot,alloc,32,8192,7,1999831,3317,3616,4128,3307,522921,663294,32,0,0,0,0
snapshot,alloc,32,8192,8,7015078,3307,3647,4268,2886,2247996,2733206,32,0,0,0,0
snapshot,alloc,32,8192,9,3699560,3356,3897,4268,3016,318588,2393309,32,0,0,0,0
snapshot,alloc,32,8192,10,5289692,3426,6222,20719,3106,566042,1999951,32,0,0,0,0
snapshot,alloc,32,8192,11,2079371,3317,3686,4338,2925,110036,741570,32,0,0,0,0
snapshot,alloc,32,8192,12,4008680,3316,3777,4038,2835,641433,2626958,32,0,0,0,0
snapshot,alloc,32,8192,13,3000729,3347,3818,4349,2845,1605191,1618155,32,0,0,0,0
snapshot,alloc,32,8192,14,4549063,3326,3927,4188,2996,1609619,2603955,32,0,0,0,0
snapshot,alloc,32,8192,15,1444870,3286,3847,4428,2816,7584,60263,32,0,0,0,0
snapshot,alloc,32,8192,16,1991696,3316,3837,4398,2796,7083,619442,32,0,0,0,0
snapshot,alloc,32,8192,17,3903172,3336,3697,3968,2775,516288,1619207,32,0,0,0,0
snapshot,alloc,32,8192,18,4080384,3316,3666,4428,2876,381796,2712728,32,0,0,0,0
snapshot,alloc,32,8192,19,2993274,3276,3687,3907,2815,7024,1635017,32,0,0,0,0
snapshot,alloc,32,8192,20,3997598,3326,3607,4348,2825,1634165,2664799,32,0,0,0,0
snapshot,alloc,32,8192,21,3882813,3226,3767,4268,2775,196008,638157,32,0,0,0,0
snapshot,alloc,32,8192,22,4119587,3246,4188,4248,2946,778751,2751191,32,0,0,0,0
snapshot,alloc,32,8192,23,3982060,3296,3857,4058,2866,1624788,2667414,32,0,0,0,0
snapshot,alloc,32,8192,24,2894640,3216,3697,4168,2815,6392,645230,32,0,0,0,0
snapshot,alloc,32,8192,25,4023076,3306,3787,4278,2805,741421,1772304,32,0,0,0,0
snapshot,alloc,32,8192,26,4117444,3196,4007,4328,2715,6963,2717487,32,0,0,0,0
snapshot,alloc,32,8192,27,6913278,3326,3948,4238,2886,2626627,5626694,32,0,0,0,0
snapshot,alloc,32,8192,28,4061368,3326,3767,4519,2905,1717893,2699554,32,0,0,0,0
snapshot,alloc,32,8192,29,9992564,3317,3977,4349,2885,5631874,8634386,32,0,0,0,0
snapshot,alloc,32,8192,30,6996994,3316,3727,4198,3176,4635585,5636603,32,0,0,0,0
snapshot,alloc,32,8192,31,4975543,3386,3838,3988,3526,3613999,3621663,32,0,0,0,0
snapshot,alloc,32,8192,32,5339756,3307,3827,4468,3196,2205857,4052291,32,0,0,0,0
snapshot,alloc,32,8192,33,5496150,3346,4969,6372,3056,2297519,4216148,32,0,0,0,0
snapshot,alloc,32,8192,34,5075981,3296,3737,4168,2966,310212,2800042,32,0,0,0,0
snapshot,alloc,32,8192,35,4093248,3336,3707,4108,2895,722495,2750679,32,0,0,0,0
snapshot,alloc,32,8192,36,3986808,3196,3647,4148,2705,7103,2628671,32,0,0,0,0
snapshot,alloc,32,8192,37,3008523,3346,3707,4408,2855,1632352,1664633,32,0,0,0,0
snapshot,alloc,32,8192,38,3883695,3246,3557,4318,2775,6672,1627122,32,0,0,0,0
snapshot,alloc,32,8192,39,2096623,3306,3536,4068,2815,314971,726263,32,0,0,0,0
snapshot,alloc,32,8192,40,3910595,3326,3717,4288,2846,1642661,1669792,32,0,0,0,0
snapshot,alloc,32,8192,41,2105910,3246,3657,3947,2936,6883,718498,32,0,0,0,0
snapshot,alloc,32,8192,42,3886420,3356,3596,4208,2916,1180535,1617514,32,0,0,0,0
snapshot,alloc,32,8192,43,2910880,3366,3857,4449,2925,865985,1617885,32,0,0,0,0
snapshot,alloc,32,8192,44,3081500,3286,3517,3927,2865,6612,813547,32,0,0,0,0
snapshot,alloc,32,8192,45,4104168,3326,3747,4298,2785,725801,2764696,32,0,0,0,0
snapshot,alloc,32,8192,46,3989603,3317,3667,4218,2936,362170,2618802,32,0,0,0,0
snapshot,alloc,32,8192,47,3000859,3306,3637,4248,2785,1005697,1631179,32,0,0,0,0
snapshot,alloc,32,8192,48,3887973,3326,3797,4158,2786,1623916,1629016,32,0,0,0,0
snapshot,alloc,32,8192,49,2089078,3317,3717,4228,2925,397635,736191,32,0,0,0,0
snapshot,alloc,32,8192,50,4130187,3256,3928,4248,2735,1640877,2750459,32,0,0,0,0
snapshot,alloc,32,8192,51,1868305,3326,3647,4098,2765,7284,511820,32,0,0,0,0
snapshot,alloc,32,8192,52,3904915,3236,3637,4318,2715,6552,1635588,32,0,0,0,0
snapshot,alloc,32,8192,53,2099388,3346,3807,4388,2956,6643,731802,32,0,0,0,0
snapshot,alloc,32,8192,54,3901107,3296,4018,4228,2835,528532,1614157,32,0,0,0,0
snapshot,alloc,32,8192,55,5083335,3296,3787,4097,2865,726001,3750304,32,0,0,0,0
snapshot,alloc,32,8192,56,3901528,3306,3707,4589,2916,424998,1630268,32,0,0,0,0
snapshot,alloc,32,8192,57,2090251,3326,3586,4258,2915,291878,731692,32,0,0,0,0
snapshot,alloc,32,8192,58,3909403,3316,3617,4168,2875,375345,1632642,32,0,0,0,0
snapshot,alloc,32,8192,59,2087867,3306,3737,4459,2965,6693,715612,32,0,0,0,0
snapshot,alloc,32,8192,60,3883524,3336,3757,4308,2855,546966,1638163,32,0,0,0,0
snapshot,alloc,32,8192,61,3103511,3336,3727,4268,2906,751039,1752447,32,0,0,0,0
snapshot,alloc,32,8192,62,2917012,3316,3828,4479,2785,356178,647644,32,0,0,0,0
snapshot,alloc,32,8192,63,4087808,3356,3777,4178,3036,950693,2786196,32,0,0,0,0
snapshot,alloc,32,8192,64,3993791,3326,3898,4338,2936,1665153,2620275,32,0,0,0,0
snapshot,alloc,32,8192,65,3995595,3357,3807,4238,2955,1646758,2638519,32,0,0,0,0
snapshot,alloc,32,8192,66,3011448,3316,3938,4207,2815,6241,1636680,32,0,0,0,0
snapshot,alloc,32,8192,67,4898368,3266,3747,4449,2786,1625790,2065775,32,0,0,0,0
snapshot,alloc,32,8192,68,4138152,3286,4679,5070,2735,29265,2728087,32,0,0,0,0
snapshot,alloc,32,8192,69,5546774,3346,3847,4108,3046,2609394,4235655,32,0,0,0,0
snapshot,alloc,32,8192,70,5417782,3336,4208,4498,3156,2030569,3065810,32,0,0,0,0
snapshot,alloc,32,8192,71,7515096,3317,3897,3977,3296,2649399,4925028,32,0,0,0,0
snapshot,alloc,32,8192,72,5500417,3327,3637,4068,3035,4094991,4101553,32,0,0,0,0
snapshot,alloc,32,8192,73,6974132,3347,4118,987772,3146,2215165,4664039,32,0,0,0,0
snapshot,alloc,32,8192,74,7996790,3356,3897,4158,3266,6501294,6593788,32,0,0,0,0
snapshot,alloc,32,8192,75,9401404,3406,3747,4368,3026,1597626,4612001,32,0,0,0,0
snapshot,alloc,32,8192,76,5583443,3346,3717,4358,3176,1200793,4205168,32,0,0,0,0
snapshot,alloc,32,8192,77,5512209,3306,3817,4098,2955,1613537,4159803,32,0,0,0,0
snapshot,alloc,32,8192,78,4471818,3367,3868,3887,3196,2089179,3095977,32,0,0,0,0
snapshot,alloc,32,8192,79,6009532,3416,3787,4038,3116,1615971,4629724,32,0,0,0,0
snapshot,alloc,32,8192,80,5985547,3357,4208,18594,3026,1620760,4603375,32,0,0,0,0
snapshot,alloc,32,8192,81,7008056,3356,3767,4188,3056,1214147,5621745,32,0,0,0,0
snapshot,alloc,32,8192,82,5981209,3386,4178,13135,3036,1609039,4613443,32,0,0,0,0
snapshot,alloc,32,8192,83,6014462,3366,3788,4017,3065,1658290,4615808,32,0,0,0,0
snapshot,alloc,32,8192,84,5987320,3356,3828,4228,2886,1604590,4618984,32,0,0,0,0
snapshot,alloc,32,8192,85,3991948,3406,3697,4278,3016,1619407,2631867,32,0,0,0,0
snapshot,alloc,32,8192,86,4927302,3336,4288,10019,2936,324529,633819,32,0,0,0,0
snapshot,alloc,32,8192,87,3063176,3326,3837,4158,2865,697548,1703125,32,0,0,0,0
snapshot,alloc,32,8192,88,4023687,3306,4007,4108,2895,1625298,2635513,32,0,0,0,0
snapshot,alloc,32,8192,89,8030012,3356,3687,4278,2915,1616853,2603182,32,0,0,0,0
snapshot,alloc,32,8192,90,3953716,3337,4098,16982,3216,1548163,2560282,32,0,0,0,0
snapshot,alloc,32,8192,91,3042026,3306,4068,4238,2816,614142,1626210,32,0,0,0,0
snapshot,alloc,32,8192,92,3976489,3306,3918,4008,2846,1021295,1569153,32,0,0,0,0
snapshot,alloc,32,8192,93,4958060,3396,3867,4028,3166,1284028,1976056,32,0,0,0,0
snapshot,alloc,32,8192,94,3927116,3397,3867,4238,2935,627788,1629847,32,0,0,0,0
snapshot,alloc,32,8192,95,4077177,3376,3808,3907,3136,1694288,2698942,32,0,0,0,0
snapshot,alloc,32,8192,96,3983262,3386,3927,4238,3176,1607666,2645612,32,0,0,0,0
snapshot,alloc,32,8192,97,3913130,3366,3908,4168,2936,632356,1642891,32,0,0,0,0
snapshot,alloc,32,8192,98,4113365,3316,3868,3947,2956,1324164,2713850,32,0,0,0,0
snapshot,alloc,32,8192,99,3877754,3337,3947,4298,3115,1588399,2624664,32,0,0,0,0
snapshot,alloc,128,8192,0,51122622,3456,4158,4378,3857195,38745907,42807044,128,0,0,0,0
snapshot,alloc,128,8192,1,46984219,3426,4659,6873,4562648,34579541,37599336,128,0,0,0,0
snapshot,alloc,128,8192,2,46824550,3416,4769,5931,3614750,34615920,38612326,128,0,0,0,0
snapshot,alloc,128,8192,3,49722595,3377,3827,4589,3797974,33784470,39776871,128,0,0,0,0
snapshot,alloc,128,8192,4,49826381,3406,4018,9015571,3962252,33057076,38977371,128,0,0,0,0
snapshot,alloc,128,8192,5,37767361,3416,5470,5831,3105766,23115949,27240316,128,0,0,0,0
snapshot,alloc,128,8192,6,38711191,3366,3848,4148,3371484,22362446,29359170,128,0,0,0,0
snapshot,alloc,128,8192,7,36999040,3496,4548,5821,4732607,27693315,30709673,128,0,0,0,0
snapshot,alloc,128,8192,8,45693078,3466,5049,9248,3466683,26664185,36648532,128,0,0,0,0
snapshot,alloc,128,8192,9,34250805,3407,5070,6232,3171890,22112487,27188107,128,0,0,0,0
snapshot,alloc,128,8192,10,31881030,3366,4369,2263526,4706769,24647802,26658724,128,0,0,0,0
snapshot,alloc,128,8192,11,35100128,3356,4077,5741,3766455,23697941,26721251,128,0,0,0,0
snapshot,alloc,128,8192,12,60776921,3377,4128,5720,3661028,24596796,52645979,128,0,0,0,0
snapshot,alloc,128,8192,13,35986631,3407,4448,4558,3865190,24757498,27891847,128,0,0,0,0
snapshot,alloc,128,8192,14,33073477,3427,4749,6292,3862415,23852570,24838961,128,0,0,0,0
snapshot,alloc,128,8192,15,37985169,3376,4319,6281,3746267,24790360,29685742,128,0,0,0,0
snapshot,alloc,128,8192,16,35004419,3386,3918,4569,3668150,23812485,26713437,128,0,0,0,0
snapshot,alloc,128,8192,17,42970571,3377,3787,3998,3764822,23751691,26709670,128,0,0,0,0
snapshot,alloc,128,8192,18,37960312,3367,3877,4508,3755625,23786828,26718336,128,0,0,0,0
snapshot,alloc,128,8192,19,36969815,3376,3967,16410,3804997,24694741,28741100,128,0,0,0,0
snapshot,alloc,128,8192,20,35972074,3346,3887,4328,3824944,25780066,26718737,128,0,0,0,0
snapshot,alloc,128,8192,21,38962272,3367,4268,9879,4811826,25739620,27747817,128,0,0,0,0
snapshot,alloc,128,8192,22,37094038,3366,6152,6502,4682032,24867925,25755831,128,0,0,0,0
snapshot,alloc,128,8192,23,31940862,3386,4268,11371,3741328,23678705,26761386,128,0,0,0,0
snapshot,alloc,128,8192,24,35929414,3347,3907,4588,3724155,22802591,25700317,128,0,0,0,0
snapshot,alloc,128,8192,25,29033919,3366,4168,4248,3762959,18877488,19833903,128,0,0,0,0
snapshot,alloc,128,8192,26,28515177,3356,4128,4578,3746187,14951615,17810507,128,0,0,0,0
snapshot,alloc,128,8192,27,32490844,3487,4187,67457,3214370,18569020,21285686,128,0,0,0,0
snapshot,alloc,128,8192,28,42033132,3436,4047,5661,3680955,22672577,25676773,128,0,0,0,0
snapshot,alloc,128,8192,29,42889869,3497,4439,9458,2664948,18746202,28643247,128,0,0,0,0
snapshot,alloc,128,8192,30,79975872,3406,3847,4359,3969886,35902342,63862998,128,0,0,0,0
snapshot,alloc,128,8192,31,32772993,3486,4048,4208,4363164,17699780,24854039,128,0,0,0,0
snapshot,alloc,128,8192,32,35690234,3466,6341,61385,3656810,22661186,25700697,128,0,0,0,0
snapshot,alloc,128,8192,33,41474865,3417,4138,4178,4171395,24174995,29294499,128,0,0,0,0
snapshot,alloc,128,8192,34,48040490,3416,4308,4489,4651595,21726914,26743012,128,0,0,0,0
snapshot,alloc,128,8192,35,31510134,3496,6583,6693,3295983,17593029,19724207,128,0,0,0,0
snapshot,alloc,128,8192,36,53458313,3367,4168,14137,3169635,21064962,41178279,128,0,0,0,0
snapshot,alloc,128,8192,37,77015829,3507,4559,6682,3692456,22757396,66727813,128,0,0,0,0
snapshot,alloc,128,8192,38,34293755,3536,4038,4459,4645113,21655489,25633120,128,0,0,0,0
snapshot,alloc,128,8192,39,44334930,3387,3717,5350,4851390,19385672,31266898,128,0,0,0,0
snapshot,alloc,128,8192,40,46643660,3476,15209,17272,3992199,19895348,20875938,128,0,0,0,0
snapshot,alloc,128,8192,41,32836532,3456,4248,4799,3339865,17775402,20357014,128,0,0,0,0
snapshot,alloc,128,8192,42,45940732,3407,4288,4669,3905535,25737326,32388011,128,0,0,0,0
snapshot,alloc,128,8192,43,30424498,3416,4479,5380,4390536,20444869,25206380,128,0,0,0,0
snapshot,alloc,128,8192,44,30687591,3367,4669,5520,4025270,20015674,20995883,128,0,0,0,0
snapshot,alloc,128,8192,45,29340074,3367,4468,4648,4299875,19406481,20389244,128,0,0,0,0
snapshot,alloc,128,8192,46,32674297,3426,4758,5801,4048825,19022741,20594700,128,0,0,0,0
snapshot,alloc,128,8192,47,27527002,3396,4058,5821,4351652,19323586,20277545,128,0,0,0,0
snapshot,alloc,128,8192,48,36803833,3406,6332,6503,3953856,18783573,21727925,128,0,0,0,0
snapshot,alloc,128,8192,49,40000169,3357,4318,6382,3865901,18966706,21856306,128,0,0,0,0
snapshot,alloc,128,8192,50,32836011,3376,4729,6503,3988050,17963565,20929367,128,0,0,0,0
snapshot,alloc,128,8192,51,36673589,3387,4479,5370,3570036,15094503,18027113,128,0,0,0,0
snapshot,alloc,128,8192,52,31576087,3377,4308,4499,3374550,17429413,21302838,128,0,0,0,0
snapshot,alloc,128,8192,53,29939919,3367,5410,48291,3820256,17723745,18854095,128,0,0,0,0
snapshot,alloc,128,8192,54,32683605,3356,4469,4969,3867625,15815815,18778974,128,0,0,0,0
snapshot,alloc,128,8192,55,30849625,3406,4879,5731,4093749,16091564,19154188,128,0,0,0,0
snapshot,alloc,128,8192,56,30963348,3386,4538,36058,3315819,15291873,18253960,128,0,0,0,0
snapshot,alloc,128,8192,57,32445028,3356,4749,5490,3324255,17295121,20337087,128,0,0,0,0
snapshot,alloc,128,8192,58,34120421,3366,4218,4409,3877844,17863157,20840420,128,0,0,0,0
snapshot,alloc,128,8192,59,38865801,3447,4358,4439,3782405,22572389,29775370,128,0,0,0,0
snapshot,alloc,128,8192,60,32051850,3406,4228,5640,2848373,20783193,23881615,128,0,0,0,0
snapshot,alloc,128,8192,61,35066244,3367,3897,5240,3758961,21755307,23743366,128,0,0,0,0
snapshot,alloc,128,8192,62,50523478,3447,4548,11562,3711482,21714640,35733316,128,0,0,0,0
snapshot,alloc,128,8192,63,50529068,3447,6301,6983,3170968,35072486,41138023,128,0,0,0,0
snapshot,alloc,128,8192,64,45204000,3466,4068,5500,3635860,23607931,26643666,128,0,0,0,0
snapshot,alloc,128,8192,65,34506995,3396,4388,4649,4222400,20321547,26229830,128,0,0,0,0
snapshot,alloc,128,8192,66,31888273,3386,4608,6682,3824293,18855497,20770389,128,0,0,0,0
snapshot,alloc,128,8192,67,34499191,3396,4388,5340,3891920,17875429,20898229,128,0,0,0,0
snapshot,alloc,128,8192,68,33890840,3367,4138,4649,3946182,17847988,20875827,128,0,0,0,0
snapshot,alloc,128,8192,69,30741031,3356,4969,5630,3519131,18417676,20496415,128,0,0,0,0
snapshot,alloc,128,8192,70,27900894,3387,4559,14207,3766294,18661254,22641218,128,0,0,0,0
snapshot,alloc,128,8192,71,45172971,3386,4799,5690,3446955,17411059,20366101,128,0,0,0,0
snapshot,alloc,128,8192,72,45753249,3406,4228,17012,3599441,20656356,28633188,128,0,0,0,0
snapshot,alloc,128,8192,73,43158623,3396,11762,380163,3854911,23908656,26843030,128,0,0,0,0
snapshot,alloc,128,8192,74,34009081,3416,3887,4638,3695632,20702613,23657735,128,0,0,0,0
snapshot,alloc,128,8192,75,32832454,3476,4428,4649,4520940,20544636,22639495,128,0,0,0,0
snapshot,alloc,128,8192,76,42435827,3407,4829,6462,3767847,19389108,22764650,128,0,0,0,0
snapshot,alloc,128,8192,77,33618218,3406,5801,6251,3367336,18279907,19329647,128,0,0,0,0
snapshot,alloc,128,8192,78,36965857,3387,4428,5400,3688439,17691474,19639197,128,0,0,0,0
snapshot,alloc,128,8192,79,36187406,3487,4489,6362,4666643,17652661,20709876,128,0,0,0,0
snapshot,alloc,128,8192,80,34512936,3447,4098,5260,3607376,19478356,23253517,128,0,0,0,0
snapshot,alloc,128,8192,81,31203749,3457,4118,5801,3963935,16866557,18895092,128,0,0,0,0
snapshot,alloc,128,8192,82,37479681,3396,5821,7464,4687863,19589404,22688427,128,0,0,0,0
snapshot,alloc,128,8192,83,47303086,3516,10369,13215,4360810,27143894,33892823,128,0,0,0,0
snapshot,alloc,128,8192,84,36166047,3496,4198,4448,4976104,19906719,21849012,128,0,0,0,0
snapshot,alloc,128,8192,85,47113280,3376,5130,6262,3749533,25652637,30735551,128,0,0,0,0
snapshot,alloc,128,8192,86,33904484,3377,5761,89408,4500571,20584650,23517842,128,0,0,0,0
snapshot,alloc,128,8192,87,34597525,3436,4048,4919,3698207,22519008,25669338,128,0,0,0,0
snapshot,alloc,128,8192,88,43332258,3407,3918,2933342,5750978,20856059,23831591,128,0,0,0,0
snapshot,alloc,128,8192,89,43162400,3396,3987,5801,4605178,19729367,24546402,128,0,0,0,0
snapshot,alloc,128,8192,90,36430523,3407,5881,11491,4434107,21411592,24447536,128,0,0,0,0
snapshot,alloc,128,8192,91,28283842,3387,5160,6362,4031151,20119498,23106491,128,0,0,0,0
snapshot,alloc,128,8192,92,48955737,3347,4328,4719,4381769,19785752,25748807,128,0,0,0,0
snapshot,alloc,128,8192,93,36901196,3377,3947,4509,3741298,16673104,19796833,128,0,0,0,0
snapshot,alloc,128,8192,94,32102464,3357,3717,3988,4711147,16840698,18782771,128,0,0,0,0
snapshot,alloc,128,8192,95,29935189,3376,3958,4899,3774410,16839666,20775889,128,0,0,0,0
snapshot,alloc,128,8192,96,35712877,3347,4037,4328,3783166,17244916,21249177,128,0,0,0,0
snapshot,alloc,128,8192,97,27219716,3396,4328,5721,3956381,15935400,17924000,128,0,0,0,0
snapshot,alloc,128,8192,98,29756765,3346,4689,5110,3838059,16733167,17704138,128,0,0,0,0
snapshot,alloc,128,8192,99,28250069,3416,4338,4889,3954067,17987299,21919094,128,0,0,0,0
snapshot,lock,4,8192,0,243326,1853,1933,1944,2265,2655,3066,4,0,0,0,0
snapshot,lock,4,8192,1,244810,1774,1784,1793,2495,2735,2895,4,0,0,0,0
snapshot,lock,4,8192,2,236203,1783,1924,1953,2315,2374,2384,4,0,0,0,0
snapshot,lock,4,8192,3,239429,1713,1823,1823,2234,2354,2375,4,0,0,0,0
snapshot,lock,4,8192,4,251903,1934,1934,2044,2485,2495,2555,4,0,0,0,0
snapshot,lock,4,8192,5,253345,1743,1804,1833,2575,2584,3065,4,0,0,0,0
snapshot,lock,4,8192,6,247855,1844,1904,1983,2625,2765,2856,4,0,0,0,0
snapshot,lock,4,8192,7,246562,1764,1774,1813,2725,2765,3176,4,0,0,0,0
snapshot,lock,4,8192,8,244038,1813,1854,2064,2445,2735,3216,4,0,0,0,0
snapshot,lock,4,8192,9,240722,1734,1813,1843,2755,2896,2925,4,0,0,0,0
snapshot,lock,4,8192,10,245521,1823,1833,2374,2765,2946,3156,4,0,0,0,0
snapshot,lock,4,8192,11,245030,1853,2004,2014,2315,2394,2725,4,0,0,0,0
snapshot,lock,4,8192,12,246703,1864,1953,2053,2114,2234,2905,4,0,0,0,0
snapshot,lock,4,8192,13,239289,1733,1823,2064,2555,2916,3226,4,0,0,0,0
snapshot,lock,4,8192,14,250851,1683,1763,1873,2725,2855,2926,4,0,0,0,0
snapshot,lock,4,8192,15,245110,1844,1903,2364,2735,2825,2976,4,0,0,0,0
snapshot,lock,4,8192,16,240391,1863,1893,1924,2454,2555,2675,4,0,0,0,0
snapshot,lock,4,8192,17,242134,1723,1903,2094,2806,2815,2935,4,0,0,0,0
snapshot,lock,4,8192,18,243427,1764,1804,2013,2274,2614,2815,4,0,0,0,0
snapshot,lock,4,8192,19,240221,1713,1823,2304,2244,2625,2635,4,0,0,0,0
snapshot,lock,4,8192,20,248616,1954,1994,2334,2504,2635,2755,4,0,0,0,0
snapshot,lock,4,8192,21,244258,1853,1954,1963,2645,2735,2766,4,0,0,0,0
snapshot,lock,4,8192,22,245250,1793,1833,1934,2355,2404,2444,4,0,0,0,0
snapshot,lock,4,8192,23,241473,1833,1883,1894,2475,2585,2765,4,0,0,0,0
snapshot,lock,4,8192,24,206708,1853,1853,1953,2124,2184,2225,4,0,0,0,0
snapshot,lock,4,8192,25,249257,2024,2365,2395,2966,3046,3075,4,0,0,0,0
snapshot,lock,4,8192,26,245410,1783,1803,1853,2635,2665,3266,4,0,0,0,0
snapshot,lock,4,8192,27,245922,1763,1874,2074,2735,2825,3106,4,0,0,0,0
snapshot,lock,4,8192,28,243166,1814,1894,2114,2295,2485,2495,4,0,0,0,0
snapshot,lock,4,8192,29,245530,1914,1924,2134,2514,2545,2585,4,0,0,0,0
snapshot,lock,4,8192,30,236033,1703,1833,1853,2254,2284,3156,4,0,0,0,0
snapshot,lock,4,8192,31,245570,1733,1773,1783,2535,2685,2806,4,0,0,0,0
snapshot,lock,4,8192,32,243827,1753,1844,1913,2475,2515,2545,4,0,0,0,0
snapshot,lock,4,8192,33,198823,1803,1833,1854,2505,2535,2665,4,0,0,0,0
snapshot,lock,4,8192,34,242155,1784,1844,1874,2234,2254,3116,4,0,0,0,0
snapshot,lock,4,8192,35,244999,1734,1773,1793,2385,2475,2565,4,0,0,0,0
snapshot,lock,4,8192,36,244418,1824,1953,2044,2345,2514,2654,4,0,0,0,0
snapshot,lock,4,8192,37,357370,1773,1814,1894,2584,2785,3166,4,0,0,0,0
snapshot,lock,4,8192,38,332053,1694,1773,2134,3065,3236,3256,4,0,0,0,0
snapshot,lock,4,8192,39,291116,1844,1873,1893,2464,2635,3066,4,0,0,0,0
snapshot,lock,4,8192,40,401934,1704,1853,2014,2535,2785,3867,4,0,0,0,0
snapshot,lock,4,8192,41,260809,1744,1813,1834,2675,3075,3567,4,0,0,0,0
snapshot,lock,4,8192,42,253205,1713,1964,1994,2214,2255,2404,4,0,0,0,0
snapshot,lock,4,8192,43,243767,1814,1883,2004,2494,2575,2595,4,0,0,0,0
snapshot,lock,4,8192,44,242135,1693,1793,1814,2445,2675,2865,4,0,0,0,0
snapshot,lock,4,8192,45,242364,1773,1823,1924,2455,2505,2544,4,0,0,0,0
snapshot,lock,4,8192,46,250760,1693,1763,1794,2354,2394,2876,4,0,0,0,0
snapshot,lock,4,8192,47,247304,1823,1873,1954,2404,2435,2535,4,0,0,0,0
snapshot,lock,4,8192,48,249798,1923,1984,10068,2365,7805,8746,4,0,0,0,0
snapshot,lock,4,8192,49,248656,1764,1834,1863,2454,2745,2796,4,0,0,0,0
snapshot,lock,4,8192,50,247294,1763,1894,2064,2544,2685,2766,4,0,0,0,0
snapshot,lock,4,8192,51,240491,1834,1953,1954,2455,2525,3226,4,0,0,0,0
snapshot,lock,4,8192,52,248857,1864,2605,4278,2464,2525,4538,4,0,0,0,0
snapshot,lock,4,8192,53,240391,1724,1753,1813,2555,2696,2905,4,0,0,0,0
snapshot,lock,4,8192,54,239369,1813,1824,1883,2474,2545,2705,4,0,0,0,0
snapshot,lock,4,8192,55,247554,1873,1933,1964,2295,2474,2534,4,0,0,0,0
snapshot,lock,4,8192,56,246282,1753,1813,1863,2315,2325,2565,4,0,0,0,0
snapshot,lock,4,8192,57,247444,1813,1843,1934,2645,2645,2765,4,0,0,0,0
snapshot,lock,4,8192,58,248516,1813,1864,1964,2394,2484,2625,4,0,0,0,0
snapshot,lock,4,8192,59,247103,1824,1833,2074,2335,2425,2614,4,0,0,0,0
snapshot,lock,4,8192,60,242575,1733,1883,1884,2504,2655,2675,4,0,0,0,0
snapshot,lock,4,8192,61,247955,1843,1873,1893,2405,2425,3237,4,0,0,0,0
snapshot,lock,4,8192,62,253095,1864,1883,2695,2756,2965,3316,4,0,0,0,0
snapshot,lock,4,8192,63,243206,1833,1844,1924,2395,2505,2795,4,0,0,0,0
snapshot,lock,4,8192,64,247995,1853,1883,2474,2755,2926,2996,4,0,0,0,0
snapshot,lock,4,8192,65,247293,1793,1844,2164,2725,2986,3006,4,0,0,0,0
snapshot,lock,4,8192,66,240350,1833,1913,1934,2345,2354,2565,4,0,0,0,0
snapshot,lock,4,8192,67,248566,1733,1834,2004,2184,2625,2655,4,0,0,0,0
snapshot,lock,4,8192,68,187561,1733,1883,1994,2525,2605,2625,4,0,0,0,0
snapshot,lock,4,8192,69,247865,1833,2004,2094,2585,2585,2705,4,0,0,0,0
snapshot,lock,4,8192,70,247194,1803,1843,2074,2354,2515,3106,4,0,0,0,0
snapshot,lock,4,8192,71,248116,1813,2044,2174,2345,2404,2745,4,0,0,0,0
snapshot,lock,4,8192,72,253686,1814,1814,1843,2635,2786,3687,4,0,0,0,0
snapshot,lock,4,8192,73,249198,1713,1893,1934,2645,2805,3046,4,0,0,0,0
snapshot,lock,4,8192,74,246292,1774,1814,1994,2655,2745,2815,4,0,0,0,0
snapshot,lock,4,8192,75,240381,1803,1924,2004,2695,2725,2815,4,0,0,0,0
snapshot,lock,4,8192,76,250480,1913,2084,2394,2425,2504,2775,4,0,0,0,0
snapshot,lock,4,8192,77,248296,1793,1794,1814,2715,2755,2785,4,0,0,0,0
snapshot,lock,4,8192,78,241774,1773,1783,1873,2515,2655,2876,4,0,0,0,0
snapshot,lock,4,8192,79,247665,1723,1853,2053,2405,2485,2615,4,0,0,0,0
snapshot,lock,4,8192,80,248837,1803,1854,2023,2595,2615,2736,4,0,0,0,0
snapshot,lock,4,8192,81,235982,1823,1894,2044,2494,2685,2715,4,0,0,0,0
snapshot,lock,4,8192,82,247865,1753,1774,1783,2245,2755,2895,4,0,0,0,0
snapshot,lock,4,8192,83,248155,1743,1904,2064,2495,2655,2775,4,0,0,0,0
snapshot,lock,4,8192,84,248716,1763,1833,2104,2505,2515,2515,4,0,0,0,0
snapshot,lock,4,8192,85,241133,1754,1964,2615,2805,3226,3467,4,0,0,0,0
snapshot,lock,4,8192,86,245591,1894,2004,2194,2264,2505,3376,4,0,0,0,0
snapshot,lock,4,8192,87,248686,1874,1954,2324,2755,2915,3426,4,0,0,0,0
snapshot,lock,4,8192,88,242565,1963,2023,2043,2525,2545,3066,4,0,0,0,0
snapshot,lock,4,8192,89,243266,1823,1864,1884,2705,2886,2895,4,0,0,0,0
snapshot,lock,4,8192,90,244469,1793,1844,1964,2184,2344,2575,4,0,0,0,0
snapshot,lock,4,8192,91,247194,1834,1914,2415,2605,2625,3276,4,0,0,0,0
snapshot,lock,4,8192,92,248215,1804,1964,2405,2735,2866,3636,4,0,0,0,0
snapshot,lock,4,8192,93,248666,2605,2615,2785,3537,3757,3817,4,0,0,0,0
snapshot,lock,4,8192,94,243176,2515,2615,2625,3246,3407,3907,4,0,0,0,0
snapshot,lock,4,8192,95,250269,2444,2514,2595,3246,3607,3948,4,0,0,0,0
snapshot,lock,4,8192,96,243407,2395,2445,2605,3146,3156,3186,4,0,0,0,0
snapshot,lock,4,8192,97,250871,2695,2735,2745,3496,3527,3616,4,0,0,0,0
snapshot,lock,4,8192,98,247294,2755,2775,2845,3076,4038,4088,4,0,0,0,0
snapshot,lock,4,8192,99,243046,2765,2805,2866,3406,3838,3887,4,0,0,0,0
snapshot,lock,32,8192,0,2219934,2284,3316,4529,4208,42059,47839,32,0,0,0,0
snapshot,lock,32,8192,1,2207461,2204,2675,2675,4418,15559,22642,32,0,0,0,0
snapshot,lock,32,8192,2,2191861,2334,3247,3306,4458,10289,20238,32,0,0,0,0
snapshot,lock,32,8192,3,2183095,2174,2585,3106,4148,12223,20438,32,0,0,0,0
snapshot,lock,32,8192,4,2193614,2265,2715,2816,4869,6623,35456,32,0,0,0,0
snapshot,lock,32,8192,5,1862293,2304,5290,6142,5260,9828,18214,32,0,0,0,0
snapshot,lock,32,8192,6,1828359,2284,2665,3016,4198,25108,66705,32,0,0,0,0
snapshot,lock,32,8192,7,1857063,2304,2534,2945,4499,38412,41789,32,0,0,0,0
snapshot,lock,32,8192,8,1833729,2314,2665,3146,5080,8075,8897,32,0,0,0,0
snapshot,lock,32,8192,9,1826266,2324,3145,3456,4619,10921,66445,32,0,0,0,0
snapshot,lock,32,8192,10,1810967,2305,2545,24756,3887,12964,55555,32,0,0,0,0
snapshot,lock,32,8192,11,1818321,2304,2825,3106,4488,10009,16331,32,0,0,0,0
snapshot,lock,32,8192,12,1858396,2224,2705,3016,4108,23985,66375,32,0,0,0,0
snapshot,lock,32,8192,13,1936733,2334,2795,2806,4559,10700,16311,32,0,0,0,0
snapshot,lock,32,8192,14,1916695,2274,2715,3206,4128,6983,7864,32,0,0,0,0
snapshot,lock,32,8192,15,1843898,2274,2655,3456,4338,8356,62166,32,0,0,0,0
snapshot,lock,32,8192,16,1854478,2254,2885,3307,4328,6983,33042,32,0,0,0,0
snapshot,lock,32,8192,17,1860820,2275,3186,3777,5039,21300,22392,32,0,0,0,0
snapshot,lock,32,8192,18,1839670,2325,3146,3196,4589,7104,30437,32,0,0,0,0
snapshot,lock,32,8192,19,1825724,2324,3667,5330,4599,8105,8155,32,0,0,0,0
snapshot,lock,32,8192,20,1825464,2295,2645,2956,3857,22372,89628,32,0,0,0,0
snapshot,lock,32,8192,21,2009268,2244,3085,26029,4409,35978,65342,32,0,0,0,0
snapshot,lock,32,8192,22,1902539,2234,2675,3006,4349,18746,24436,32,0,0,0,0
snapshot,lock,32,8192,23,1990974,2334,2996,7674,4789,23834,124764,32,0,0,0,0
snapshot,lock,32,8192,24,1892770,2294,2945,3286,4489,15479,17964,32,0,0,0,0
snapshot,lock,32,8192,25,1877031,2294,2715,3076,4218,33243,48952,32,0,0,0,0
snapshot,lock,32,8192,26,1949697,2354,3125,3396,4308,13014,15940,32,0,0,0,0
snapshot,lock,32,8192,27,1858816,2284,2595,2986,4288,12393,14808,32,0,0,0,0
snapshot,lock,32,8192,28,1960968,2274,2624,2836,4608,12914,29465,32,0,0,0,0
snapshot,lock,32,8192,29,1849328,2255,2554,2906,3988,30587,31930,32,0,0,0,0
snapshot,lock,32,8192,30,1818982,2244,5130,5420,4038,9328,40376,32,0,0,0,0
snapshot,lock,32,8192,31,1884234,2255,3206,3246,4117,11502,45836,32,0,0,0,0
snapshot,lock,32,8192,32,1829843,2274,2835,2936,4258,26209,44654,32,0,0,0,0
snapshot,lock,32,8192,33,1849139,2275,2695,2916,4098,8456,8596,32,0,0,0,0
snapshot,lock,32,8192,34,1829402,2234,2935,28153,4328,15239,17563,32,0,0,0,0
snapshot,lock,32,8192,35,1793003,2294,2645,2905,4268,24035,26139,32,0,0,0,0
snapshot,lock,32,8192,36,1835503,2294,3076,5751,5490,8245,8496,32,0,0,0,0
snapshot,lock,32,8192,37,1867974,2284,2695,3236,3687,8356,52448,32,0,0,0,0
snapshot,lock,32,8192,38,1814233,2244,2605,3146,4087,6272,30117,32,0,0,0,0
snapshot,lock,32,8192,39,1850932,2214,2936,2955,4348,23284,26871,32,0,0,0,0
snapshot,lock,32,8192,40,1841414,2324,2665,3095,4138,14928,45004,32,0,0,0,0
snapshot,lock,32,8192,41,1831605,2264,2915,23264,4298,8606,12914,32,0,0,0,0
snapshot,lock,32,8192,42,1845672,2215,2716,3035,4218,10760,33493,32,0,0,0,0
snapshot,lock,32,8192,43,1793855,2214,2756,2855,4098,6702,37681,32,0,0,0,0
snapshot,lock,32,8192,44,1865790,2244,2786,2845,4028,5680,35717,32,0,0,0,0
snapshot,lock,32,8192,45,1853256,2234,3046,4107,4238,7284,36929,32,0,0,0,0
snapshot,lock,32,8192,46,1863295,2254,2686,3076,3877,34094,34615,32,0,0,0,0
snapshot,lock,32,8192,47,1846513,2224,2555,3036,4238,25077,35417,32,0,0,0,0
snapshot,lock,32,8192,48,1848126,2254,2545,2865,4228,11372,16691,32,0,0,0,0
snapshot,lock,32,8192,49,1829441,2235,3065,4498,4328,9237,41849,32,0,0,0,0
snapshot,lock,32,8192,50,1840462,2294,2865,2946,4068,24105,35327,32,0,0,0,0
snapshot,lock,32,8192,51,1843057,2294,2906,12944,4318,6462,26139,32,0,0,0,0
snapshot,lock,32,8192,52,1828159,2314,3216,3246,4238,16672,23584,32,0,0,0,0
snapshot,lock,32,8192,53,1860339,2284,2765,3186,4087,17813,41698,32,0,0,0,0
snapshot,lock,32,8192,54,1829452,2264,2615,2976,4398,14177,15990,32,0,0,0,0
snapshot,lock,32,8192,55,1841795,2334,3547,4217,4178,15469,17012,32,0,0,0,0
snapshot,lock,32,8192,56,1809083,2284,3206,3828,4098,16381,56827,32,0,0,0,0
snapshot,lock,32,8192,57,1797672,2244,2505,2876,4248,5490,74500,32,0,0,0,0
snapshot,lock,32,8192,58,1818401,2314,2615,2876,4238,20218,24626,32,0,0,0,0
snapshot,lock,32,8192,59,1860539,2274,2706,3025,4118,6342,19136,32,0,0,0,0
snapshot,lock,32,8192,60,1865169,2234,7544,18785,4248,14488,26189,32,0,0,0,0
snapshot,lock,32,8192,61,1844480,2284,3025,29034,4118,28123,45496,32,0,0,0,0
snapshot,lock,32,8192,62,1805587,2284,3036,24706,4088,31389,36719,32,0,0,0,0
snapshot,lock,32,8192,63,1841844,2254,2544,3306,4208,16491,18755,32,0,0,0,0
snapshot,lock,32,8192,64,1838749,2274,2695,3386,4308,29054,34644,32,0,0,0,0
snapshot,lock,32,8192,65,1856522,2245,2715,3066,4087,24726,52829,32,0,0,0,0
snapshot,lock,32,8192,66,1829341,2295,2886,2995,4749,32361,37420,32,0,0,0,0
snapshot,lock,32,8192,67,1809885,2255,2565,3326,4058,29976,33072,32,0,0,0,0
snapshot,lock,32,8192,68,1853857,2274,2896,2986,4118,16371,66885,32,0,0,0,0
snapshot,lock,32,8192,69,1852395,2255,2956,3256,4178,16992,22593,32,0,0,0,0
snapshot,lock,32,8192,70,1850401,2274,2996,3026,4318,9237,21400,32,0,0,0,0
snapshot,lock,32,8192,71,1861592,2294,2925,43291,4128,17713,25167,32,0,0,0,0
snapshot,lock,32,8192,72,1854018,2364,2605,2806,4188,35457,63348,32,0,0,0,0
snapshot,lock,32,8192,73,1855050,2364,3397,21831,4248,21791,23083,32,0,0,0,0
snapshot,lock,32,8192,74,1852114,2294,3106,15079,4629,29305,73418,32,0,0,0,0
snapshot,lock,32,8192,75,1902448,2375,3196,8285,4127,18755,39183,32,0,0,0,0
snapshot,lock,32,8192,76,1864267,2324,3386,21911,4579,18285,24747,32,0,0,0,0
snapshot,lock,32,8192,77,1841224,2324,3928,7144,4449,21049,46798,32,0,0,0,0
snapshot,lock,32,8192,78,1812279,2304,3287,26289,4248,23104,35897,32,0,0,0,0
snapshot,lock,32,8192,79,2976302,2414,3166,15540,5300,656812,1210631,32,0,0,0,0
snapshot,lock,32,8192,80,1863997,2314,2655,3026,4629,17904,33723,32,0,0,0,0
snapshot,lock,32,8192,81,1826125,2314,2755,2915,5059,27231,33563,32,0,0,0,0
snapshot,lock,32,8192,82,1829742,2274,2966,3006,4539,19366,35136,32,0,0,0,0
snapshot,lock,32,8192,83,1845452,2374,2605,2946,4208,13736,20148,32,0,0,0,0
snapshot,lock,32,8192,84,1816587,2314,2735,3336,4748,15099,33042,32,0,0,0,0
snapshot,lock,32,8192,85,1818922,2285,2806,12503,4128,24556,64040,32,0,0,0,0
snapshot,lock,32,8192,86,1834922,2334,3226,15058,4439,52679,86843,32,0,0,0,0
snapshot,lock,32,8192,87,1937594,2254,2605,3015,4098,33803,54513,32,0,0,0,0
snapshot,lock,32,8192,88,2053511,2334,10800,70993,4749,24125,25879,32,0,0,0,0
snapshot,lock,32,8192,89,2049224,2364,14968,23555,5410,32551,51697,32,0,0,0,0
snapshot,lock,32,8192,90,2006404,2305,2846,24476,4218,36568,61605,32,0,0,0,0
snapshot,lock,32,8192,91,1959485,2325,2765,3176,4448,16100,40706,32,0,0,0,0
snapshot,lock,32,8192,92,1924981,2315,2995,3016,5229,43331,56656,32,0,0,0,0
snapshot,lock,32,8192,93,1933627,2354,2765,2936,4379,35696,45075,32,0,0,0,0
snapshot,lock,32,8192,94,2013357,2545,2896,3196,5049,27631,32290,32,0,0,0,0
snapshot,lock,32,8192,95,1895034,2354,2826,2996,5270,37120,51276,32,0,0,0,0
snapshot,lock,32,8192,96,1901136,2375,2955,3306,5030,54833,66024,32,0,0,0,0
snapshot,lock,32,8192,97,1870909,2455,6903,9367,4488,23454,27141,32,0,0,0,0
snapshot,lock,32,8192,98,1897549,2384,2916,47459,4488,27612,46597,32,0,0,0,0
snapshot,lock,32,8192,99,1865690,2364,2916,8225,4178,34184,38031,32,0,0,0,0
snapshot,lock,128,8192,0,6844107,2204,3847,15849,33873,323747,912852,128,0,0,0,0
snapshot,lock,128,8192,1,5453890,2224,6542,75382,44032,293471,407935,128,0,0,0,0
snapshot,lock,128,8192,2,6978981,2174,4248,89468,35136,211987,340018,128,0,0,0,0
snapshot,lock,128,8192,3,12823393,2164,3246,7364,22582,210875,670207,128,0,0,0,0
snapshot,lock,128,8192,4,8565697,2175,19848,57208,33272,319059,823895,128,0,0,0,0
snapshot,lock,128,8192,5,7064471,2134,16671,24305,29025,215344,237445,128,0,0,0,0
snapshot,lock,128,8192,6,7020999,2144,4278,67987,28794,188404,255820,128,0,0,0,0
snapshot,lock,128,8192,7,11649060,2013,30707,101571,31439,293470,367159,128,0,0,0,0
snapshot,lock,128,8192,8,11758396,2013,3537,4218,29064,249669,297288,128,0,0,0,0
snapshot,lock,128,8192,9,13354209,1974,3106,52819,29966,212618,299942,128,0,0,0,0
snapshot,lock,128,8192,10,17824223,1894,87634,538560,39204,449523,819878,128,0,0,0,0
snapshot,lock,128,8192,11,7819677,2184,2996,6462,32641,177684,313778,128,0,0,0,0
snapshot,lock,128,8192,12,9474792,2044,3868,184987,34515,1363618,1599009,128,0,0,0,0
snapshot,lock,128,8192,13,14275868,2194,16311,51838,40506,897844,1309186,128,0,0,0,0
snapshot,lock,128,8192,14,8502489,2204,3306,35547,35116,882836,1813702,128,0,0,0,0
snapshot,lock,128,8192,15,10542535,2234,4919,112861,44564,247605,274615,128,0,0,0,0
snapshot,lock,128,8192,16,21517280,2234,19908,57438,43461,900279,4904239,128,0,0,0,0
snapshot,lock,128,8192,17,21456275,2134,3587,60324,32962,274384,533891,128,0,0,0,0
snapshot,lock,128,8192,18,12760325,2324,11070,252293,20799,196679,601869,128,0,0,0,0
snapshot,lock,128,8192,19,8399455,2174,12212,71534,26530,470733,661380,128,0,0,0,0
snapshot,lock,128,8192,20,19909364,2214,19487,166823,47008,1291312,3367145,128,0,0,0,0
snapshot,lock,128,8192,21,15839159,2335,3597,21170,27993,1257188,1408051,128,0,0,0,0
snapshot,lock,128,8192,22,15598057,2234,8366,45285,43652,251792,411391,128,0,0,0,0
snapshot,lock,128,8192,23,12894036,2304,3236,4949,35106,1790809,1987558,128,0,0,0,0
snapshot,lock,128,8192,24,11397128,2144,5440,43301,28473,293901,643667,128,0,0,0,0
snapshot,lock,128,8192,25,7268995,2164,3236,3487,30978,265939,485080,128,0,0,0,0
snapshot,lock,128,8192,26,7255940,2164,2935,36198,30999,235762,285485,128,0,0,0,0
snapshot,lock,128,8192,27,6937483,2204,18375,108093,48250,205565,227937,128,0,0,0,0
snapshot,lock,128,8192,28,9551065,2204,4388,25387,27622,223900,342232,128,0,0,0,0
snapshot,lock,128,8192,29,7589095,2054,3196,22372,33322,232907,305323,128,0,0,0,0
snapshot,lock,128,8192,30,8594741,2194,9107,44985,35737,180769,255709,128,0,0,0,0
snapshot,lock,128,8192,31,9904287,2224,29896,62648,34635,373160,457849,128,0,0,0,0
snapshot,lock,128,8192,32,9516611,2265,3407,26700,41077,293861,448631,128,0,0,0,0
snapshot,lock,128,8192,33,15883913,2184,3617,41828,36028,224611,279595,128,0,0,0,0
snapshot,lock,128,8192,34,18496303,2154,87715,1302223,28964,1608216,2907754,128,0,0,0,0
snapshot,lock,128,8192,35,14955032,2164,3196,82455,24276,198032,264306,128,0,0,0,0
snapshot,lock,128,8192,36,9293672,2164,2845,5871,22933,170861,233317,128,0,0,0,0
snapshot,lock,128,8192,37,9326374,2174,3837,6813,39093,245451,408436,128,0,0,0,0
snapshot,lock,128,8192,38,14822943,2204,24005,49984,41257,237997,632857,128,0,0,0,0
snapshot,lock,128,8192,39,15239845,2185,3336,114255,45345,212669,390051,128,0,0,0,0
snapshot,lock,128,8192,40,21874360,2194,3476,6612,30377,209282,251281,128,0,0,0,0
snapshot,lock,128,8192,41,16025128,2274,3447,6352,40256,403346,439454,128,0,0,0,0
snapshot,lock,128,8192,42,9036891,2284,4449,64391,39184,190768,292589,128,0,0,0,0
snapshot,lock,128,8192,43,10219558,2225,3387,5350,46578,286948,365586,128,0,0,0,0
snapshot,lock,128,8192,44,7802826,2305,3406,3586,37620,294733,359023,128,0,0,0,0
snapshot,lock,128,8192,45,17853618,2354,268694,1481189,39664,1540419,2654790,128,0,0,0,0
snapshot,lock,128,8192,46,10589001,2334,3096,6102,44473,287690,302518,128,0,0,0,0
snapshot,lock,128,8192,47,12126335,2284,5751,75011,42360,377919,1544818,128,0,0,0,0
snapshot,lock,128,8192,48,7896111,2325,5089,6362,35787,251432,840547,128,0,0,0,0
snapshot,lock,128,8192,49,7237095,2325,3336,84258,41118,254297,336271,128,0,0,0,0
snapshot,lock,128,8192,50,7100559,2314,4388,22563,47329,240902,260679,128,0,0,0,0
snapshot,lock,128,8192,51,7445506,2324,3496,28423,32010,238347,364604,128,0,0,0,0
snapshot,lock,128,8192,52,7557015,2274,8125,133841,44554,441818,622738,128,0,0,0,0
snapshot,lock,128,8192,53,7231324,2304,3567,86442,37881,193403,327374,128,0,0,0,0
snapshot,lock,128,8192,54,7129052,2274,2915,3887,28674,183694,186019,128,0,0,0,0
snapshot,lock,128,8192,55,7479459,2314,16040,56426,47378,467607,535895,128,0,0,0,0
snapshot,lock,128,8192,56,7255650,2344,3426,7044,32782,282490,357571,128,0,0,0,0
snapshot,lock,128,8192,57,7543569,2264,11812,41568,39313,259025,583885,128,0,0,0,0
snapshot,lock,128,8192,58,7302487,2314,37551,101770,34234,200606,403627,128,0,0,0,0
snapshot,lock,128,8192,59,10859379,2304,30397,49142,31238,1830644,3655386,128,0,0,0,0
snapshot,lock,128,8192,60,9089599,2264,3286,5340,31960,388479,462478,128,0,0,0,0
snapshot,lock,128,8192,61,19198791,2245,6071,32741,43923,407033,2647947,128,0,0,0,0
snapshot,lock,128,8192,62,15045201,2284,6462,17713,25989,3557793,3646179,128,0,0,0,0
snapshot,lock,128,8192,63,17269262,2334,27692,337644,46237,1107657,1338701,128,0,0,0,0
snapshot,lock,128,8192,64,7962445,2334,14357,68639,47810,468098,898465,128,0,0,0,0
snapshot,lock,128,8192,65,16071705,2275,4579,20318,45365,347672,1212955,128,0,0,0,0
snapshot,lock,128,8192,66,8497358,2305,4528,24847,32932,296827,1213806,128,0,0,0,0
snapshot,lock,128,8192,67,9558449,2395,6832,99477,54071,283752,510047,128,0,0,0,0
snapshot,lock,128,8192,68,8096747,2384,3536,112932,65584,931357,985599,128,0,0,0,0
snapshot,lock,128,8192,69,8799014,2375,14287,91572,51727,432501,1009544,128,0,0,0,0
snapshot,lock,128,8192,70,7487474,2314,6823,79800,50064,420378,485090,128,0,0,0,0
snapshot,lock,128,8192,71,15312852,2264,3707,41748,60013,336291,760186,128,0,0,0,0
snapshot,lock,128,8192,72,8615540,2434,5991,73678,60123,929153,997722,128,0,0,0,0
snapshot,lock,128,8192,73,8595753,2374,3957,48390,41909,632637,710653,128,0,0,0,0
snapshot,lock,128,8192,74,8629246,2475,83697,344647,73658,906000,1798774,128,0,0,0,0
snapshot,lock,128,8192,75,11758856,2424,6091,46017,91321,1198949,1320497,128,0,0,0,0
snapshot,lock,128,8192,76,12500768,2424,3126,13385,53159,427021,567134,128,0,0,0,0
snapshot,lock,128,8192,77,8884244,2414,3567,11171,77926,293170,489528,128,0,0,0,0
snapshot,lock,128,8192,78,9915559,2385,3376,79769,79890,1512377,1590042,128,0,0,0,0
snapshot,lock,128,8192,79,9753895,2374,3387,4058,70563,1303184,1625719,128,0,0,0,0
snapshot,lock,128,8192,80,10673530,2324,9879,39294,48641,1177208,3180035,128,0,0,0,0
snapshot,lock,128,8192,81,8093161,2384,3106,44674,60834,500629,901771,128,0,0,0,0
snapshot,lock,128,8192,82,8132624,2364,4118,182432,37570,379922,870823,128,0,0,0,0
snapshot,lock,128,8192,83,12265367,2295,5069,8867,42950,3679622,3789228,128,0,0,0,0
snapshot,lock,128,8192,84,12578894,2184,3326,49763,41548,273282,331421,128,0,0,0,0
snapshot,lock,128,8192,85,20393642,2244,3407,15048,30698,2818216,7356379,128,0,0,0,0
snapshot,lock,128,8192,86,18277353,2305,35627,486974,43652,708289,2414399,128,0,0,0,0
snapshot,lock,128,8192,87,21201287,2305,4047,6272,47689,406973,2508265,128,0,0,0,0
snapshot,lock,128,8192,88,19972993,2345,6031,10920,43742,285876,649137,128,0,0,0,0
snapshot,lock,128,8192,89,17841295,2344,71083,151414,28233,1391130,1543956,128,0,0,0,0
snapshot,lock,128,8192,90,22500454,2264,5841,87344,36919,340880,1132173,128,0,0,0,0
snapshot,lock,128,8192,91,24133247,2325,5511,92053,36889,208171,560672,128,0,0,0,0
snapshot,lock,128,8192,92,20150115,2315,3026,4168,32671,332123,1313614,128,0,0,0,0
snapshot,lock,128,8192,93,23336632,2304,64160,180308,36949,196809,222748,128,0,0,0,0
snapshot,lock,128,8192,94,17524791,2254,3386,26880,34415,177212,269876,128,0,0,0,0
snapshot,lock,128,8192,95,13637109,2254,3717,14607,21660,594585,1731407,128,0,0,0,0
snapshot,lock,128,8192,96,7359975,2274,26048,49132,30066,167123,183935,128,0,0,0,0
snapshot,lock,128,8192,97,11449195,2294,3516,36829,33042,270026,399098,128,0,0,0,0
snapshot,lock,128,8192,98,19720680,2234,51016,93746,23333,324569,3774691,128,0,0,0,0
snapshot,lock,128,8192,99,13540488,2495,8145,10439,29716,907783,2058190,128,0,0,0,0
snapshot,dlopen,4,8192,0,259467,1853,2224,2604,2264,2685,4930,4,0,0,0,0
snapshot,dlopen,4,8192,1,304942,1813,1924,3086,2544,2745,3747,4,0,0,0,0
snapshot,dlopen,4,8192,2,302617,1753,1864,3016,2225,2264,3437,4,0,0,0,0
snapshot,dlopen,4,8192,3,306024,1784,1964,3106,2585,2665,5040,4,0,0,0,0
snapshot,dlopen,4,8192,4,300083,1904,2234,2835,2324,2585,4719,4,0,0,0,0
snapshot,dlopen,4,8192,5,301154,1743,1814,2915,2524,2544,2866,4,0,0,0,0
snapshot,dlopen,4,8192,6,310833,2024,2315,3036,2505,2565,3136,4,0,0,0,0
snapshot,dlopen,4,8192,7,301866,1823,1924,2895,2364,2615,3276,4,0,0,0,0
snapshot,dlopen,4,8192,8,301696,1924,1994,3036,2224,2625,4368,4,0,0,0,0
snapshot,dlopen,4,8192,9,303420,1883,1923,2895,2505,2685,3356,4,0,0,0,0
snapshot,dlopen,4,8192,10,306255,2134,2715,2765,2535,3456,5020,4,0,0,0,0
snapshot,dlopen,4,8192,11,300955,1733,1783,2905,2255,2565,3466,4,0,0,0,0
snapshot,dlopen,4,8192,12,300373,1773,2034,2885,2305,3396,3557,4,0,0,0,0
snapshot,dlopen,4,8192,13,305102,1904,2024,2925,2324,2375,2776,4,0,0,0,0
snapshot,dlopen,4,8192,14,300884,1773,1794,3026,2505,2685,2785,4,0,0,0,0
snapshot,dlopen,4,8192,15,302487,1964,2084,2855,2354,2425,3607,4,0,0,0,0
snapshot,dlopen,4,8192,16,310121,1914,2034,3036,2635,2866,3787,4,0,0,0,0
snapshot,dlopen,4,8192,17,295043,1753,1794,1944,2515,2675,5350,4,0,0,0,0
snapshot,dlopen,4,8192,18,304351,1893,2014,3036,2485,2614,3416,4,0,0,0,0
snapshot,dlopen,4,8192,19,300313,1993,2014,2896,2394,2615,4218,4,0,0,0,0
snapshot,dlopen,4,8192,20,300453,1843,2034,5520,2555,2826,3206,4,0,0,0,0
snapshot,dlopen,4,8192,21,302367,1904,2184,2906,2615,2625,3216,4,0,0,0,0
snapshot,dlopen,4,8192,22,301365,1863,2044,2855,2495,2715,4228,4,0,0,0,0
snapshot,dlopen,4,8192,23,309751,2034,2054,2865,2385,2505,3787,4,0,0,0,0
snapshot,dlopen,4,8192,24,286918,1764,1944,2013,2444,2705,5361,4,0,0,0,0
snapshot,dlopen,4,8192,25,301325,1783,1904,2866,2384,2394,3176,4,0,0,0,0
snapshot,dlopen,4,8192,26,305082,2134,2164,3016,2335,3176,3486,4,0,0,0,0
snapshot,dlopen,4,8192,27,300503,1713,1773,2835,2605,2775,3146,4,0,0,0,0
snapshot,dlopen,4,8192,28,301876,1914,1974,3226,2354,2715,3296,4,0,0,0,0
snapshot,dlopen,4,8192,29,301455,1713,1854,2856,2164,2374,3356,4,0,0,0,0
snapshot,dlopen,4,8192,30,304872,1813,1973,2926,2906,2986,3095,4,0,0,0,0
snapshot,dlopen,4,8192,31,300153,2033,2174,2846,2665,2775,3546,4,0,0,0,0
snapshot,dlopen,4,8192,32,300163,1714,2044,2946,2314,2515,4168,4,0,0,0,0
snapshot,dlopen,4,8192,33,296957,2004,2355,2956,2335,2364,3666,4,0,0,0,0
snapshot,dlopen,4,8192,34,286728,1933,2124,2144,2705,2715,5090,4,0,0,0,0
snapshot,dlopen,4,8192,35,301766,1814,1994,2815,2324,2545,3767,4,0,0,0,0
snapshot,dlopen,4,8192,36,303169,1904,2245,3055,2504,2705,3667,4,0,0,0,0
snapshot,dlopen,4,8192,37,300524,1863,1894,3036,2384,2534,3937,4,0,0,0,0
snapshot,dlopen,4,8192,38,299071,1833,2024,2905,2625,2795,3998,4,0,0,0,0
snapshot,dlopen,4,8192,39,303328,1793,2064,2935,2515,2645,3026,4,0,0,0,0
snapshot,dlopen,4,8192,40,307577,1803,2004,3006,2455,2975,3937,4,0,0,0,0
snapshot,dlopen,4,8192,41,299752,1693,1974,2865,2274,2365,2916,4,0,0,0,0
snapshot,dlopen,4,8192,42,301175,1813,2104,2845,2385,2695,3406,4,0,0,0,0
snapshot,dlopen,4,8192,43,283231,2174,2265,2866,2334,2555,4528,4,0,0,0,0
snapshot,dlopen,4,8192,44,287860,1954,2023,2124,2564,2625,5030,4,0,0,0,0
snapshot,dlopen,4,8192,45,301625,1954,2034,2885,2424,2434,2785,4,0,0,0,0
snapshot,dlopen,4,8192,46,398928,2124,2534,2885,2755,2855,3727,4,0,0,0,0
snapshot,dlopen,4,8192,47,368331,1152,1543,1854,2325,2495,3366,4,0,0,0,0
snapshot,dlopen,4,8192,48,327754,1132,1132,1222,1944,1984,4408,4,0,0,0,0
snapshot,dlopen,4,8192,49,305392,1132,1143,1222,1653,1913,4068,4,0,0,0,0
snapshot,dlopen,4,8192,50,307126,1152,1162,1273,1683,1974,4168,4,0,0,0,0
snapshot,dlopen,4,8192,51,281999,1132,1132,1243,1643,1914,3987,4,0,0,0,0
snapshot,dlopen,4,8192,52,345618,1122,1123,1874,1663,1964,3506,4,0,0,0,0
snapshot,dlopen,4,8192,53,297749,1162,1173,1893,1804,1894,2044,4,0,0,0,0
snapshot,dlopen,4,8192,54,296617,1132,1142,1843,1683,1883,2004,4,0,0,0,0
snapshot,dlopen,4,8192,55,348243,1122,1122,1883,1664,1853,2515,4,0,0,0,0
snapshot,dlopen,4,8192,56,315532,1163,1182,1232,1683,1943,3727,4,0,0,0,0
snapshot,dlopen,4,8192,57,276389,1132,1132,1212,1823,2084,4288,4,0,0,0,0
snapshot,dlopen,4,8192,58,299802,1122,1122,1853,1753,2024,6262,4,0,0,0,0
snapshot,dlopen,4,8192,59,330059,1123,1182,1863,1853,1954,2395,4,0,0,0,0
snapshot,dlopen,4,8192,60,298751,1162,1173,1883,1693,2074,6222,4,0,0,0,0
snapshot,dlopen,4,8192,61,300273,1122,1122,1863,1744,1974,3767,4,0,0,0,0
snapshot,dlopen,4,8192,62,295474,1122,1132,1864,1623,1813,7093,4,0,0,0,0
snapshot,dlopen,4,8192,63,295144,1152,1152,1252,1904,1934,4479,4,0,0,0,0
snapshot,dlopen,4,8192,64,308479,1132,1132,1864,1793,2014,5219,4,0,0,0,0
snapshot,dlopen,4,8192,65,319309,1132,1132,1854,1643,1803,2314,4,0,0,0,0
snapshot,dlopen,4,8192,66,327965,1152,1163,1873,1763,1913,2876,4,0,0,0,0
snapshot,dlopen,4,8192,67,297679,1132,1142,1212,1633,1844,3536,4,0,0,0,0
snapshot,dlopen,4,8192,68,324148,1132,1133,1853,1633,1844,2254,4,0,0,0,0
snapshot,dlopen,4,8192,69,282300,1152,1162,1252,1894,2124,4349,4,0,0,0,0
snapshot,dlopen,4,8192,70,310232,1132,1132,1854,1653,1823,3266,4,0,0,0,0
snapshot,dlopen,4,8192,71,302047,1132,1133,1874,1623,1864,2584,4,0,0,0,0
snapshot,dlopen,4,8192,72,320031,1123,1142,1844,1643,1863,2525,4,0,0,0,0
snapshot,dlopen,4,8192,73,312566,1152,1152,1864,1694,1914,2484,4,0,0,0,0
snapshot,dlopen,4,8192,74,310453,1132,1132,1874,1713,2094,3146,4,0,0,0,0
snapshot,dlopen,4,8192,75,256712,1122,1142,1873,1643,1823,2355,4,0,0,0,0
snapshot,dlopen,4,8192,76,295283,1153,1162,1242,1753,1934,2044,4,0,0,0,0
snapshot,dlopen,4,8192,77,306865,1132,1142,1903,1764,2034,2876,4,0,0,0,0
snapshot,dlopen,4,8192,78,312225,1122,1132,1854,1634,1844,2424,4,0,0,0,0
snapshot,dlopen,4,8192,79,296857,1162,1172,1884,1673,1934,3085,4,0,0,0,0
snapshot,dlopen,4,8192,80,298159,1132,1132,1854,1663,1854,2004,4,0,0,0,0
snapshot,dlopen,4,8192,81,319820,1132,1132,1863,1693,1873,2565,4,0,0,0,0
snapshot,dlopen,4,8192,82,308699,1163,1714,2945,1813,2104,7424,4,0,0,0,0
snapshot,dlopen,4,8192,83,325140,1142,1513,1833,1924,2345,2555,4,0,0,0,0
snapshot,dlopen,4,8192,84,296075,1122,1132,1242,1693,1853,4178,4,0,0,0,0
snapshot,dlopen,4,8192,85,354454,1162,1162,1854,1903,2014,2053,4,0,0,0,0
snapshot,dlopen,4,8192,86,295323,1172,1192,1252,1703,1894,4138,4,0,0,0,0
snapshot,dlopen,4,8192,87,318237,1142,1152,1873,1804,2094,2555,4,0,0,0,0
snapshot,dlopen,4,8192,88,268002,1142,1172,1863,1703,1853,2365,4,0,0,0,0
snapshot,dlopen,4,8192,89,286146,1162,1173,1392,1903,1913,5240,4,0,0,0,0
snapshot,dlopen,4,8192,90,331312,1142,1142,1884,1934,1944,7264,4,0,0,0,0
snapshot,dlopen,4,8192,91,408346,1132,1132,1233,1663,1864,4137,4,0,0,0,0
snapshot,dlopen,4,8192,92,364122,1172,1182,1904,1904,2214,2956,4,0,0,0,0
snapshot,dlopen,4,8192,93,319579,1142,1152,1223,1683,1994,4348,4,0,0,0,0
snapshot,dlopen,4,8192,94,339156,1132,1132,1222,1703,2224,4178,4,0,0,0,0
snapshot,dlopen,4,8192,95,294743,1153,1162,1283,1683,1984,4117,4,0,0,0,0
snapshot,dlopen,4,8192,96,304732,1132,1133,1222,1693,1923,4057,4,0,0,0,0
snapshot,dlopen,4,8192,97,347963,1132,1142,1223,1633,1884,4077,4,0,0,0,0
snapshot,dlopen,4,8192,98,291426,1152,1162,1233,1844,2324,4208,4,0,0,0,0
snapshot,dlopen,4,8192,99,280196,1132,1132,1223,1653,1864,4007,4,0,0,0,0
snapshot,dlopen,32,8192,0,5687207,2294,4168,15359,2695,18434,791304,32,0,0,0,0
snapshot,dlopen,32,8192,1,4542801,2344,4449,4979,2905,17122,22011,32,0,0,0,0
snapshot,dlopen,32,8192,2,4351322,2304,2706,16951,2865,12824,18685,32,0,0,0,0
snapshot,dlopen,32,8192,3,2803268,2274,2775,2816,2885,14807,1128286,32,0,0,0,0
snapshot,dlopen,32,8192,4,4979660,2264,2615,2696,2815,23504,2377960,32,0,0,0,0
snapshot,dlopen,32,8192,5,8455530,2285,2655,2836,3036,15079,3854370,32,0,0,0,0
snapshot,dlopen,32,8192,6,3732110,2284,2715,19637,2745,15218,15519,32,0,0,0,0
snapshot,dlopen,32,8192,7,4052832,2284,2705,17703,2715,11893,21641,32,0,0,0,0
snapshot,dlopen,32,8192,8,4429098,2294,2625,10991,2715,11211,17693,32,0,0,0,0
snapshot,dlopen,32,8192,9,7286257,2294,2835,2846,2846,626976,2629983,32,0,0,0,0
snapshot,dlopen,32,8192,10,3014003,2324,2685,2685,2995,14117,1342829,32,0,0,0,0
snapshot,dlopen,32,8192,11,4345901,2285,11592,21480,2825,12714,13806,32,0,0,0,0
snapshot,dlopen,32,8192,12,3059519,2264,2856,17954,2755,15940,16141,32,0,0,0,0
snapshot,dlopen,32,8192,13,4482679,2274,2725,17462,2795,14567,22953,32,0,0,0,0
snapshot,dlopen,32,8192,14,3924751,2274,12023,18254,2675,13645,15970,32,0,0,0,0
snapshot,dlopen,32,8192,15,2077777,2274,2726,17423,2705,13796,16140,32,0,0,0,0
snapshot,dlopen,32,8192,16,7795261,2284,2615,2755,2735,4398,565340,32,0,0,0,0
snapshot,dlopen,32,8192,17,1790889,2294,2595,13887,2816,19576,73017,32,0,0,0,0
snapshot,dlopen,32,8192,18,5147074,2295,2585,2655,2715,26790,1857524,32,0,0,0,0
snapshot,dlopen,32,8192,19,5008905,2285,2625,3297,2856,29094,2607641,32,0,0,0,0
snapshot,dlopen,32,8192,20,5401051,2334,3687,4158,2856,15479,29445,32,0,0,0,0
snapshot,dlopen,32,8192,21,3907960,2264,2574,2625,3176,8255,25006,32,0,0,0,0
snapshot,dlopen,32,8192,22,5007142,2274,2605,2635,2755,8666,24566,32,0,0,0,0
snapshot,dlopen,32,8192,23,1730445,2304,2644,24295,2846,17352,27091,32,0,0,0,0
snapshot,dlopen,32,8192,24,1690802,2324,4148,4258,2855,28984,34956,32,0,0,0,0
snapshot,dlopen,32,8192,25,4489601,2264,2525,2614,2776,12293,23675,32,0,0,0,0
snapshot,dlopen,32,8192,26,4586202,2284,2635,2775,2765,8316,24146,32,0,0,0,0
snapshot,dlopen,32,8192,27,1731708,2305,2665,33693,2835,21851,25458,32,0,0,0,0
snapshot,dlopen,32,8192,28,4752133,2284,2675,2715,2745,11842,23855,32,0,0,0,0
snapshot,dlopen,32,8192,29,5028271,2325,3056,30537,3016,1347899,3334795,32,0,0,0,0
snapshot,dlopen,32,8192,30,1798474,2304,2685,2695,2946,5440,282840,32,0,0,0,0
snapshot,dlopen,32,8192,31,6503789,2295,2645,2785,2806,22683,154399,32,0,0,0,0
snapshot,dlopen,32,8192,32,6299496,2274,2685,2706,2765,34054,35687,32,0,0,0,0
snapshot,dlopen,32,8192,33,7370815,2295,4599,4599,2835,33924,57949,32,0,0,0,0
snapshot,dlopen,32,8192,34,8122566,2314,2675,2695,2935,71554,80491,32,0,0,0,0
snapshot,dlopen,32,8192,35,8298064,2284,2605,2695,2895,20388,36418,32,0,0,0,0
snapshot,dlopen,32,8192,36,5349013,2354,2885,2895,3356,56676,3632754,32,0,0,0,0
snapshot,dlopen,32,8192,37,3996416,2324,2645,2715,2986,6152,19056,32,0,0,0,0
snapshot,dlopen,32,8192,38,4302881,2304,2655,2685,2865,20058,2462138,32,0,0,0,0
snapshot,dlopen,32,8192,39,3484706,2324,2545,2565,2906,73027,1172439,32,0,0,0,0
snapshot,dlopen,32,8192,40,7545974,2285,2635,2746,2735,577463,5684983,32,0,0,0,0
snapshot,dlopen,32,8192,41,1763027,2305,2635,2795,2965,4458,117801,32,0,0,0,0
snapshot,dlopen,32,8192,42,1830293,2304,2635,2795,2765,5911,10540,32,0,0,0,0
snapshot,dlopen,32,8192,43,10975907,2264,2685,2865,2805,4708,8512857,32,0,0,0,0
snapshot,dlopen,32,8192,44,8393564,2315,2855,2895,2895,213991,6804283,32,0,0,0,0
snapshot,dlopen,32,8192,45,7262622,2344,2836,2956,3346,124905,1114501,32,0,0,0,0
snapshot,dlopen,32,8192,46,1812610,2315,2975,3016,3316,14518,151104,32,0,0,0,0
snapshot,dlopen,32,8192,47,1694358,2304,2635,2675,2735,12223,13455,32,0,0,0,0
snapshot,dlopen,32,8192,48,4923545,2304,2645,2645,2725,12223,2476926,32,0,0,0,0
snapshot,dlopen,32,8192,49,1685041,2335,2554,2715,2845,13946,33082,32,0,0,0,0
snapshot,dlopen,32,8192,50,5310931,2304,2655,3016,2825,12533,846868,32,0,0,0,0
snapshot,dlopen,32,8192,51,2910480,2274,2645,2665,2936,12514,1274200,32,0,0,0,0
snapshot,dlopen,32,8192,52,4070074,2265,2706,2895,2725,8486,12974,32,0,0,0,0
snapshot,dlopen,32,8192,53,2090892,2304,2645,3186,2735,12764,427262,32,0,0,0,0
snapshot,dlopen,32,8192,54,3991597,2384,4338,4418,2835,9688,16471,32,0,0,0,0
snapshot,dlopen,32,8192,55,4935317,2364,4448,5510,2966,325791,328977,32,0,0,0,0
snapshot,dlopen,32,8192,56,1967751,2305,2605,2615,2865,12784,422072,32,0,0,0,0
snapshot,dlopen,32,8192,57,5004257,2295,2594,2635,2855,8566,13005,32,0,0,0,0
snapshot,dlopen,32,8192,58,2809309,2295,2705,2775,2876,12714,970350,32,0,0,0,0
snapshot,dlopen,32,8192,59,4047813,2305,2535,2655,3025,478097,554530,32,0,0,0,0
snapshot,dlopen,32,8192,60,3674272,2394,2835,8586,3036,14106,37981,32,0,0,0,0
snapshot,dlopen,32,8192,61,5320369,2325,2635,7464,3006,1698365,1784598,32,0,0,0,0
snapshot,dlopen,32,8192,62,5706975,2315,2675,2825,2945,350538,494738,32,0,0,0,0
snapshot,dlopen,32,8192,63,2384954,2345,2675,2806,3226,14327,647785,32,0,0,0,0
snapshot,dlopen,32,8192,64,4225566,2304,2845,431459,2856,12964,130415,32,0,0,0,0
snapshot,dlopen,32,8192,65,3984133,2305,2625,338915,2786,12293,96972,32,0,0,0,0
snapshot,dlopen,32,8192,66,5238646,2294,2605,2605,2735,1442115,1446183,32,0,0,0,0
snapshot,dlopen,32,8192,67,4795365,2265,2605,2635,3006,417563,783691,32,0,0,0,0
snapshot,dlopen,32,8192,68,3881861,2264,2595,460614,2786,13345,480922,32,0,0,0,0
snapshot,dlopen,32,8192,69,4261192,2294,2645,475411,2756,12433,357982,32,0,0,0,0
snapshot,dlopen,32,8192,70,7176191,2294,2595,493787,2976,134953,732824,32,0,0,0,0
snapshot,dlopen,32,8192,71,4722288,2284,2745,2886,2725,13435,3081270,32,0,0,0,0
snapshot,dlopen,32,8192,72,5706002,2344,2675,2885,2806,13035,4096454,32,0,0,0,0
snapshot,dlopen,32,8192,73,10733602,2475,3116,3176,3667,1456431,9126799,32,0,0,0,0
snapshot,dlopen,32,8192,74,4264690,2375,2835,3036,3216,11201,12494,32,0,0,0,0
snapshot,dlopen,32,8192,75,4825201,2415,6853,12183,3226,138369,177503,32,0,0,0,0
snapshot,dlopen,32,8192,76,2833014,2384,3036,3347,3135,11892,1131963,32,0,0,0,0
snapshot,dlopen,32,8192,77,1671515,2305,2655,2665,2806,8977,13075,32,0,0,0,0
snapshot,dlopen,32,8192,78,3647461,2314,2685,2745,2865,13345,1784487,32,0,0,0,0
snapshot,dlopen,32,8192,79,4886295,2294,2655,2655,2915,8897,13064,32,0,0,0,0
snapshot,dlopen,32,8192,80,1692024,2374,2715,3006,2975,10059,13616,32,0,0,0,0
snapshot,dlopen,32,8192,81,4395555,2305,2645,2675,2835,826701,829446,32,0,0,0,0
snapshot,dlopen,32,8192,82,4873321,2274,2706,2725,2795,8846,12814,32,0,0,0,0
snapshot,dlopen,32,8192,83,2186080,2314,2836,2966,2956,12653,559820,32,0,0,0,0
snapshot,dlopen,32,8192,84,4134665,2274,2655,2665,2705,8957,13114,32,0,0,0,0
snapshot,dlopen,32,8192,85,1862002,2274,2695,2825,3036,190508,235642,32,0,0,0,0
snapshot,dlopen,32,8192,86,4917464,2174,2565,2565,2655,9047,12634,32,0,0,0,0
snapshot,dlopen,32,8192,87,1678749,2154,2805,2876,2795,8996,12894,32,0,0,0,0
snapshot,dlopen,32,8192,88,4647758,2194,2695,2715,2736,8977,12383,32,0,0,0,0
snapshot,dlopen,32,8192,89,4604987,2275,2635,3036,2735,9117,12854,32,0,0,0,0
snapshot,dlopen,32,8192,90,1637271,2195,2495,2645,2715,9157,13205,32,0,0,0,0
snapshot,dlopen,32,8192,91,1792823,2184,2515,2655,2745,12964,173094,32,0,0,0,0
snapshot,dlopen,32,8192,92,4621388,2305,3166,3517,2725,11651,12794,32,0,0,0,0
snapshot,dlopen,32,8192,93,1680182,2214,2715,2816,2835,8867,12734,32,0,0,0,0
snapshot,dlopen,32,8192,94,3550480,2244,2675,2735,2795,11973,12523,32,0,0,0,0
snapshot,dlopen,32,8192,95,3813032,2284,2525,2535,2805,8967,43492,32,0,0,0,0
snapshot,dlopen,32,8192,96,4971215,2204,2515,2615,2745,9057,43622,32,0,0,0,0
snapshot,dlopen,32,8192,97,1694177,2284,2545,2565,2645,4338,12133,32,0,0,0,0
snapshot,dlopen,32,8192,98,1700329,2294,2595,2705,2725,8916,9527,32,0,0,0,0
snapshot,dlopen,32,8192,99,1698076,2344,4228,7314,2895,7945,8977,32,0,0,0,0
snapshot,dlopen,128,8192,0,39397657,2254,3416,4037,3150951,22115322,25102634,128,0,0,0,0
snapshot,dlopen,128,8192,1,57063684,2334,3387,13756,3748251,30715693,42740527,128,0,0,0,0
snapshot,dlopen,128,8192,2,51311244,2565,4158,14257,3277368,22952983,30669155,128,0,0,0,0
snapshot,dlopen,128,8192,3,55688875,2705,4698,5992,3480919,36263028,42293360,128,0,0,0,0
snapshot,dlopen,128,8192,4,95994396,2615,5400,13345,4548331,37521038,81456546,128,0,0,0,0
snapshot,dlopen,128,8192,5,45870098,2685,3817,7444,4381368,26404046,31238113,128,0,0,0,0
snapshot,dlopen,128,8192,6,68788776,2695,4549,5421,2680618,37526328,57547431,128,0,0,0,0
snapshot,dlopen,128,8192,7,131166678,2735,76223,100000000,3088323,100000000,120855877,126,0,2,0,0
snapshot,dlopen,128,8192,8,56572522,2665,3606,3827,3691063,29585382,37440977,128,0,0,0,0
snapshot,dlopen,128,8192,9,64645835,2735,3476,17312,5242013,40401330,51703921,128,0,0,0,0
snapshot,dlopen,128,8192,10,90885994,2685,5120,6486036,4387279,53363653,78658008,128,0,0,0,0
snapshot,dlopen,128,8192,11,50085023,2705,10930,38452,4415953,33981128,38348079,128,0,0,0,0
snapshot,dlopen,128,8192,12,131215058,2685,3466,4499,2409319,23816863,41360539,128,0,0,0,0
snapshot,dlopen,128,8192,13,36926953,2655,4138,8506,4058713,26144359,29139917,128,0,0,0,0
snapshot,dlopen,128,8192,14,36627502,2454,3616,7263,5016239,26150089,29147371,128,0,0,0,0
snapshot,dlopen,128,8192,15,39334029,2354,3717,18966,4503046,25507965,31355693,128,0,0,0,0
snapshot,dlopen,128,8192,16,36341385,2434,3596,7404,4216429,26195986,30193694,128,0,0,0,0
snapshot,dlopen,128,8192,17,32052009,2415,3918,7374,4723680,20850108,25870265,128,0,0,0,0
snapshot,dlopen,128,8192,18,40308867,2335,3286,7203,3894925,21814046,24807170,128,0,0,0,0
snapshot,dlopen,128,8192,19,39828826,2435,4118,6692,2900560,23458641,28758141,128,0,0,0,0
snapshot,dlopen,128,8192,20,37662413,2515,3547,4208,3650117,25641035,31569915,128,0,0,0,0
snapshot,dlopen,128,8192,21,44941065,2535,4128,216206,3770292,31748801,38739783,128,0,0,0,0
snapshot,dlopen,128,8192,22,79913933,2465,4569,10319,4810082,44829757,74053060,128,0,0,0,0
snapshot,dlopen,128,8192,23,31052695,2455,5139,69731,4037472,18118995,23062287,128,0,0,0,0
snapshot,dlopen,128,8192,24,39437222,2355,4288,6004994,3453278,21416371,24421707,128,0,0,0,0
snapshot,dlopen,128,8192,25,28521427,2244,3216,7334,3528569,19520434,22532815,128,0,0,0,0
snapshot,dlopen,128,8192,26,29719324,2254,3056,6993,3091759,21007113,23791446,128,0,0,0,0
snapshot,dlopen,128,8192,27,29285961,2235,3196,7284,3307614,20279047,23320753,128,0,0,0,0
snapshot,dlopen,128,8192,28,40892983,2334,3206,6753,3022370,20457311,23422724,128,0,0,0,0
snapshot,dlopen,128,8192,29,44482986,2435,3757,6572,3090026,20036683,24031425,128,0,0,0,0
snapshot,dlopen,128,8192,30,53405892,2435,3396,5791,3568694,24225289,32519987,128,0,0,0,0
snapshot,dlopen,128,8192,31,47545761,2455,4419,7174,3206755,23106170,29190953,128,0,0,0,0
snapshot,dlopen,128,8192,32,52890466,2314,3427,7724,4572096,22147422,25559621,128,0,0,0,0
snapshot,dlopen,128,8192,33,44531387,2424,4448,7244,4636216,21308318,29451632,128,0,0,0,0
snapshot,dlopen,128,8192,34,39332074,2375,3657,7925,3151571,18032813,25408538,128,0,0,0,0
snapshot,dlopen,128,8192,35,42027640,2224,3347,7244,3793515,20851711,23789362,128,0,0,0,0
snapshot,dlopen,128,8192,36,28019876,2225,3246,7223,3797863,18709012,18761390,128,0,0,0,0
snapshot,dlopen,128,8192,37,23711976,2215,4268,7324,3744653,17743150,17784248,128,0,0,0,0
snapshot,dlopen,128,8192,38,29945759,2234,3316,7044,3108661,18013798,20023247,128,0,0,0,0
snapshot,dlopen,128,8192,39,33648163,2274,3126,6963,3106467,17066381,22046222,128,0,0,0,0
snapshot,dlopen,128,8192,40,33416599,2264,3656,6993,3397322,19453248,27399212,128,0,0,0,0
snapshot,dlopen,128,8192,41,49735117,2244,3646,4166986,2645212,20009681,30612649,128,0,0,0,0
snapshot,dlopen,128,8192,42,49153836,2425,3717,7464,3194402,28270116,38197567,128,0,0,0,0
snapshot,dlopen,128,8192,43,50346263,2465,428905,11997383,3585776,19552183,24033739,128,0,0,0,0
snapshot,dlopen,128,8192,44,34715996,2435,4098,256711,3702845,19618027,22584201,128,0,0,0,0
snapshot,dlopen,128,8192,45,65908052,2575,3787,5961,3166239,27155175,33107479,128,0,0,0,0
snapshot,dlopen,128,8192,46,39642427,2635,3246,7645,3057345,23015590,25616849,128,0,0,0,0
snapshot,dlopen,128,8192,47,44469440,2635,4188,6593,3297094,21373109,25282652,128,0,0,0,0
snapshot,dlopen,128,8192,48,48801566,2535,3807,7223,4039366,21906900,24773998,128,0,0,0,0
snapshot,dlopen,128,8192,49,35027610,2484,4849,7835,4023497,18581373,22026174,128,0,0,0,0
snapshot,dlopen,128,8192,50,38943145,2225,4368,39223,4008879,21057316,26059750,128,0,0,0,0
snapshot,dlopen,128,8192,51,38076950,2244,3336,6803,4010923,18318029,23096030,128,0,0,0,0
snapshot,dlopen,128,8192,52,42797153,2234,3567,7303,3038530,18798089,21758321,128,0,0,0,0
snapshot,dlopen,128,8192,53,34676171,2214,3336,7674,3133097,18210898,23207910,128,0,0,0,0
snapshot,dlopen,128,8192,54,38768256,2234,3596,7193,3427980,16556185,19418312,128,0,0,0,0
snapshot,dlopen,128,8192,55,26607668,2224,3377,7163,3681205,17647201,18609485,128,0,0,0,0
snapshot,dlopen,128,8192,56,43369206,2264,3015,3386,3017881,14105827,21266309,128,0,0,0,0
snapshot,dlopen,128,8192,57,30463029,2294,3246,6853,3630089,15809033,17685733,128,0,0,0,0
snapshot,dlopen,128,8192,58,42879738,2265,3467,7254,3232683,15170415,17239846,128,0,0,0,0
snapshot,dlopen,128,8192,59,26192659,2234,3817,7173,3265695,16358754,19322142,128,0,0,0,0
snapshot,dlopen,128,8192,60,82983880,2365,3737,16363343,3375932,61592357,70109372,128,0,0,0,0
snapshot,dlopen,128,8192,61,37871805,2514,3557,4077,3010757,25110659,29062201,128,0,0,0,0
snapshot,dlopen,128,8192,62,45166166,2385,3757,4509,4141928,25774404,28750537,128,0,0,0,0
snapshot,dlopen,128,8192,63,28619200,2324,3276,7685,3592008,19640288,22626079,128,0,0,0,0
snapshot,dlopen,128,8192,64,45714616,2355,4389,1010946,3635298,20017696,28007663,128,0,0,0,0
snapshot,dlopen,128,8192,65,42795150,2274,3367,3987,2259157,20190611,23271780,128,0,0,0,0
snapshot,dlopen,128,8192,66,30429235,2455,3667,4328,2806324,21492994,24416357,128,0,0,0,0
snapshot,dlopen,128,8192,67,50361312,2385,3136,6832,3307224,22023378,27048985,128,0,0,0,0
snapshot,dlopen,128,8192,68,34110130,2274,3056,7134,3662309,20596532,22614657,128,0,0,0,0
snapshot,dlopen,128,8192,69,35174255,2304,3216,3456,3541613,20545787,23501331,128,0,0,0,0
snapshot,dlopen,128,8192,70,32234922,2284,3967,9528,3279261,16242175,18281861,128,0,0,0,0
snapshot,dlopen,128,8192,71,34059124,2284,2945,12413,3788676,17019203,20052121,128,0,0,0,0
snapshot,dlopen,128,8192,72,37010670,2245,4559,6893,3942765,17943786,17997938,128,0,0,0,0
snapshot,dlopen,128,8192,73,28851496,2265,3226,6121,3008814,17017149,18980591,128,0,0,0,0
snapshot,dlopen,128,8192,74,40326499,2244,3356,4028,3050973,16076574,17161109,128,0,0,0,0
snapshot,dlopen,128,8192,75,48677373,2255,3397,5039,3323403,23314611,27434057,128,0,0,0,0
snapshot,dlopen,128,8192,76,31023079,2254,3997,6852,4013197,21021529,25046399,128,0,0,0,0
snapshot,dlopen,128,8192,77,63296364,2375,3517,16521,3759311,19777887,25727496,128,0,0,0,0
snapshot,dlopen,128,8192,78,32668084,2375,3196,5380,4697691,20965364,26759141,128,0,0,0,0
snapshot,dlopen,128,8192,79,45179622,2315,3065,3827,4030129,23006212,28071953,128,0,0,0,0
snapshot,dlopen,128,8192,80,46016241,2314,3366,5681,3772756,21889718,26803554,128,0,0,0,0
snapshot,dlopen,128,8192,81,68056712,2345,4088,7093,3715589,20782612,25759707,128,0,0,0,0
snapshot,dlopen,128,8192,82,35751057,2375,3336,6913,3792303,20716678,23701957,128,0,0,0,0
snapshot,dlopen,128,8192,83,36143784,2294,3096,7234,3105275,18126118,21157144,128,0,0,0,0
snapshot,dlopen,128,8192,84,41776970,2295,4178,5851,3148566,19148336,21965230,128,0,0,0,0
snapshot,dlopen,128,8192,85,36033377,2315,3105,6442,4034478,20989218,22943144,128,0,0,0,0
snapshot,dlopen,128,8192,86,57205979,2335,3056,3176,3481901,26447496,34041200,128,0,0,0,0
snapshot,dlopen,128,8192,87,36797249,2304,3216,5570,3746667,26695381,30794400,128,0,0,0,0
snapshot,dlopen,128,8192,88,52635197,2294,3237,3566,4742055,27796157,31219177,128,0,0,0,0
snapshot,dlopen,128,8192,89,42962243,2274,3266,6081,3379369,25359907,29337307,128,0,0,0,0
snapshot,dlopen,128,8192,90,50609467,2204,3026,4418,3352919,26372616,38345052,128,0,0,0,0
snapshot,dlopen,128,8192,91,25674216,2274,3326,3887,4342315,17662689,19640148,128,0,0,0,0
snapshot,dlopen,128,8192,92,30989496,2234,3076,6984,2587453,17569154,19004477,128,0,0,0,0
snapshot,dlopen,128,8192,93,39260179,2244,4088,16015690,2320833,15994070,18466286,128,0,0,0,0
snapshot,dlopen,128,8192,94,38956609,2825,330591,7290214,2695095,22612634,24235848,128,0,0,0,0
snapshot,dlopen,128,8192,95,39668676,2706,3446,4278,2836280,24631551,28727042,128,0,0,0,0
snapshot,dlopen,128,8192,96,40454259,2585,3146,7164,3035314,21877765,23887695,128,0,0,0,0
snapshot,dlopen,128,8192,97,44529823,2514,4108,10530,2022072,22246868,29237430,128,0,0,0,0
snapshot,dlopen,128,8192,98,42077483,2494,3406,7193,3909393,19898764,23326142,128,0,0,0,0
snapshot,dlopen,128,8192,99,44954490,2495,7414,14858,2625304,19564176,29610189,128,0,0,0,0
snapshot,spin,4,4096,0,240321,1603,1613,1834,2605,2635,2725,4,0,0,0,0
snapshot,spin,4,4096,1,224501,1633,1704,1863,2414,2514,2635,4,0,0,0,0
snapshot,spin,4,4096,2,222868,1613,1643,1743,2184,2374,2535,4,0,0,0,0
snapshot,spin,4,4096,3,222618,1753,1773,1794,2354,2365,2415,4,0,0,0,0
snapshot,spin,4,4096,4,316343,1703,1794,2064,2174,2295,2344,4,0,0,0,0
snapshot,spin,4,4096,5,263985,1072,1082,1092,1923,1943,3787,4,0,0,0,0
snapshot,spin,4,4096,6,224691,1032,1072,1102,1773,1984,2084,4,0,0,0,0
snapshot,spin,4,4096,7,219331,1032,1032,1072,1673,1723,1843,4,0,0,0,0
snapshot,spin,4,4096,8,219962,1032,1032,1072,1623,1733,1783,4,0,0,0,0
snapshot,spin,4,4096,9,218490,1072,1082,1082,1713,1834,1924,4,0,0,0,0
snapshot,spin,4,4096,10,216656,1032,1032,1032,1623,1653,1893,4,0,0,0,0
snapshot,spin,4,4096,11,217818,1032,1032,1032,1593,1623,1784,4,0,0,0,0
snapshot,spin,4,4096,12,227807,1032,1032,1032,1593,1663,1773,4,0,0,0,0
snapshot,spin,4,4096,13,218160,1072,1082,1092,1723,1824,1914,4,0,0,0,0
snapshot,spin,4,4096,14,214252,1032,1042,1042,1623,1633,1783,4,0,0,0,0
snapshot,spin,4,4096,15,216977,1032,1042,1082,1613,1713,1773,4,0,0,0,0
snapshot,spin,4,4096,16,215134,1032,1032,1042,1623,1773,1783,4,0,0,0,0
snapshot,spin,4,4096,17,215424,1022,1032,1032,1583,1613,1773,4,0,0,0,0
snapshot,spin,4,4096,18,217147,1062,1072,1092,1693,1693,1853,4,0,0,0,0
snapshot,spin,4,4096,19,213641,1032,1042,1042,1593,1643,1793,4,0,0,0,0
snapshot,spin,4,4096,20,216827,1022,1022,1032,1573,1623,1763,4,0,0,0,0
snapshot,spin,4,4096,21,227427,1022,1032,1072,1603,1723,1783,4,0,0,0,0
snapshot,spin,4,4096,22,215735,1062,1072,1072,1723,1763,1823,4,0,0,0,0
snapshot,spin,4,4096,23,219541,1042,1042,1042,1603,1663,1784,4,0,0,0,0
snapshot,spin,4,4096,24,217608,1032,1032,1032,1593,1633,1784,4,0,0,0,0
snapshot,spin,4,4096,25,214733,1032,1032,1032,1633,1784,1904,4,0,0,0,0
snapshot,spin,4,4096,26,192511,1032,1032,1042,1583,1633,1764,4,0,0,0,0
snapshot,spin,4,4096,27,213020,1072,1082,1082,1673,1713,1833,4,0,0,0,0
snapshot,spin,4,4096,28,215755,1032,1032,1032,1613,1623,1813,4,0,0,0,0
snapshot,spin,4,4096,29,220664,1032,1032,1072,1603,1744,1784,4,0,0,0,0
snapshot,spin,4,4096,30,248727,1031,1563,1743,2004,2295,2354,4,0,0,0,0
snapshot,spin,4,4096,31,222036,1082,1132,1142,1723,1793,1944,4,0,0,0,0
snapshot,spin,4,4096,32,214843,1052,1062,1082,1633,1783,1853,4,0,0,0,0
snapshot,spin,4,4096,33,216235,1032,1032,1041,1593,1643,1794,4,0,0,0,0
snapshot,spin,4,4096,34,216005,1032,1042,1062,1633,1704,1763,4,0,0,0,0
snapshot,spin,4,4096,35,223810,1032,1041,1042,1633,1633,1763,4,0,0,0,0
snapshot,spin,4,4096,36,167144,1072,1082,1082,1834,1874,2144,4,0,0,0,0
snapshot,spin,4,4096,37,213941,1032,1032,1042,1623,1733,1803,4,0,0,0,0
snapshot,spin,4,4096,38,213281,1022,1032,1032,1623,1633,1763,4,0,0,0,0
snapshot,spin,4,4096,39,220132,1022,1032,1172,1573,1623,1934,4,0,0,0,0
snapshot,spin,4,4096,40,345498,1022,1022,1132,1603,1643,1884,4,0,0,0,0
snapshot,spin,4,4096,41,306885,1633,1673,1683,2584,2805,4098,4,0,0,0,0
snapshot,spin,4,4096,42,287450,1573,1573,1633,2575,2635,2896,4,0,0,0,0
snapshot,spin,4,4096,43,265678,1553,1853,1893,2374,2675,2685,4,0,0,0,0
snapshot,spin,4,4096,44,224160,1583,1744,1954,2214,2515,2675,4,0,0,0,0
snapshot,spin,4,4096,45,222267,1733,1873,2004,2375,2474,2504,4,0,0,0,0
snapshot,spin,4,4096,46,221505,1703,1793,2014,2174,2234,2315,4,0,0,0,0
snapshot,spin,4,4096,47,223209,1703,1773,1903,2204,2244,2344,4,0,0,0,0
snapshot,spin,4,4096,48,220624,1643,1663,1663,2234,2405,2415,4,0,0,0,0
snapshot,spin,4,4096,49,224742,1723,1733,1933,2325,2375,2545,4,0,0,0,0
snapshot,spin,4,4096,50,225994,1854,2014,2254,2926,3396,3536,4,0,0,0,0
snapshot,spin,4,4096,51,223520,2374,2445,2535,2876,3236,3436,4,0,0,0,0
snapshot,spin,4,4096,52,183464,1683,1854,1884,2995,2996,3136,4,0,0,0,0
snapshot,spin,4,4096,53,227096,1623,1673,1703,2495,2555,2876,4,0,0,0,0
snapshot,spin,4,4096,54,226735,1624,1634,2064,2504,2594,2675,4,0,0,0,0
snapshot,spin,4,4096,55,220364,1523,1633,2043,2495,2565,2625,4,0,0,0,0
snapshot,spin,4,4096,56,224000,1743,1753,2023,2024,2254,2255,4,0,0,0,0
snapshot,spin,4,4096,57,222728,1563,1674,2024,2324,2465,2485,4,0,0,0,0
snapshot,spin,4,4096,58,220534,1573,1633,1894,2345,2374,2585,4,0,0,0,0
snapshot,spin,4,4096,59,223469,1523,1703,1984,2274,2415,2424,4,0,0,0,0
snapshot,spin,4,4096,60,218941,1793,1803,1974,2364,2435,2575,4,0,0,0,0
snapshot,spin,4,4096,61,209012,1764,2014,2064,2504,2705,2765,4,0,0,0,0
snapshot,spin,4,4096,62,222567,1603,1633,1904,2264,2425,2495,4,0,0,0,0
snapshot,spin,4,4096,63,221005,1603,1723,2124,2415,2445,2505,4,0,0,0,0
snapshot,spin,4,4096,64,224151,1603,1804,1823,2224,2244,2254,4,0,0,0,0
snapshot,spin,4,4096,65,225383,1804,1813,1904,2084,2305,2334,4,0,0,0,0
snapshot,spin,4,4096,66,224792,1903,1964,2014,2435,2996,3136,4,0,0,0,0
snapshot,spin,4,4096,67,224251,1583,1784,2004,2474,2565,2645,4,0,0,0,0
snapshot,spin,4,4096,68,220223,1593,1763,1794,2224,2225,2375,4,0,0,0,0
snapshot,spin,4,4096,69,223279,1523,1763,2043,2455,2535,2625,4,0,0,0,0
snapshot,spin,4,4096,70,213240,1744,1873,2074,2284,2404,2464,4,0,0,0,0
snapshot,spin,4,4096,71,221816,1563,1603,2014,2394,2525,2705,4,0,0,0,0
snapshot,spin,4,4096,72,223849,1583,1663,1684,2254,2284,2815,4,0,0,0,0
snapshot,spin,4,4096,73,223980,1603,1663,2284,2365,2434,2445,4,0,0,0,0
snapshot,spin,4,4096,74,223098,1794,1823,1844,2374,2394,2535,4,0,0,0,0
snapshot,spin,4,4096,75,223439,1854,2074,2104,2605,2745,2795,4,0,0,0,0
snapshot,spin,4,4096,76,223640,1683,1774,1774,2264,2305,2405,4,0,0,0,0
snapshot,spin,4,4096,77,220834,1603,1784,1854,2414,2515,2535,4,0,0,0,0
snapshot,spin,4,4096,78,224411,1583,1854,2064,2134,2405,2665,4,0,0,0,0
snapshot,spin,4,4096,79,205135,1583,1623,2174,2235,2275,2294,4,0,0,0,0
snapshot,spin,4,4096,80,225272,1753,1863,2104,2965,3106,3807,4,0,0,0,0
snapshot,spin,4,4096,81,221986,1623,1643,1844,2294,2305,2374,4,0,0,0,0
snapshot,spin,4,4096,82,221285,1613,1793,1834,2224,2244,2285,4,0,0,0,0
snapshot,spin,4,4096,83,224632,2074,2084,2345,2575,2755,2926,4,0,0,0,0
snapshot,spin,4,4096,84,226965,2154,2224,2284,2896,3015,3276,4,0,0,0,0
snapshot,spin,4,4096,85,219692,1943,2023,2374,2325,2635,3086,4,0,0,0,0
snapshot,spin,4,4096,86,223188,2094,2094,2394,2315,2354,3006,4,0,0,0,0
snapshot,spin,4,4096,87,219571,1984,2024,2374,2285,2525,3126,4,0,0,0,0
snapshot,spin,4,4096,88,214983,2044,2204,2595,2454,2685,3076,4,0,0,0,0
snapshot,spin,4,4096,89,224151,1693,2004,2374,2554,2906,3647,4,0,0,0,0
snapshot,spin,4,4096,90,223329,1904,2004,2254,2785,2936,3106,4,0,0,0,0
snapshot,spin,4,4096,91,222678,1723,2034,2445,2695,2805,3246,4,0,0,0,0
snapshot,spin,4,4096,92,224761,2114,2625,2675,2956,2985,3357,4,0,0,0,0
snapshot,spin,4,4096,93,223659,1724,2274,2385,2554,3066,3676,4,0,0,0,0
snapshot,spin,4,4096,94,222317,1683,1744,1813,2234,2394,2455,4,0,0,0,0
snapshot,spin,4,4096,95,223569,1724,1893,2024,2274,2295,2385,4,0,0,0,0
snapshot,spin,4,4096,96,219332,1553,1753,1824,2234,2344,2414,4,0,0,0,0
snapshot,spin,4,4096,97,206758,1784,1814,1963,2284,2445,2544,4,0,0,0,0
snapshot,spin,4,4096,98,223720,1593,1633,1964,2324,2495,2625,4,0,0,0,0
snapshot,spin,4,4096,99,220313,1563,1633,1653,2254,2495,2675,4,0,0,0,0
snapshot,spin,32,4096,0,8011947,2124,2685,10870,2745,6312,3539058,32,0,0,0,0
snapshot,spin,32,4096,1,1761674,2144,2555,3396,2715,4198,210675,32,0,0,0,0
snapshot,spin,32,4096,2,3290472,2074,2705,2825,2715,108123,1791080,32,0,0,0,0
snapshot,spin,32,4096,3,5923069,2134,3006,3196,2665,4138,2466576,32,0,0,0,0
snapshot,spin,32,4096,4,8004403,2124,2755,2785,2836,5780,3539839,32,0,0,0,0
snapshot,spin,32,4096,5,1653392,2124,2515,2745,2806,4218,108052,32,0,0,0,0
snapshot,spin,32,4096,6,1636039,2104,2614,3597,2685,4248,108113,32,0,0,0,0
snapshot,spin,32,4096,7,7690675,2104,2554,2735,2645,4038,3237623,32,0,0,0,0
snapshot,spin,32,4096,8,1781601,2104,2645,2655,2705,5650,208972,32,0,0,0,0
snapshot,spin,32,4096,9,7215844,2094,2645,3005,2805,5069,2756761,32,0,0,0,0
snapshot,spin,32,4096,10,7988704,2114,2655,2705,2665,5771,3539710,32,0,0,0,0
snapshot,spin,32,4096,11,1871510,2134,2445,2575,2735,4559,312716,32,0,0,0,0
snapshot,spin,32,4096,12,2183986,2134,2655,3306,2665,5951,670287,32,0,0,0,0
snapshot,spin,32,4096,13,3934740,2154,2716,12052,2745,5460,1504262,32,0,0,0,0
snapshot,spin,32,4096,14,2077296,2184,2474,2635,2685,5861,543119,32,0,0,0,0
snapshot,spin,32,4096,15,3936914,2134,2635,2865,2736,5360,1483743,32,0,0,0,0
snapshot,spin,32,4096,16,4975593,2144,4028,4368,3076,5851,519324,32,0,0,0,0
snapshot,spin,32,4096,17,3107739,2113,2615,3025,2805,6001,1545218,32,0,0,0,0
snapshot,spin,32,4096,18,3001469,2164,2675,2675,2745,6002,1454889,32,0,0,0,0
snapshot,spin,32,4096,19,4887267,2104,2535,2585,2695,5000,1430022,32,0,0,0,0
snapshot,spin,32,4096,20,4096163,2094,3847,3977,2815,5750,2539163,32,0,0,0,0
snapshot,spin,32,4096,21,2994447,2164,2715,2855,2825,5440,1459798,32,0,0,0,0
snapshot,spin,32,4096,22,3901678,2094,2725,3626,2695,5050,1441354,32,0,0,0,0
snapshot,spin,32,4096,23,2181883,2164,2945,3577,2765,557156,732234,32,0,0,0,0
snapshot,spin,32,4096,24,6825572,2134,2615,2635,2695,5320,1352006,32,0,0,0,0
snapshot,spin,32,4096,25,2083318,2144,2635,3517,2736,5611,521068,32,0,0,0,0
snapshot,spin,32,4096,26,2987794,2164,2595,2615,2755,1392622,1456111,32,0,0,0,0
snapshot,spin,32,4096,27,3011288,2114,2405,2414,2755,5871,1441994,32,0,0,0,0
snapshot,spin,32,4096,28,4897987,2114,2415,2645,2665,5471,1447305,32,0,0,0,0
snapshot,spin,32,4096,29,4087046,2114,2585,2635,2745,5901,2548510,32,0,0,0,0
snapshot,spin,32,4096,30,3000879,2144,2565,3056,2725,5320,1438177,32,0,0,0,0
snapshot,spin,32,4096,31,3883594,2114,2365,2655,2755,5660,1454047,32,0,0,0,0
snapshot,spin,32,4096,32,5011830,2114,2555,2635,2755,5150,545573,32,0,0,0,0
snapshot,spin,32,4096,33,3083484,2124,2525,2935,2855,5951,1520031,32,0,0,0,0
snapshot,spin,32,4096,34,2986822,2144,2645,2816,2725,5901,1465569,32,0,0,0,0
snapshot,spin,32,4096,35,4873271,2124,2344,2344,2675,5450,1455530,32,0,0,0,0
snapshot,spin,32,4096,36,4150595,2034,2655,2876,2825,5811,2577384,32,0,0,0,0
snapshot,spin,32,4096,37,2969811,2104,2465,2485,2746,5570,1436895,32,0,0,0,0
snapshot,spin,32,4096,38,3896208,2094,2444,2685,2835,5259,1448858,32,0,0,0,0
snapshot,spin,32,4096,39,3074647,2124,2424,2425,2875,572384,1586225,32,0,0,0,0
snapshot,spin,32,4096,40,2902724,2044,2524,2665,2695,5290,471544,32,0,0,0,0
snapshot,spin,32,4096,41,4981654,2074,2635,2685,2685,360676,1602776,32,0,0,0,0
snapshot,spin,32,4096,42,17135340,2114,2625,2635,2806,2581111,15583910,32,0,0,0,0
snapshot,spin,32,4096,43,3881381,2245,2725,3086,2856,463760,1447906,32,0,0,0,0
snapshot,spin,32,4096,44,4114397,2134,2605,2916,2625,558408,2577605,32,0,0,0,0
snapshot,spin,32,4096,45,3976127,2094,2555,2725,2655,1443367,2453401,32,0,0,0,0
snapshot,spin,32,4096,46,3015355,2094,2615,2795,2746,483417,1467222,32,0,0,0,0
snapshot,spin,32,4096,47,4890854,2084,2455,2534,2785,5740,442089,32,0,0,0,0
snapshot,spin,32,4096,48,3081159,2134,2745,2816,2675,6161,1547663,32,0,0,0,0
snapshot,spin,32,4096,49,3008523,2104,2575,2615,2755,5781,1483413,32,0,0,0,0
snapshot,spin,32,4096,50,4899310,2114,2675,2695,2685,5530,1451492,32,0,0,0,0
snapshot,spin,32,4096,51,4094179,2073,2505,2575,2755,6332,2539844,32,0,0,0,0
snapshot,spin,32,4096,52,2978557,2083,2565,2614,2665,6072,1474596,32,0,0,0,0
snapshot,spin,32,4096,53,3907820,2124,2515,2585,2665,5551,1471931,32,0,0,0,0
snapshot,spin,32,4096,54,5013945,2144,2705,2866,2765,6102,579206,32,0,0,0,0
snapshot,spin,32,4096,55,3096478,2124,2455,2485,2725,328366,1563573,32,0,0,0,0
snapshot,spin,32,4096,56,2992182,2144,2545,2665,2645,5750,1443097,32,0,0,0,0
snapshot,spin,32,4096,57,4904549,2104,2525,2645,2736,5651,1461040,32,0,0,0,0
snapshot,spin,32,4096,58,4094811,2144,2655,2956,2696,5881,2560703,32,0,0,0,0
snapshot,spin,32,4096,59,3003373,1994,2434,2685,2675,5470,1441454,32,0,0,0,0
snapshot,spin,32,4096,60,3889585,2164,2545,2565,2645,5531,1446232,32,0,0,0,0
snapshot,spin,32,4096,61,2082536,2103,2615,15289,2755,7384,558838,32,0,0,0,0
snapshot,spin,32,4096,62,3916396,2154,2595,3778,2775,5821,475292,32,0,0,0,0
snapshot,spin,32,4096,63,4993126,2084,2595,2625,2715,5921,1557031,32,0,0,0,0
snapshot,spin,32,4096,64,4081055,2124,2604,3065,2665,5971,2559080,32,0,0,0,0
snapshot,spin,32,4096,65,2988435,2074,2395,2485,2726,6131,1453727,32,0,0,0,0
snapshot,spin,32,4096,66,3912758,2134,2715,5350,2695,5711,1482981,32,0,0,0,0
snapshot,spin,32,4096,67,5012953,2114,2544,2845,2755,879310,2182513,32,0,0,0,0
snapshot,spin,32,4096,68,3084045,2144,2996,3617,2755,6162,1527354,32,0,0,0,0
snapshot,spin,32,4096,69,2996550,2074,2565,2565,2685,6261,1465057,32,0,0,0,0
snapshot,spin,32,4096,70,4934896,2124,2755,2755,2665,5390,1444399,32,0,0,0,0
snapshot,spin,32,4096,71,2058982,2094,2494,2685,2905,6632,493095,32,0,0,0,0
snapshot,spin,32,4096,72,3907689,2124,2494,2705,2715,5630,1463375,32,0,0,0,0
snapshot,spin,32,4096,73,2068991,1994,2474,2495,2766,6111,533420,32,0,0,0,0
snapshot,spin,32,4096,74,3887953,2124,2665,3987,2665,5500,1480157,32,0,0,0,0
snapshot,spin,32,4096,75,5024774,2114,2455,2545,2765,5560,567805,32,0,0,0,0
snapshot,spin,32,4096,76,3091278,2144,2545,5851,2735,615935,1559054,32,0,0,0,0
snapshot,spin,32,4096,77,1979453,2004,2405,2455,2745,5931,435446,32,0,0,0,0
snapshot,spin,32,4096,78,3030464,2144,2555,2776,2765,5280,1481619,32,0,0,0,0
snapshot,spin,32,4096,79,4876236,1994,2424,2625,2695,5450,1429651,32,0,0,0,0
snapshot,spin,32,4096,80,5095958,2114,2525,4158,2735,151034,3539640,32,0,0,0,0
snapshot,spin,32,4096,81,3915414,2064,2374,2665,2725,5780,1471650,32,0,0,0,0
snapshot,spin,32,4096,82,2085551,2144,2675,2986,2675,6342,530334,32,0,0,0,0
snapshot,spin,32,4096,83,3884325,2074,2424,2475,2686,5821,1463214,32,0,0,0,0
snapshot,spin,32,4096,84,2078368,2084,2525,2625,2705,5229,555763,32,0,0,0,0
snapshot,spin,32,4096,85,3912539,2074,2284,2655,2685,5551,1498120,32,0,0,0,0
snapshot,spin,32,4096,86,5011069,2134,2554,3006,2725,293931,558207,32,0,0,0,0
snapshot,spin,32,4096,87,2075113,1994,2315,2355,2786,5771,543860,32,0,0,0,0
snapshot,spin,32,4096,88,3020004,2144,2625,3146,2645,5581,1485667,32,0,0,0,0
snapshot,spin,32,4096,89,2995458,2114,10209,14347,2745,1343210,1441534,32,0,0,0,0
snapshot,spin,32,4096,90,4907775,2154,2645,3397,2725,4979,1465629,32,0,0,0,0
snapshot,spin,32,4096,91,2061086,2124,2515,2625,2745,5660,531157,32,0,0,0,0
snapshot,spin,32,4096,92,3923770,2144,2525,2575,2685,1248672,1488732,32,0,0,0,0
snapshot,spin,32,4096,93,2079641,2114,2394,2404,2675,5561,540434,32,0,0,0,0
snapshot,spin,32,4096,94,3923539,2094,2585,3126,2675,4989,1477821,32,0,0,0,0
snapshot,spin,32,4096,95,4970122,2124,2335,2644,2705,5430,2553149,32,0,0,0,0
snapshot,spin,32,4096,96,2062999,2094,2555,2675,2745,5510,558277,32,0,0,0,0
snapshot,spin,32,4096,97,3054009,2114,2455,2715,2665,5741,1500815,32,0,0,0,0
snapshot,spin,32,4096,98,2890562,2134,2725,3888,2765,5150,1431505,32,0,0,0,0
snapshot,spin,32,4096,99,4995129,2084,2305,2675,2675,5270,1562260,32,0,0,0,0
snapshot,spin,128,4096,0,42952825,2224,2695,3086,3275063,20235785,22229225,128,0,0,0,0
snapshot,spin,128,4096,1,69705273,2184,2986,3336,3206263,18232368,60331051,128,0,0,0,0
snapshot,spin,128,4096,2,33210031,2164,3487,3647,3494434,15503489,24456823,128,0,0,0,0
snapshot,spin,128,4096,3,36047753,2114,2986,3587,3296193,15346965,21104626,128,0,0,0,0
snapshot,spin,128,4096,4,38932204,2164,2956,3677,2975762,15279299,16184386,128,0,0,0,0
snapshot,spin,128,4096,5,32999526,2174,3176,82706,3327471,16343314,17292454,128,0,0,0,0
snapshot,spin,128,4096,6,36011164,2144,2816,77135,3325738,15267205,16327054,128,0,0,0,0
snapshot,spin,128,4096,7,35945831,2074,3166,6021,3214069,13328550,15298004,128,0,0,0,0
snapshot,spin,128,4096,8,35955710,2124,3066,13525,3340566,16325972,25258566,128,0,0,0,0
snapshot,spin,128,4096,9,40306501,2184,2685,2875,3367426,18381597,25281159,128,0,0,0,0
snapshot,spin,128,4096,10,32779182,2124,2685,2865,3937756,14993583,17932104,128,0,0,0,0
snapshot,spin,128,4096,11,37923512,2124,2805,3196,3212896,15239233,18209745,128,0,0,0,0
snapshot,spin,128,4096,12,30967394,2124,3026,3236,4220536,17363939,19332842,128,0,0,0,0
snapshot,spin,128,4096,13,31028739,2144,2815,3056,3332390,18385245,22306379,128,0,0,0,0
snapshot,spin,128,4096,14,33004546,2074,3126,6512,3324636,17264282,22257337,128,0,0,0,0
snapshot,spin,128,4096,15,48870905,2104,2906,3206,3298657,17304387,40349742,128,0,0,0,0
snapshot,spin,128,4096,16,34341923,2134,2725,3086,2393469,15356704,23356298,128,0,0,0,0
snapshot,spin,128,4096,17,39531457,2245,3015,315953,2979920,16933381,24880527,128,0,0,0,0
snapshot,spin,128,4096,18,53052819,2264,2895,2995,3008813,19358330,24354200,128,0,0,0,0
snapshot,spin,128,4096,19,122018565,2464,3346,3957,4259339,58144779,103509458,128,0,0,0,0
snapshot,spin,128,4096,20,98269309,2404,3447,4127,3225981,24740395,89238531,128,0,0,0,0
snapshot,spin,128,4096,21,50816434,2395,3527,4759,4080313,27976073,40029812,128,0,0,0,0
snapshot,spin,128,4096,22,107819542,2304,4348,100000000,4155484,30273452,100000000,126,0,2,0,0
snapshot,spin,128,4096,23,32251964,2285,3066,3356,4413768,20331415,23399399,128,0,0,0,0
snapshot,spin,128,4096,24,31819844,2174,3687,4398,3191426,19126554,21079699,128,0,0,0,0
snapshot,spin,128,4096,25,38046953,2164,2956,4107,3340526,19312633,22333930,128,0,0,0,0
snapshot,spin,128,4096,26,30108553,2194,4308,4609,4241285,19273911,21327122,128,0,0,0,0
snapshot,spin,128,4096,27,29947441,2114,4018,5170,3138847,19146011,20151788,128,0,0,0,0
snapshot,spin,128,4096,28,88979374,2144,3316,4087,3202867,61187777,70163261,128,0,0,0,0
snapshot,spin,128,4096,29,55394911,2214,3917,10950,4123354,38160916,44179526,128,0,0,0,0
snapshot,spin,128,4096,30,60616976,2205,3397,3586,3784689,36759808,42744914,128,0,0,0,0
snapshot,spin,128,4096,31,47988710,2175,4288,6432,4036962,30160371,34135135,128,0,0,0,0
snapshot,spin,128,4096,32,32959019,2194,4348,4589,4065105,22066358,24041213,128,0,0,0,0
snapshot,spin,128,4096,33,38905313,2144,3166,4408,3168884,20165664,30142176,128,0,0,0,0
snapshot,spin,128,4096,34,39054182,2184,3226,6402,4145115,23258635,30238036,128,0,0,0,0
snapshot,spin,128,4096,35,39013866,2144,3046,4268,4140606,21092683,23164659,128,0,0,0,0
snapshot,spin,128,4096,36,35998281,2184,4067,2998354,4123484,21063147,23186730,128,0,0,0,0
snapshot,spin,128,4096,37,40983420,2164,3176,4358,3726930,21138318,24122245,128,0,0,0,0
snapshot,spin,128,4096,38,30974888,2144,3527,4238,3142284,18044525,19122968,128,0,0,0,0
snapshot,spin,128,4096,39,28007332,2134,3827,4268,3159797,17153835,22095974,128,0,0,0,0
snapshot,spin,128,4096,40,33993410,2154,3687,4148,3147844,18137089,25161474,128,0,0,0,0
snapshot,spin,128,4096,41,26921986,2144,3817,9278,3116085,17990133,18166284,128,0,0,0,0
snapshot,spin,128,4096,42,30198341,2134,3406,4338,3194302,17152813,21191839,128,0,0,0,0
snapshot,spin,128,4096,43,27806485,2164,3106,3888,3267619,17020023,18989337,128,0,0,0,0
snapshot,spin,128,4096,44,28003144,2144,3447,4238,3110835,15212915,17175024,128,0,0,0,0
snapshot,spin,128,4096,45,33925333,2184,3416,4328,3166419,16214462,19127576,128,0,0,0,0
snapshot,spin,128,4096,46,29973770,2164,3797,179917,3208468,16239039,18147609,128,0,0,0,0
snapshot,spin,128,4096,47,35946843,2155,283080,439685,3255907,17155508,20269158,128,0,0,0,0
snapshot,spin,128,4096,48,36519778,2134,3727,5691,3247230,16303089,24695090,128,0,0,0,0
snapshot,spin,128,4096,49,43861839,2224,3206,6272,4666863,19765393,32021782,128,0,0,0,0
snapshot,spin,128,4096,50,40681084,2124,3316,4399,3845993,17878514,31922044,128,0,0,0,0
snapshot,spin,128,4096,51,25882567,2054,3136,4448,3171288,16242275,18199245,128,0,0,0,0
snapshot,spin,128,4096,52,29963261,2094,3106,4048,3259845,17205782,18373943,128,0,0,0,0
snapshot,spin,128,4096,53,30016100,2094,3807,4278,3328613,17239445,17277496,128,0,0,0,0
snapshot,spin,128,4096,54,36020271,2124,2815,4027,2801365,17337940,22239995,128,0,0,0,0
snapshot,spin,128,4096,55,29974542,2044,3045,4528,3239106,14209883,15226259,128,0,0,0,0
snapshot,spin,128,4096,56,35943057,2134,3817,15489,2471516,14337452,16328176,128,0,0,0,0
snapshot,spin,128,4096,57,30009547,2194,6682,83517,3335576,17234145,18049675,128,0,0,0,0
snapshot,spin,128,4096,58,81179834,2124,4228,53640,3304277,16289934,75369456,128,0,0,0,0
snapshot,spin,128,4096,59,35857125,2184,3176,6082,3144468,17153353,20031572,128,0,0,0,0
snapshot,spin,128,4096,60,45041973,2084,3105,4709,3268300,15056761,19239687,128,0,0,0,0
snapshot,spin,128,4096,61,29999749,2104,3045,4057,3226501,15204969,16191189,128,0,0,0,0
snapshot,spin,128,4096,62,35041646,2084,2845,4198,3090907,16098605,17226040,128,0,0,0,0
snapshot,spin,128,4096,63,42301092,2264,3937,5931656,3088614,16164369,22087338,128,0,0,0,0
snapshot,spin,128,4096,64,48278834,2385,3146,4298,3807692,20717448,32811273,128,0,0,0,0
snapshot,spin,128,4096,65,34359737,2305,3005,3306,3416458,16491632,20423878,128,0,0,0,0
snapshot,spin,128,4096,66,41965423,2124,7564,53861,3157563,16164690,19063447,128,0,0,0,0
snapshot,spin,128,4096,67,33317421,2225,3056,3788,3152393,17053276,18068450,128,0,0,0,0
snapshot,spin,128,4096,68,30512040,2144,3026,3797,4123294,17730746,18735161,128,0,0,0,0
snapshot,spin,128,4096,69,31094503,2034,3306,17513,3265315,16314610,17217844,128,0,0,0,0
snapshot,spin,128,4096,70,28344864,2094,3146,3537,3173141,15165555,15257468,128,0,0,0,0
snapshot,spin,128,4096,71,52631909,2164,3186,3928,2859603,16838813,46886112,128,0,0,0,0
snapshot,spin,128,4096,72,30846598,2073,3196,3607,3130662,15172318,18111531,128,0,0,0,0
snapshot,spin,128,4096,73,31010645,2094,3316,10490,3261327,18310635,20339119,128,0,0,0,0
snapshot,spin,128,4096,74,36013218,2114,2926,3627,3306902,16270007,20251014,128,0,0,0,0
snapshot,spin,128,4096,75,37369792,2094,2705,3607,3344843,15284448,31526293,128,0,0,0,0
snapshot,spin,128,4096,76,50848073,2205,2926,3818,3920594,17813652,19908562,128,0,0,0,0
snapshot,spin,128,4096,77,70288637,2204,3426,9969,3964175,21073556,24622854,128,0,0,0,0
snapshot,spin,128,4096,78,45536320,2164,3176,3667,4049565,18652665,21679363,128,0,0,0,0
snapshot,spin,128,4096,79,34008808,2124,2946,4198,3227564,19209440,22249211,128,0,0,0,0
snapshot,spin,128,4096,80,36971846,2194,2976,3737,3221041,19202207,22175774,128,0,0,0,0
snapshot,spin,128,4096,81,29875526,2044,3035,3687,3129069,17234526,19162552,128,0,0,0,0
snapshot,spin,128,4096,82,30006962,2064,3105,3697,3307744,15302092,18221437,128,0,0,0,0
snapshot,spin,128,4096,83,29896545,2094,3066,8245,3269082,15298725,19204120,128,0,0,0,0
snapshot,spin,128,4096,84,25154010,2104,3216,6071,3354031,13373874,15320556,128,0,0,0,0
snapshot,spin,128,4096,85,28976159,2084,3226,10279,3209430,16215134,19250507,128,0,0,0,0
snapshot,spin,128,4096,86,33890827,2044,3456,373250,3180165,15237349,19141863,128,0,0,0,0
snapshot,spin,128,4096,87,27120409,2024,2775,3697,3296373,14328105,16760577,128,0,0,0,0
snapshot,spin,128,4096,88,27888729,2014,2755,2996,3177069,14222447,22083491,128,0,0,0,0
snapshot,spin,128,4096,89,27503758,2014,3046,4038,3222344,14339055,16790814,128,0,0,0,0
snapshot,spin,128,4096,90,27582434,2064,2965,4048,3787995,15685831,18819950,128,0,0,0,0
snapshot,spin,128,4096,91,24854457,2043,2865,4148,3098562,13040209,15225498,128,0,0,0,0
snapshot,spin,128,4096,92,29937663,2053,2565,3997,3320689,13359327,17319906,128,0,0,0,0
snapshot,spin,128,4096,93,44023172,2044,2766,2825,3311992,15323331,35388806,128,0,0,0,0
snapshot,spin,128,4096,94,31092097,2014,2715,2946,3269402,15357465,18218401,128,0,0,0,0
snapshot,spin,128,4096,95,32042741,2044,2725,3226,3169174,13258698,20235956,128,0,0,0,0
snapshot,spin,128,4096,96,33976598,2034,2585,2695,3112949,16101541,19099985,128,0,0,0,0
snapshot,spin,128,4096,97,25790714,2023,2635,2655,3099945,14110225,16983755,128,0,0,0,0
snapshot,spin,128,4096,98,30054883,2014,2575,3276,3854089,13350020,14387085,128,0,0,0,0
snapshot,spin,128,4096,99,29999117,2063,2465,4368,3270935,14237244,17851473,128,0,0,0,0
snapshot,spin,4,16384,0,218710,1183,1192,1192,1653,1683,1894,4,0,0,0,0
snapshot,spin,4,16384,1,217267,1132,1132,1133,1583,1613,1823,4,0,0,0,0
snapshot,spin,4,16384,2,217267,1122,1132,1132,1573,1623,1783,4,0,0,0,0
snapshot,spin,4,16384,3,213570,1132,1142,1142,1583,1603,1774,4,0,0,0,0
snapshot,spin,4,16384,4,217768,1122,1122,1133,1553,1613,1803,4,0,0,0,0
snapshot,spin,4,16384,5,218911,1183,1183,1192,1633,1693,1963,4,0,0,0,0
snapshot,spin,4,16384,6,219432,1132,1132,1132,1613,1643,1813,4,0,0,0,0
snapshot,spin,4,16384,7,215184,1122,1132,1133,1583,1603,1793,4,0,0,0,0
snapshot,spin,4,16384,8,221796,1132,1132,1142,1583,1783,2124,4,0,0,0,0
snapshot,spin,4,16384,9,216886,1172,1172,1173,1653,1673,1864,4,0,0,0,0
snapshot,spin,4,16384,10,218900,1132,1132,1132,1583,1623,1813,4,0,0,0,0
snapshot,spin,4,16384,11,217357,1122,1132,1133,1643,1734,1804,4,0,0,0,0
snapshot,spin,4,16384,12,216826,1122,1123,1132,1582,1613,1813,4,0,0,0,0
snapshot,spin,4,16384,13,183935,1122,1132,1133,1563,1623,1803,4,0,0,0,0
snapshot,spin,4,16384,14,217297,1173,1182,1192,1643,1683,1864,4,0,0,0,0
snapshot,spin,4,16384,15,219061,1132,1132,1132,1593,1623,1803,4,0,0,0,0
snapshot,spin,4,16384,16,223359,1122,1122,1133,1583,1603,1803,4,0,0,0,0
snapshot,spin,4,16384,17,218920,1122,1122,1133,1573,1613,1813,4,0,0,0,0
snapshot,spin,4,16384,18,220433,1132,1132,2665,1613,1793,2374,4,0,0,0,0
snapshot,spin,4,16384,19,216837,1162,1163,1172,1653,1663,1863,4,0,0,0,0
snapshot,spin,4,16384,20,218039,1132,1142,1152,1603,1653,1854,4,0,0,0,0
snapshot,spin,4,16384,21,218149,1122,1132,1132,1593,1603,1823,4,0,0,0,0
snapshot,spin,4,16384,22,222237,1122,1122,1132,1583,1593,1804,4,0,0,0,0
snapshot,spin,4,16384,23,218440,1152,1152,1162,1684,1733,1964,4,0,0,0,0
snapshot,spin,4,16384,24,218029,1122,1123,1183,1583,1623,1913,4,0,0,0,0
snapshot,spin,4,16384,25,216386,1113,1122,1132,1573,1603,1814,4,0,0,0,0
snapshot,spin,4,16384,26,214462,1122,1132,1172,1583,1694,1804,4,0,0,0,0
snapshot,spin,4,16384,27,215174,1122,1123,1132,1593,1593,1783,4,0,0,0,0
snapshot,spin,4,16384,28,215124,1142,1152,2094,1683,1683,2124,4,0,0,0,0
snapshot,spin,4,16384,29,218470,1122,1122,1142,1583,1613,1844,4,0,0,0,0
snapshot,spin,4,16384,30,217388,1122,1123,1132,1573,1643,1794,4,0,0,0,0
snapshot,spin,4,16384,31,219892,1122,1122,1132,1603,1674,1814,4,0,0,0,0
snapshot,spin,4,16384,32,216686,1182,1182,1192,1683,1784,1884,4,0,0,0,0
snapshot,spin,4,16384,33,220003,1122,1132,1133,1583,1603,1833,4,0,0,0,0
snapshot,spin,4,16384,34,215404,1122,1122,1132,1593,1713,1833,4,0,0,0,0
snapshot,spin,4,16384,35,216466,1122,1122,1132,1573,1603,1783,4,0,0,0,0
snapshot,spin,4,16384,36,188544,1122,1122,1132,1613,1643,1933,4,0,0,0,0
snapshot,spin,4,16384,37,218540,1172,1182,1303,1884,1894,1923,4,0,0,0,0
snapshot,spin,4,16384,38,219361,1132,1142,1172,1653,1734,1943,4,0,0,0,0
snapshot,spin,4,16384,39,214623,1122,1123,1142,1623,1623,1793,4,0,0,0,0
snapshot,spin,4,16384,40,218049,1122,1123,1132,1593,1603,1784,4,0,0,0,0
snapshot,spin,4,16384,41,217679,1122,1122,1132,1583,1613,1793,4,0,0,0,0
snapshot,spin,4,16384,42,216426,1182,1182,1182,1663,1784,1914,4,0,0,0,0
snapshot,spin,4,16384,43,218360,1132,1132,1132,1583,1653,1823,4,0,0,0,0
snapshot,spin,4,16384,44,221576,1122,1122,1132,1583,1623,1793,4,0,0,0,0
snapshot,spin,4,16384,45,221906,1122,1122,1132,1583,1614,1784,4,0,0,0,0
snapshot,spin,4,16384,46,218790,1182,1182,1192,1673,1783,1893,4,0,0,0,0
snapshot,spin,4,16384,47,216296,1123,1132,1132,1592,1623,1793,4,0,0,0,0
snapshot,spin,4,16384,48,222277,1122,1122,1132,1573,1603,1774,4,0,0,0,0
snapshot,spin,4,16384,49,216847,1122,1132,1132,1593,1633,1793,4,0,0,0,0
snapshot,spin,4,16384,50,221515,1122,1132,1132,1583,1613,1783,4,0,0,0,0
snapshot,spin,4,16384,51,218920,1182,1182,1182,1653,1694,1934,4,0,0,0,0
snapshot,spin,4,16384,52,215475,1132,1132,1132,1593,1653,1884,4,0,0,0,0
snapshot,spin,4,16384,53,218770,1122,1123,1142,1593,1623,1784,4,0,0,0,0
snapshot,spin,4,16384,54,255730,1132,1132,1133,1583,1593,1904,4,0,0,0,0
snapshot,spin,4,16384,55,236112,1173,1182,1183,1733,1943,2845,4,0,0,0,0
snapshot,spin,4,16384,56,223379,1132,1132,1132,1633,1674,1894,4,0,0,0,0
snapshot,spin,4,16384,57,221736,1122,1132,1132,1623,1704,1844,4,0,0,0,0
snapshot,spin,4,16384,58,218570,1112,1122,1122,1643,1684,1793,4,0,0,0,0
snapshot,spin,4,16384,59,217688,1132,1132,3998,1583,1623,1874,4,0,0,0,0
snapshot,spin,4,16384,60,215384,1182,1182,1192,1653,1693,1894,4,0,0,0,0
snapshot,spin,4,16384,61,217538,1122,1132,1132,1583,1623,1823,4,0,0,0,0
snapshot,spin,4,16384,62,214522,1122,1123,1132,1573,1613,1783,4,0,0,0,0
snapshot,spin,4,16384,63,219813,1122,1123,1132,1593,1613,1793,4,0,0,0,0
snapshot,spin,4,16384,64,217107,1172,1182,1192,1663,1683,1883,4,0,0,0,0
snapshot,spin,4,16384,65,216847,1122,1122,1132,1593,1633,1823,4,0,0,0,0
snapshot,spin,4,16384,66,218140,1122,1122,1132,1623,1783,1813,4,0,0,0,0
snapshot,spin,4,16384,67,215344,1122,1123,1132,1583,1613,1844,4,0,0,0,0
snapshot,spin,4,16384,68,215304,1132,1132,1133,1573,1603,1804,4,0,0,0,0
snapshot,spin,4,16384,69,216346,1162,1182,1183,1644,1683,1874,4,0,0,0,0
snapshot,spin,4,16384,70,217117,1132,1132,1133,1633,1673,1823,4,0,0,0,0
snapshot,spin,4,16384,71,215034,1132,1132,1132,1593,1623,1823,4,0,0,0,0
snapshot,spin,4,16384,72,220914,1123,1132,1172,1623,1693,1814,4,0,0,0,0
snapshot,spin,4,16384,73,215654,1182,1192,1202,1693,1734,1914,4,0,0,0,0
snapshot,spin,4,16384,74,218119,1123,1132,1142,1643,1663,1834,4,0,0,0,0
snapshot,spin,4,16384,75,215544,1132,1132,1132,1573,1613,1853,4,0,0,0,0
snapshot,spin,4,16384,76,215514,1122,1122,1133,1723,1743,2033,4,0,0,0,0
snapshot,spin,4,16384,77,193443,1122,1122,1132,1573,1613,1803,4,0,0,0,0
snapshot,spin,4,16384,78,217077,1172,1172,1172,1683,1794,1974,4,0,0,0,0
snapshot,spin,4,16384,79,216887,1122,1123,1132,1603,1633,1824,4,0,0,0,0
snapshot,spin,4,16384,80,216006,1122,1122,1122,1583,1613,1803,4,0,0,0,0
snapshot,spin,4,16384,81,214893,1122,1123,1132,1583,1603,1793,4,0,0,0,0
snapshot,spin,4,16384,82,214823,1122,1122,1123,1593,1603,1794,4,0,0,0,0
snapshot,spin,4,16384,83,214533,1182,1182,1182,1693,1694,1933,4,0,0,0,0
snapshot,spin,4,16384,84,212959,1122,1123,1132,1593,1773,1823,4,0,0,0,0
snapshot,spin,4,16384,85,211647,1112,1122,1132,1573,1613,1803,4,0,0,0,0
snapshot,spin,4,16384,86,216426,1122,1132,1132,1583,1613,1793,4,0,0,0,0
snapshot,spin,4,16384,87,214833,1162,1182,1183,1643,1713,1863,4,0,0,0,0
snapshot,spin,4,16384,88,216115,1122,1132,1133,1593,1633,1794,4,0,0,0,0
snapshot,spin,4,16384,89,214853,1122,1122,1132,1663,1663,1783,4,0,0,0,0
snapshot,spin,4,16384,90,212840,1113,1122,1132,1613,1633,1813,4,0,0,0,0
snapshot,spin,4,16384,91,197691,1122,1123,1132,1563,1593,1803,4,0,0,0,0
snapshot,spin,4,16384,92,215995,1152,1172,1183,1643,1683,1854,4,0,0,0,0
snapshot,spin,4,16384,93,215875,1122,1132,1172,1593,1633,1944,4,0,0,0,0
snapshot,spin,4,16384,94,214633,1122,1122,1142,1573,1613,1833,4,0,0,0,0
snapshot,spin,4,16384,95,214222,1122,1122,1132,1583,1613,1823,4,0,0,0,0
snapshot,spin,4,16384,96,214873,1122,1122,1132,1573,1603,1793,4,0,0,0,0
snapshot,spin,4,16384,97,222678,1182,1182,1193,1643,1723,1894,4,0,0,0,0
snapshot,spin,4,16384,98,217378,1122,1132,1132,1623,1674,2064,4,0,0,0,0
snapshot,spin,4,16384,99,216997,1122,1122,1123,1573,1633,1803,4,0,0,0,0
snapshot,spin,32,16384,0,15284549,2244,2785,2895,2905,3519281,13755100,32,0,0,0,0
snapshot,spin,32,16384,1,4091955,2354,2846,2916,3026,108033,2612139,32,0,0,0,0
snapshot,spin,32,16384,2,6687954,2324,2915,2956,2865,108183,5154077,32,0,0,0,0
snapshot,spin,32,16384,3,4889351,2364,3046,3166,3066,1422598,2287230,32,0,0,0,0
snapshot,spin,32,16384,4,8004664,2314,2595,2625,2825,5711,3540090,32,0,0,0,0
snapshot,spin,32,16384,5,3492310,2374,2926,92794,3016,233227,1869917,32,0,0,0,0
snapshot,spin,32,16384,6,6795075,2284,2655,2845,2745,2038654,5313537,32,0,0,0,0
snapshot,spin,32,16384,7,7802144,2324,2675,2986,2815,2240843,6275451,32,0,0,0,0
snapshot,spin,32,16384,8,2899538,2304,2755,2785,2846,647885,1447735,32,0,0,0,0
snapshot,spin,32,16384,9,4571675,2224,2785,3236,2885,3010647,3063266,32,0,0,0,0
snapshot,spin,32,16384,10,25516881,2304,2935,3116,2905,2952208,23985117,32,0,0,0,0
snapshot,spin,32,16384,11,3976538,2365,3036,3046,3297,431509,2454855,32,0,0,0,0
snapshot,spin,32,16384,12,4004601,2284,2705,2955,2706,1464476,2452840,32,0,0,0,0
snapshot,spin,32,16384,13,5006129,2335,3015,3096,2795,475612,3470730,32,0,0,0,0
snapshot,spin,32,16384,14,4017065,2274,2905,3016,2776,1423891,2453943,32,0,0,0,0
snapshot,spin,32,16384,15,3859629,2315,3075,3076,2745,414688,428043,32,0,0,0,0
snapshot,spin,32,16384,16,4125879,2314,2685,2905,2806,4228,2575621,32,0,0,0,0
snapshot,spin,32,16384,17,7191790,2334,2915,3256,2785,1421275,5689401,32,0,0,0,0
snapshot,spin,32,16384,18,3801590,2235,2725,2936,2745,2225985,2265159,32,0,0,0,0
snapshot,spin,32,16384,19,3981347,2364,3146,4037,3076,2072728,2418406,32,0,0,0,0
snapshot,spin,32,16384,20,3007511,2334,2735,2885,2885,1461171,1496497,32,0,0,0,0
snapshot,spin,32,16384,21,2997161,2254,2915,2916,2675,1428359,1450901,32,0,0,0,0
snapshot,spin,32,16384,22,5108652,2284,2635,3006,2795,3438379,3535481,32,0,0,0,0
snapshot,spin,32,16384,23,3853959,2325,3046,8046,2976,329257,2327866,32,0,0,0,0
snapshot,spin,32,16384,24,2940756,2294,2625,2976,2815,4678,1446012,32,0,0,0,0
snapshot,spin,32,16384,25,6980473,2314,2765,2965,2735,2746061,5512279,32,0,0,0,0
snapshot,spin,32,16384,26,7050394,2274,2845,3106,2875,1533787,5541103,32,0,0,0,0
snapshot,spin,32,16384,27,6341865,2324,2706,3086,3186,2474552,4871788,32,0,0,0,0
snapshot,spin,32,16384,28,6687053,2294,2665,3206,2886,1152672,5146143,32,0,0,0,0
snapshot,spin,32,16384,29,3896849,2234,2675,2755,2826,1333952,1438738,32,0,0,0,0
snapshot,spin,32,16384,30,4094881,2245,2625,2795,2875,219552,2535326,32,0,0,0,0
snapshot,spin,32,16384,31,2886705,2284,2555,2946,2785,3877,462558,32,0,0,0,0
snapshot,spin,32,16384,32,4008969,2285,2625,2655,2715,547537,1552081,32,0,0,0,0
snapshot,spin,32,16384,33,4989008,2234,2775,2825,2725,541876,2526559,32,0,0,0,0
snapshot,spin,32,16384,34,2157717,2204,2665,2695,2816,568145,741731,32,0,0,0,0
snapshot,spin,32,16384,35,2959662,2225,2655,2675,2815,994346,1383355,32,0,0,0,0
snapshot,spin,32,16384,36,37190856,2304,2755,2835,2785,1443708,35685774,32,0,0,0,0
snapshot,spin,32,16384,37,3693778,2305,2805,53841,2845,1256757,1616401,32,0,0,0,0
snapshot,spin,32,16384,38,4087176,2294,2836,67266,2795,54362,2551696,32,0,0,0,0
snapshot,spin,32,16384,39,2996550,2214,2645,17864,2795,52438,1436795,32,0,0,0,0
snapshot,spin,32,16384,40,2898476,2244,2535,2645,2806,45947,1451864,32,0,0,0,0
snapshot,spin,32,16384,41,5007873,2275,2645,17232,2705,16250,1535700,32,0,0,0,0
snapshot,spin,32,16384,42,4096403,2214,2595,2625,2745,909375,2525417,32,0,0,0,0
snapshot,spin,32,16384,43,5402523,2215,2765,2785,2755,1448237,3884205,32,0,0,0,0
snapshot,spin,32,16384,44,12652722,2334,2715,9037,2966,213170,11056879,32,0,0,0,0
snapshot,spin,32,16384,45,6460747,2254,2535,2635,2946,331511,366868,32,0,0,0,0
snapshot,spin,32,16384,46,4468561,2344,2625,2675,2986,2892645,2920938,32,0,0,0,0
snapshot,spin,32,16384,47,2986882,2264,2595,2625,2655,1437316,1447215,32,0,0,0,0
snapshot,spin,32,16384,48,5300101,2224,2625,2645,2675,1434090,1459899,32,0,0,0,0
snapshot,spin,32,16384,49,5489246,2224,2675,2695,2795,2129664,2156616,32,0,0,0,0
snapshot,spin,32,16384,50,4210517,2234,2685,2926,2745,1400346,2634691,32,0,0,0,0
snapshot,spin,32,16384,51,3003092,2244,2885,2905,2865,14678,1446503,32,0,0,0,0
snapshot,spin,32,16384,52,3899815,2205,2735,2916,2705,1416106,1603117,32,0,0,0,0
snapshot,spin,32,16384,53,2070533,2204,2615,2745,2685,14608,536726,32,0,0,0,0
snapshot,spin,32,16384,54,3904854,2214,2585,2645,2705,14096,1435011,32,0,0,0,0
snapshot,spin,32,16384,55,5057305,2204,2575,3186,2725,763242,3634797,32,0,0,0,0
snapshot,spin,32,16384,56,16024266,2164,2905,3025,2766,2494208,14505387,32,0,0,0,0
snapshot,spin,32,16384,57,2998735,2254,2755,3145,2906,15710,1439209,32,0,0,0,0
snapshot,spin,32,16384,58,5920194,2305,3065,4418,2675,15699,1462393,32,0,0,0,0
snapshot,spin,32,16384,59,3109282,2214,2705,2735,2685,15058,1538175,32,0,0,0,0
snapshot,spin,32,16384,60,2974489,2324,4328,4389,3006,15149,1396809,32,0,0,0,0
snapshot,spin,32,16384,61,4871628,2195,2555,2845,2665,14587,1446172,32,0,0,0,0
snapshot,spin,32,16384,62,4098397,2204,2765,2855,2716,15299,2560081,32,0,0,0,0
snapshot,spin,32,16384,63,4916812,2195,2816,2866,2695,1436124,2476205,32,0,0,0,0
snapshot,spin,32,16384,64,4977847,2194,2675,2725,2725,15289,2525638,32,0,0,0,0
snapshot,spin,32,16384,65,2077206,2204,2755,2756,2755,14808,556003,32,0,0,0,0
snapshot,spin,32,16384,66,3977871,2214,2865,109295,2815,1454308,1457744,32,0,0,0,0
snapshot,spin,32,16384,67,6109109,2364,2896,24877,2896,2241033,4481396,32,0,0,0,0
snapshot,spin,32,16384,68,17873234,2385,2886,3156,3317,10144107,16411742,32,0,0,0,0
snapshot,spin,32,16384,69,5084497,2395,2905,2945,3596,1406328,3506327,32,0,0,0,0
snapshot,spin,32,16384,70,7309991,2424,2915,2996,3396,1905995,1951400,32,0,0,0,0
snapshot,spin,32,16384,71,2563488,2434,2755,3116,3256,366608,1056732,32,0,0,0,0
snapshot,spin,32,16384,72,6739621,2414,2905,2916,3367,4731364,5255107,32,0,0,0,0
snapshot,spin,32,16384,73,23183193,2354,2805,2875,3086,8383795,21691396,32,0,0,0,0
snapshot,spin,32,16384,74,37173344,2585,3056,3126,4067,13153661,35606495,32,0,0,0,0
snapshot,spin,32,16384,75,11006494,2555,3016,7404,3967,2410812,9441539,32,0,0,0,0
snapshot,spin,32,16384,76,31251235,2575,3106,3286,3877,11792909,29650474,32,0,0,0,0
snapshot,spin,32,16384,77,14194093,2605,3286,3387,4538,5128440,12617496,32,0,0,0,0
snapshot,spin,32,16384,78,9019056,2665,3196,3226,4589,5407553,6038256,32,0,0,0,0
snapshot,spin,32,16384,79,11059163,2765,3246,72075,4449,3410146,8065198,32,0,0,0,0
snapshot,spin,32,16384,80,5156481,2705,3396,88576,4098,2851218,3043979,32,0,0,0,0
snapshot,spin,32,16384,81,5533999,2655,3096,3296,4017,2347193,3181347,32,0,0,0,0
snapshot,spin,32,16384,82,3779909,2474,3276,3406,3617,1333110,2133752,32,0,0,0,0
snapshot,spin,32,16384,83,4787440,2364,2885,3005,2996,1345353,2040317,32,0,0,0,0
snapshot,spin,32,16384,84,3073554,2214,2685,2945,2875,585107,1558994,32,0,0,0,0
snapshot,spin,32,16384,85,3029803,2345,2705,2725,2876,1494813,1505174,32,0,0,0,0
snapshot,spin,32,16384,86,4917744,2224,2935,2985,2715,1447525,1463224,32,0,0,0,0
snapshot,spin,32,16384,87,4086685,2354,2856,3026,2835,1544677,2541667,32,0,0,0,0
snapshot,spin,32,16384,88,2973838,2364,2926,3096,3066,1193609,1449228,32,0,0,0,0
snapshot,spin,32,16384,89,5387074,2364,2885,3226,3006,1461742,1487360,32,0,0,0,0
snapshot,spin,32,16384,90,5137716,2424,3336,3437,3126,96270,2072026,32,0,0,0,0
snapshot,spin,32,16384,91,4343216,2404,2956,3166,3316,1309286,2853773,32,0,0,0,0
snapshot,spin,32,16384,92,4967177,2375,2765,2846,2996,1504132,1507307,32,0,0,0,0
snapshot,spin,32,16384,93,4016744,2405,2886,2936,3126,1551531,2537790,32,0,0,0,0
snapshot,spin,32,16384,94,4078159,2355,2575,2876,2865,1508669,2509707,32,0,0,0,0
snapshot,spin,32,16384,95,4004110,2295,2826,2935,3025,445285,2422183,32,0,0,0,0
snapshot,spin,32,16384,96,4040639,2304,2835,2915,2955,2180100,2432653,32,0,0,0,0
snapshot,spin,32,16384,97,4851610,2294,2685,3196,2975,364313,1380079,32,0,0,0,0
snapshot,spin,32,16384,98,4093748,2324,2755,2825,2916,1498761,2522812,32,0,0,0,0
snapshot,spin,32,16384,99,3688979,2315,2685,2976,2745,1437586,2251533,32,0,0,0,0
snapshot,spin,128,16384,0,53238917,2204,2846,2885,4218573,22234414,24201783,128,0,0,0,0
snapshot,spin,128,16384,1,54706719,2225,2916,3065,4896424,20903588,23004138,128,0,0,0,0
snapshot,spin,128,16384,2,49044530,2194,3006,3948,4287512,19275814,23237726,128,0,0,0,0
snapshot,spin,128,16384,3,50986331,2224,2825,3166,4139975,21146854,24223164,128,0,0,0,0
snapshot,spin,128,16384,4,47980483,2204,2665,2956,4221238,21169105,22170153,128,0,0,0,0
snapshot,spin,128,16384,5,50981142,2224,2986,6332,5153266,22210769,26249664,128,0,0,0,0
snapshot,spin,128,16384,6,54033066,2284,2815,3036,3527176,21166631,23256360,128,0,0,0,0
snapshot,spin,128,16384,7,42972310,2504,3156,3397,4451560,25089850,28101728,128,0,0,0,0
snapshot,spin,128,16384,8,43194617,2455,3126,3376,5108532,28122498,34161564,128,0,0,0,0
snapshot,spin,128,16384,9,54450238,2374,2985,3126,5898764,29884342,32817212,128,0,0,0,0
snapshot,spin,128,16384,10,48519475,2414,3015,3186,5899575,27892576,29935097,128,0,0,0,0
snapshot,spin,128,16384,11,48989366,2294,2715,2836,5883425,26829543,29851039,128,0,0,0,0
snapshot,spin,128,16384,12,51123459,2204,3016,4439,5950641,25936628,27961445,128,0,0,0,0
snapshot,spin,128,16384,13,41869211,2214,2935,3136,4474483,25384462,27363805,128,0,0,0,0
snapshot,spin,128,16384,14,59352824,2294,2975,3096,4837424,26847276,32899457,128,0,0,0,0
snapshot,spin,128,16384,15,62722364,2345,2946,17382,4607432,27487717,30651561,128,0,0,0,0
snapshot,spin,128,16384,16,56589240,2545,3216,132709,4883349,28717774,31748178,128,0,0,0,0
snapshot,spin,128,16384,17,58608948,2525,3026,3206,6114027,36088609,45217561,128,0,0,0,0
snapshot,spin,128,16384,18,88280341,2545,3136,5571,5946864,37887032,40961940,128,0,0,0,0
snapshot,spin,128,16384,19,54064334,2675,3216,3336,4886185,36200809,42338512,128,0,0,0,0
snapshot,spin,128,16384,20,65808733,2775,3357,35837,5140702,36927953,41267462,128,0,0,0,0
snapshot,spin,128,16384,21,57164509,2735,4759,5200,5266809,41212399,49477452,128,0,0,0,0
snapshot,spin,128,16384,22,51642623,2655,3347,7304,6068151,33089444,39060683,128,0,0,0,0
snapshot,spin,128,16384,23,78320540,2545,3056,3166,6388232,39372458,72452424,128,0,0,0,0
snapshot,spin,128,16384,24,70023477,2454,3065,3667,6011987,33991455,40081398,128,0,0,0,0
snapshot,spin,128,16384,25,68260361,2415,2906,3116,4155314,33125792,35113860,128,0,0,0,0
snapshot,spin,128,16384,26,92642403,2555,3156,3227,5865492,60735688,74763689,128,0,0,0,0
snapshot,spin,128,16384,27,49696382,2485,3026,4378,7180478,30146173,38197043,128,0,0,0,0
snapshot,spin,128,16384,28,44350224,2364,2975,3146,7406902,29455006,32482765,128,0,0,0,0
snapshot,spin,128,16384,29,41849995,2345,4399,4719,5112739,29101443,32017463,128,0,0,0,0
snapshot,spin,128,16384,30,48046117,2365,2825,2976,5297396,34266862,37294169,128,0,0,0,0
snapshot,spin,128,16384,31,44928950,2295,2835,2855,5239107,31137191,35164776,128,0,0,0,0
snapshot,spin,128,16384,32,53955840,2294,3025,3075,6172988,34161143,46189775,128,0,0,0,0
snapshot,spin,128,16384,33,42119099,2355,2955,3216,5343623,31250784,34293302,128,0,0,0,0
snapshot,spin,128,16384,34,41010911,2304,2865,2896,5142906,31144646,34143460,128,0,0,0,0
snapshot,spin,128,16384,35,47836263,2205,3005,8186,5184945,33094613,39159108,128,0,0,0,0
snapshot,spin,128,16384,36,44129470,2194,2985,3055,5640770,26298937,30202288,128,0,0,0,0
snapshot,spin,128,16384,37,38864495,2215,2916,3216,5182310,25201208,28104984,128,0,0,0,0
snapshot,spin,128,16384,38,32988795,2204,3717,4629,5295993,25193984,26211743,128,0,0,0,0
snapshot,spin,128,16384,39,47024670,2184,2715,2816,6558331,24580013,35253873,128,0,0,0,0
snapshot,spin,128,16384,40,47815413,2264,3196,4328,6123796,24214828,34171063,128,0,0,0,0
snapshot,spin,128,16384,41,48119804,2264,4468,4649,4446440,27435599,34394281,128,0,0,0,0
snapshot,spin,128,16384,42,40099832,2194,2906,3656,5163034,25240311,25299312,128,0,0,0,0
snapshot,spin,128,16384,43,33949476,2194,3016,3647,3164325,22123856,24150988,128,0,0,0,0
snapshot,spin,128,16384,44,46147165,2214,2926,3978,3219248,23165109,27176754,128,0,0,0,0
snapshot,spin,128,16384,45,48851036,2234,3206,4027,3995674,25989607,33014553,128,0,0,0,0
snapshot,spin,128,16384,46,36925208,2184,3006,3146,5164777,23203111,26123027,128,0,0,0,0
snapshot,spin,128,16384,47,34030880,2184,2845,4168,4314553,21210954,24258811,128,0,0,0,0
snapshot,spin,128,16384,48,39051817,2184,3387,4218,4255311,23200826,26188610,128,0,0,0,0
snapshot,spin,128,16384,49,37839242,2194,3025,4278,5059570,23146714,26067673,128,0,0,0,0
snapshot,spin,128,16384,50,31964203,2184,2895,5059,4270389,21234669,22251746,128,0,0,0,0
snapshot,spin,128,16384,51,35090406,2194,2786,3897,4252907,22299646,25653767,128,0,0,0,0
snapshot,spin,128,16384,52,32895880,2194,2885,3867,4200589,21129922,23185978,128,0,0,0,0
snapshot,spin,128,16384,53,45000183,2184,2735,4178,4230074,21275715,23255649,128,0,0,0,0
snapshot,spin,128,16384,54,35948786,2184,4298,4388,4346502,21228817,23277339,128,0,0,0,0
snapshot,spin,128,16384,55,40142512,2184,3046,4558,4185881,22263789,23301204,128,0,0,0,0
snapshot,spin,128,16384,56,35855812,2195,3577,4228,4210969,22199518,23178103,128,0,0,0,0
snapshot,spin,128,16384,57,37143928,2194,3316,8255,4284877,22283185,23361136,128,0,0,0,0
snapshot,spin,128,16384,58,46128239,2184,4047,57027,3237673,21725629,24109160,128,0,0,0,0
snapshot,spin,128,16384,59,31837514,2194,2896,4870,4121280,25983515,26061171,128,0,0,0,0
snapshot,spin,128,16384,60,44017370,2184,3827,4217,3166749,21141383,23129533,128,0,0,0,0
snapshot,spin,128,16384,61,43994607,2194,3717,5350,4160413,24080126,37121025,128,0,0,0,0
snapshot,spin,128,16384,62,46672510,2184,2926,7324,5083745,23177151,28140040,128,0,0,0,0
snapshot,spin,128,16384,63,43343195,2414,4088,7404,3450502,25329809,27386026,128,0,0,0,0
snapshot,spin,128,16384,64,45836932,2215,3857,2691848,5965278,24067572,27060184,128,0,0,0,0
snapshot,spin,128,16384,65,39326061,2215,3036,4088,4140837,23186940,26176698,128,0,0,0,0
snapshot,spin,128,16384,66,54893148,2254,2926,4148,5808314,24839369,26847947,128,0,0,0,0
snapshot,spin,128,16384,67,50866015,2354,3898,60724,4921581,24837926,29886917,128,0,0,0,0
snapshot,spin,128,16384,68,43111721,2214,3276,4027,6026443,24993468,27133262,128,0,0,0,0
snapshot,spin,128,16384,69,50829957,2274,3115,3827,3888413,26870769,27895932,128,0,0,0,0
snapshot,spin,128,16384,70,43971354,2234,3026,3877,5079086,26076951,29080985,128,0,0,0,0
snapshot,spin,128,16384,71,37648674,2195,3196,4068,4147209,24163942,25139612,128,0,0,0,0
snapshot,spin,128,16384,72,40189009,2194,2936,3927,4532211,25420489,26460690,128,0,0,0,0
snapshot,spin,128,16384,73,44066452,2194,2925,4048,4345150,25293090,26264753,128,0,0,0,0
snapshot,spin,128,16384,74,38011375,2194,2876,4078,4203905,25156033,26241569,128,0,0,0,0
snapshot,spin,128,16384,75,33750854,2194,2725,3998,3233355,24108829,25054733,128,0,0,0,0
snapshot,spin,128,16384,76,36171584,2184,3086,4128,5332401,24430182,26433118,128,0,0,0,0
snapshot,spin,128,16384,77,37019073,2184,2916,4038,4231356,26197978,26244805,128,0,0,0,0
snapshot,spin,128,16384,78,48969308,2184,2895,4359,4198215,25130134,38162338,128,0,0,0,0
snapshot,spin,128,16384,79,39981008,2184,3787,4338,5157163,24171015,25231434,128,0,0,0,0
snapshot,spin,128,16384,80,35002411,2184,2986,4058,4217290,24252178,26232001,128,0,0,0,0
snapshot,spin,128,16384,81,50008406,2194,4037,8526,4215897,23155060,30143016,128,0,0,0,0
snapshot,spin,128,16384,82,35941703,2185,3056,4308,5135713,23155130,25192261,128,0,0,0,0
snapshot,spin,128,16384,83,39445514,2174,2915,4038,5273972,23252142,25666781,128,0,0,0,0
snapshot,spin,128,16384,84,116800423,2184,4058,100000000,5745386,29756302,100000000,126,0,2,0,0
snapshot,spin,128,16384,85,63723331,2194,3537,3837,5954027,31866279,55023863,128,0,0,0,0
snapshot,spin,128,16384,86,36269207,2184,3657,5461,5192178,20204606,23289543,128,0,0,0,0
snapshot,spin,128,16384,87,32606316,2184,2775,3747,5943498,22901054,23006511,128,0,0,0,0
snapshot,spin,128,16384,88,67552221,2184,3257,7133,5310360,37312815,47376530,128,0,0,0,0
snapshot,spin,128,16384,89,37531505,2194,4338,4348,6788914,25768953,26799445,128,0,0,0,0
snapshot,spin,128,16384,90,35924100,2174,3096,4098,5266067,23251651,26169665,128,0,0,0,0
snapshot,spin,128,16384,91,47100271,2194,3226,3456,5322432,25256902,40243821,128,0,0,0,0
snapshot,spin,128,16384,92,35885958,2184,2935,3867,5176038,23151634,24209869,128,0,0,0,0
snapshot,spin,128,16384,93,35931614,2185,2996,3426,4273455,21268131,24227401,128,0,0,0,0
snapshot,spin,128,16384,94,36022544,2174,2855,4639,4314132,22347916,24338639,128,0,0,0,0
snapshot,spin,128,16384,95,32984346,2184,3296,4168,4306518,22273807,23818555,128,0,0,0,0
snapshot,spin,128,16384,96,37030745,2184,2856,3877,5259655,20983947,24333049,128,0,0,0,0
snapshot,spin,128,16384,97,41969949,2184,3426,4688,4283103,20218222,20284376,128,0,0,0,0
snapshot,spin,128,16384,98,41977523,2174,2895,3266,4694425,19301031,20232098,128,0,0,0,0
snapshot,spin,128,16384,99,38985471,2194,3226,5180,5205172,20268475,22232970,128,0,0,0,0
snapshot,spin,4,32768,0,238047,1724,1834,2054,2174,2314,2435,4,0,0,0,0
snapshot,spin,4,32768,1,241122,1844,1984,2004,2365,2505,2564,4,0,0,0,0
snapshot,spin,4,32768,2,237786,1724,1763,1933,2265,2294,2404,4,0,0,0,0
snapshot,spin,4,32768,3,239729,1803,1903,1914,2354,2395,2535,4,0,0,0,0
snapshot,spin,4,32768,4,238226,1683,1894,2004,2274,2325,2455,4,0,0,0,0
snapshot,spin,4,32768,5,233528,1723,1774,1974,2264,2304,2364,4,0,0,0,0
snapshot,spin,4,32768,6,235131,1743,1903,2054,2254,2295,2615,4,0,0,0,0
snapshot,spin,4,32768,7,234771,2044,2084,2254,2565,2665,2675,4,0,0,0,0
snapshot,spin,4,32768,8,239008,1734,1914,2034,2394,2644,2705,4,0,0,0,0
snapshot,spin,4,32768,9,234560,1803,1914,2024,2314,2344,2414,4,0,0,0,0
snapshot,spin,4,32768,10,233798,1814,1984,2655,2524,2615,2845,4,0,0,0,0
snapshot,spin,4,32768,11,219642,1883,1994,2405,2795,2955,3246,4,0,0,0,0
snapshot,spin,4,32768,12,238397,1833,1944,2415,2314,2575,2845,4,0,0,0,0
snapshot,spin,4,32768,13,235401,1964,2215,2524,2625,2665,3006,4,0,0,0,0
snapshot,spin,4,32768,14,232005,1884,1953,2324,2505,2685,3005,4,0,0,0,0
snapshot,spin,4,32768,15,243947,1934,2004,2595,2575,3326,3497,4,0,0,0,0
snapshot,spin,4,32768,16,240251,1934,2084,2625,2665,2795,3937,4,0,0,0,0
snapshot,spin,4,32768,17,234470,1944,2074,2685,2545,2635,3086,4,0,0,0,0
snapshot,spin,4,32768,18,233658,1893,2004,2555,2525,2605,2615,4,0,0,0,0
snapshot,spin,4,32768,19,241183,1693,1804,2625,2365,2404,2785,4,0,0,0,0
snapshot,spin,4,32768,20,241042,1994,2114,2545,2504,2545,2805,4,0,0,0,0
snapshot,spin,4,32768,21,235512,1904,2003,2605,2655,2846,3196,4,0,0,0,0
snapshot,spin,4,32768,22,235632,1904,2034,2324,2475,2585,2845,4,0,0,0,0
snapshot,spin,4,32768,23,238327,1944,2314,2355,2605,2645,2675,4,0,0,0,0
snapshot,spin,4,32768,24,241243,1764,2003,2304,2755,2826,2965,4,0,0,0,0
snapshot,spin,4,32768,25,235843,2204,2264,3487,2756,2795,4278,4,0,0,0,0
snapshot,spin,4,32768,26,235872,1864,1884,2445,2374,2715,2835,4,0,0,0,0
snapshot,spin,4,32768,27,416101,2114,2134,2274,2275,2545,2846,4,0,0,0,0
snapshot,spin,4,32768,28,433333,1933,2064,2404,2785,3326,4018,4,0,0,0,0
snapshot,spin,4,32768,29,415549,1903,1934,2394,2996,3276,4178,4,0,0,0,0
snapshot,spin,4,32768,30,327484,2164,2615,3006,2575,3136,4067,4,0,0,0,0
snapshot,spin,4,32768,31,255058,1774,1843,2534,2926,3096,3166,4,0,0,0,0
snapshot,spin,4,32768,32,239799,1794,1934,2444,2594,2605,2796,4,0,0,0,0
snapshot,spin,4,32768,33,254347,1914,2054,2585,2374,2705,2876,4,0,0,0,0
snapshot,spin,4,32768,34,368091,1182,1182,3006,3046,5170,5230,4,0,0,0,0
snapshot,spin,4,32768,35,247935,1152,1152,2284,1924,2265,2706,4,0,0,0,0
snapshot,spin,4,32768,36,248547,1163,1623,2234,2184,2685,2705,4,0,0,0,0
snapshot,spin,4,32768,37,301536,1192,1222,2274,2064,2114,2345,4,0,0,0,0
snapshot,spin,4,32768,38,248146,1173,1182,1973,2264,2966,3006,4,0,0,0,0
snapshot,spin,4,32768,39,234681,1152,1152,1533,1864,1973,2685,4,0,0,0,0
snapshot,spin,4,32768,40,237696,1152,1152,1202,1723,1774,1884,4,0,0,0,0
snapshot,spin,4,32768,41,231294,1152,1152,1153,1653,1713,1833,4,0,0,0,0
snapshot,spin,4,32768,42,231884,1172,1172,1182,1683,1683,1874,4,0,0,0,0
snapshot,spin,4,32768,43,229290,1142,1142,1153,1693,1723,1904,4,0,0,0,0
snapshot,spin,4,32768,44,233579,1142,1152,1152,1664,1743,1823,4,0,0,0,0
snapshot,spin,4,32768,45,235622,1152,1152,1153,1653,1813,1834,4,0,0,0,0
snapshot,spin,4,32768,46,227567,1172,1182,1202,1704,1723,1934,4,0,0,0,0
snapshot,spin,4,32768,47,229510,1143,1152,1152,1683,1703,2034,4,0,0,0,0
snapshot,spin,4,32768,48,236353,1142,1142,1152,1633,1683,1823,4,0,0,0,0
snapshot,spin,4,32768,49,241143,1153,1182,1212,1723,1763,1833,4,0,0,0,0
snapshot,spin,4,32768,50,227136,1192,1192,1192,1713,1733,1903,4,0,0,0,0
snapshot,spin,4,32768,51,226515,1152,1162,1162,1643,1683,1804,4,0,0,0,0
snapshot,spin,4,32768,52,234981,1152,1152,1162,1613,1653,1813,4,0,0,0,0
snapshot,spin,4,32768,53,227206,1152,1182,1193,1633,1753,1913,4,0,0,0,0
snapshot,spin,4,32768,54,207339,1142,1152,1152,1624,1663,1823,4,0,0,0,0
snapshot,spin,4,32768,55,228529,1192,1202,1212,1723,1723,1883,4,0,0,0,0
snapshot,spin,4,32768,56,231144,1152,1152,1153,1663,1663,1814,4,0,0,0,0
snapshot,spin,4,32768,57,228709,1152,1152,1153,1663,1743,1833,4,0,0,0,0
snapshot,spin,4,32768,58,236794,1152,1152,1153,1653,1784,1813,4,0,0,0,0
snapshot,spin,4,32768,59,227667,1182,1192,1192,1703,1723,1893,4,0,0,0,0
snapshot,spin,4,32768,60,389762,1152,1152,1172,1644,1653,1824,4,0,0,0,0
snapshot,spin,4,32768,61,318898,1152,1153,2084,1994,2325,3156,4,0,0,0,0
snapshot,spin,4,32768,62,303850,1182,1193,1974,1954,2214,2264,4,0,0,0,0
snapshot,spin,4,32768,63,307136,1152,1162,2054,1864,2114,2234,4,0,0,0,0
snapshot,spin,4,32768,64,300774,1152,1153,2024,1874,2053,2194,4,0,0,0,0
snapshot,spin,4,32768,65,296346,1152,1152,1963,1824,2064,2285,4,0,0,0,0
snapshot,spin,4,32768,66,297959,1182,1192,1964,1963,2154,2264,4,0,0,0,0
snapshot,spin,4,32768,67,302157,1162,1202,1964,1854,2134,2224,4,0,0,0,0
snapshot,spin,4,32768,68,295214,1152,1152,1964,1834,2084,2174,4,0,0,0,0
snapshot,spin,4,32768,69,295244,1172,1222,1883,1994,2124,2295,4,0,0,0,0
snapshot,spin,4,32768,70,295374,1152,1193,2004,1933,2074,2214,4,0,0,0,0
snapshot,spin,4,32768,71,304602,1152,1182,1964,2024,2164,2234,4,0,0,0,0
snapshot,spin,4,32768,72,293621,1192,1213,2024,2054,2154,2174,4,0,0,0,0
snapshot,spin,4,32768,73,292649,1152,1193,1903,1913,2084,2174,4,0,0,0,0
snapshot,spin,4,32768,74,290635,1152,1193,1843,1923,2054,2194,4,0,0,0,0
snapshot,spin,4,32768,75,267752,1193,1202,1783,1984,2205,2374,4,0,0,0,0
snapshot,spin,4,32768,76,297458,1182,1182,1903,1904,2174,2205,4,0,0,0,0
snapshot,spin,4,32768,77,294382,1152,1162,1743,1844,2124,2205,4,0,0,0,0
snapshot,spin,4,32768,78,293911,1152,1182,1843,1913,2084,2184,4,0,0,0,0
snapshot,spin,4,32768,79,298439,1182,1202,1823,1934,2144,2245,4,0,0,0,0
snapshot,spin,4,32768,80,320311,1152,1162,1794,1844,2084,2214,4,0,0,0,0
snapshot,spin,4,32768,81,295374,1153,1153,1934,1854,2134,2234,4,0,0,0,0
snapshot,spin,4,32768,82,290354,1182,1182,2053,1964,2265,2304,4,0,0,0,0
snapshot,spin,4,32768,83,301265,1152,1192,2064,1914,2184,2194,4,0,0,0,0
snapshot,spin,4,32768,84,295404,1152,1152,2114,2094,2274,2305,4,0,0,0,0
snapshot,spin,4,32768,85,280546,1152,1202,1803,1924,2084,2204,4,0,0,0,0
snapshot,spin,4,32768,86,297037,1172,1172,2013,1904,2255,2284,4,0,0,0,0
snapshot,spin,4,32768,87,303699,1173,1173,1994,1883,2134,2204,4,0,0,0,0
snapshot,spin,4,32768,88,302477,1142,1202,1994,1844,2134,2204,4,0,0,0,0
snapshot,spin,4,32768,89,298249,1182,1182,1813,1883,2124,2194,4,0,0,0,0
snapshot,spin,4,32768,90,302868,1162,1162,1894,2054,2114,2174,4,0,0,0,0
snapshot,spin,4,32768,91,293561,1152,1152,1874,1834,2064,2154,4,0,0,0,0
snapshot,spin,4,32768,92,295454,1182,1703,1713,2324,2365,2545,4,0,0,0,0
snapshot,spin,4,32768,93,297228,1183,1193,1914,1923,2134,2214,4,0,0,0,0
snapshot,spin,4,32768,94,303189,1152,1152,1803,1853,2074,2184,4,0,0,0,0
snapshot,spin,4,32768,95,292588,1152,1152,1823,1834,2084,2365,4,0,0,0,0
snapshot,spin,4,32768,96,296195,1172,1192,1883,1873,2114,2144,4,0,0,0,0
snapshot,spin,4,32768,97,288722,1152,1152,1793,1833,2074,2134,4,0,0,0,0
snapshot,spin,4,32768,98,291316,1153,1153,1843,1843,2154,2164,4,0,0,0,0
snapshot,spin,4,32768,99,228810,1182,1182,1523,1713,1963,3497,4,0,0,0,0
snapshot,spin,32,32768,0,3073805,2184,2735,4128,2735,6332,1241409,32,0,0,0,0
snapshot,spin,32,32768,1,3967601,2194,2686,7614,2755,5560,2171563,32,0,0,0,0
snapshot,spin,32,32768,2,4906433,2224,2715,4177,2725,5741,1177939,32,0,0,0,0
snapshot,spin,32,32768,3,4070895,2324,2775,7434,2926,1292455,2266871,32,0,0,0,0
snapshot,spin,32,32768,4,3889406,2315,2956,3958,2826,221405,1207625,32,0,0,0,0
snapshot,spin,32,32768,5,4068250,2295,2735,7524,2786,309961,2273915,32,0,0,0,0
snapshot,spin,32,32768,6,4912854,2244,3166,3857,2806,173385,1174253,32,0,0,0,0
snapshot,spin,32,32768,7,2037552,2184,2866,7584,2796,5951,265257,32,0,0,0,0
snapshot,spin,32,32768,8,4947419,2234,2845,3126,2755,5730,242224,32,0,0,0,0
snapshot,spin,32,32768,9,3008242,2344,2805,7033,2875,16200,1267999,32,0,0,0,0
snapshot,spin,32,32768,10,3992559,2305,2885,4439,2756,5651,1694128,32,0,0,0,0
snapshot,spin,32,32768,11,2038965,2294,7193,8977,2785,9608,255099,32,0,0,0,0
snapshot,spin,32,32768,12,4890563,2315,2906,4108,2785,5520,245160,32,0,0,0,0
snapshot,spin,32,32768,13,5023993,2174,2736,7354,2805,22382,1267999,32,0,0,0,0
snapshot,spin,32,32768,14,4968980,2214,2795,3888,2775,6091,267201,32,0,0,0,0
snapshot,spin,32,32768,15,4085523,2254,2755,6933,2865,9057,2253296,32,0,0,0,0
snapshot,spin,32,32768,16,2916130,2174,2605,2776,2745,5620,208672,32,0,0,0,0
snapshot,spin,32,32768,17,5004898,2154,2765,7584,2776,5771,260228,32,0,0,0,0
snapshot,spin,32,32768,18,4593255,2355,3106,4158,2855,275978,2868099,32,0,0,0,0
snapshot,spin,32,32768,19,4431472,2314,2775,8075,2836,983655,1673338,32,0,0,0,0
snapshot,spin,32,32768,20,3935842,2314,2845,3697,2935,213550,1220309,32,0,0,0,0
snapshot,spin,32,32768,21,4122152,2184,3016,7304,2765,5520,2282020,32,0,0,0,0
snapshot,spin,32,32768,22,4869172,2354,2936,3667,2845,5541,1173070,32,0,0,0,0
snapshot,spin,32,32768,23,4241144,2224,2856,7554,2745,5731,2310133,32,0,0,0,0
snapshot,spin,32,32768,24,5794789,2214,2746,2925,2815,5681,1031194,32,0,0,0,0
snapshot,spin,32,32768,25,5071181,2304,2726,7094,2825,732414,3237372,32,0,0,0,0
snapshot,spin,32,32768,26,7665427,2314,2755,4078,2826,4559,3160088,32,0,0,0,0
snapshot,spin,32,32768,27,2039205,2275,2755,7073,2835,5190,210405,32,0,0,0,0
snapshot,spin,32,32768,28,8186304,2224,2965,4037,2756,4388,3447656,32,0,0,0,0
snapshot,spin,32,32768,29,7982983,2314,2565,3015,2846,6071,3262829,32,0,0,0,0
snapshot,spin,32,32768,30,3184542,2324,2915,3417,3066,1105513,1416096,32,0,0,0,0
snapshot,spin,32,32768,31,6826974,2314,3035,7374,2986,368300,2084039,32,0,0,0,0
snapshot,spin,32,32768,32,7987381,2304,2895,3196,2875,6372,3240138,32,0,0,0,0
snapshot,spin,32,32768,33,6619205,2504,2956,6822,3497,3231140,4818718,32,0,0,0,0
snapshot,spin,32,32768,34,5297336,2545,2876,3797,3667,3199521,3491078,32,0,0,0,0
snapshot,spin,32,32768,35,7413095,2444,2856,6763,4038,4484241,5512228,32,0,0,0,0
snapshot,spin,32,32768,36,7706374,2504,2895,3948,3857,2864062,4876777,32,0,0,0,0
snapshot,spin,32,32768,37,7965901,2474,2996,3076,3727,3160488,5360955,32,0,0,0,0
snapshot,spin,32,32768,38,2431290,2454,2966,3907,3416,602520,626555,32,0,0,0,0
snapshot,spin,32,32768,39,8514510,2404,2956,8135,3276,109065,722786,32,0,0,0,0
snapshot,spin,32,32768,40,12740396,2465,2975,3096,3216,3635078,10844420,32,0,0,0,0
snapshot,spin,32,32768,41,9229711,2495,2935,2956,3887,404789,917922,32,0,0,0,0
snapshot,spin,32,32768,42,4081034,2364,2715,3076,3336,1232732,2199105,32,0,0,0,0
snapshot,spin,32,32768,43,6922183,2445,2935,7495,3386,2091343,2643849,32,0,0,0,0
snapshot,spin,32,32768,44,7911499,2425,2955,4098,3967,1919230,3157973,32,0,0,0,0
snapshot,spin,32,32768,45,2680778,2455,2735,7204,3507,489077,795742,32,0,0,0,0
snapshot,spin,32,32768,46,7311163,2395,2945,3727,3096,917520,2505860,32,0,0,0,0
snapshot,spin,32,32768,47,7925795,2454,3025,7564,3426,2231446,3128237,32,0,0,0,0
snapshot,spin,32,32768,48,5073596,2394,3216,5120,3576,2267994,3296773,32,0,0,0,0
snapshot,spin,32,32768,49,4894039,2354,3035,7714,3136,1129699,1820224,32,0,0,0,0
snapshot,spin,32,32768,50,3000297,2364,3707,8216,3166,1067111,1250977,32,0,0,0,0
snapshot,spin,32,32768,51,3993561,2275,2836,7524,2996,5079,1232492,32,0,0,0,0
snapshot,spin,32,32768,52,5020887,2334,2836,3887,2826,4658,1242531,32,0,0,0,0
snapshot,spin,32,32768,53,3936814,2344,2845,6963,3035,1238753,1831515,32,0,0,0,0
snapshot,spin,32,32768,54,4090702,2384,2525,2805,3096,4899,1269952,32,0,0,0,0
snapshot,spin,32,32768,55,3228125,2355,3015,7053,3156,1336287,1457544,32,0,0,0,0
snapshot,spin,32,32768,56,9761649,2364,2785,3627,3156,921197,1906055,32,0,0,0,0
snapshot,spin,32,32768,57,3915795,2345,2895,4017,3347,1962932,2079501,32,0,0,0,0
snapshot,spin,32,32768,58,6920941,2384,2875,3847,2916,647003,1166177,32,0,0,0,0
snapshot,spin,32,32768,59,2398699,2334,2795,3026,3126,224381,629400,32,0,0,0,0
snapshot,spin,32,32768,60,4558240,2184,2816,4088,2905,820459,1115662,32,0,0,0,0
snapshot,spin,32,32768,61,10841654,2274,2896,3016,2946,4609405,9088807,32,0,0,0,0
snapshot,spin,32,32768,62,5156191,2395,2985,5420,3206,484278,1445280,32,0,0,0,0
snapshot,spin,32,32768,63,11607821,2384,2795,3737,3056,266831,9800723,32,0,0,0,0
snapshot,spin,32,32768,64,4505901,2335,2876,4739,2996,4748,2678303,32,0,0,0,0
snapshot,spin,32,32768,65,7893455,2344,2765,3787,2876,149029,3141082,32,0,0,0,0
snapshot,spin,32,32768,66,2263035,2404,2845,2845,3266,298109,415459,32,0,0,0,0
snapshot,spin,32,32768,67,7721282,2334,4709,5300,2905,1023309,2983216,32,0,0,0,0
snapshot,spin,32,32768,68,2003848,2305,2826,4688,2865,5110,210244,32,0,0,0,0
snapshot,spin,32,32768,69,6941119,2344,2966,4819,2875,4839,2309612,32,0,0,0,0
snapshot,spin,32,32768,70,5986739,2254,2925,3587,2946,4889,1247450,32,0,0,0,0
snapshot,spin,32,32768,71,5091570,2315,2745,4718,3006,2607361,3262620,32,0,0,0,0
snapshot,spin,32,32768,72,7889087,2304,2985,4879,2946,5811,3168263,32,0,0,0,0
snapshot,spin,32,32768,73,2480803,2344,2755,3817,2895,6151,689002,32,0,0,0,0
snapshot,spin,32,32768,74,7455003,2204,2685,4198,2966,176591,2736412,32,0,0,0,0
snapshot,spin,32,32768,75,4183106,2364,3106,3647,2965,615915,2422824,32,0,0,0,0
snapshot,spin,32,32768,76,5771044,2334,2996,4107,2896,1322220,2088868,32,0,0,0,0
snapshot,spin,32,32768,77,8086357,2324,2766,2956,3267,4859,3268290,32,0,0,0,0
snapshot,spin,32,32768,78,2034937,2204,2826,3497,3096,6943,232135,32,0,0,0,0
snapshot,spin,32,32768,79,5478946,2225,2805,3687,2906,26680,3665324,32,0,0,0,0
snapshot,spin,32,32768,80,5498023,2184,2916,3436,2825,6362,332464,32,0,0,0,0
snapshot,spin,32,32768,81,5409686,2214,2875,3316,2845,26490,3630359,32,0,0,0,0
snapshot,spin,32,32768,82,7899497,2194,2796,4458,2805,5680,3180947,32,0,0,0,0
snapshot,spin,32,32768,83,1925982,2164,2544,3096,2815,5921,126928,32,0,0,0,0
snapshot,spin,32,32768,84,8090305,2164,2615,2725,2756,5581,3355173,32,0,0,0,0
snapshot,spin,32,32768,85,2075462,2214,2826,3817,2755,25899,312205,32,0,0,0,0
snapshot,spin,32,32768,86,8207845,2324,2755,4088,2786,2946417,3244916,32,0,0,0,0
snapshot,spin,32,32768,87,1946030,2214,2845,2965,2876,5741,128090,32,0,0,0,0
snapshot,spin,32,32768,88,10719737,2365,2745,3346,2936,1763227,3753860,32,0,0,0,0
snapshot,spin,32,32768,89,3918810,2374,2725,4579,3226,47840,2059963,32,0,0,0,0
snapshot,spin,32,32768,90,3912929,2284,2866,3567,2775,41748,1194139,32,0,0,0,0
snapshot,spin,32,32768,91,3947975,2205,2755,5230,2795,42870,203522,32,0,0,0,0
snapshot,spin,32,32768,92,5000900,2195,2876,3727,2725,99066,1287574,32,0,0,0,0
snapshot,spin,32,32768,93,3974524,2324,2815,4238,2805,42690,2261852,32,0,0,0,0
snapshot,spin,32,32768,94,3066682,2344,2855,3346,2785,42290,1272827,32,0,0,0,0
snapshot,spin,32,32768,95,4949032,2324,2735,4338,2766,1171016,1959465,32,0,0,0,0
snapshot,spin,32,32768,96,4864374,2214,2856,3506,2715,41417,2160863,32,0,0,0,0
snapshot,spin,32,32768,97,2035878,2335,2765,3026,2816,42479,271889,32,0,0,0,0
snapshot,spin,32,32768,98,3118239,2354,2855,3356,2735,41187,1252619,32,0,0,0,0
snapshot,spin,32,32768,99,3843358,2224,2645,2715,2775,42059,282420,32,0,0,0,0
snapshot,spin,128,32768,0,37703717,2234,3206,3657,3237673,20204686,23136264,128,0,0,0,0
snapshot,spin,128,32768,1,58291422,2224,3026,3076,5392784,33427096,44449069,128,0,0,0,0
snapshot,spin,128,32768,2,36968679,2194,3055,3647,5106448,21192759,25259758,128,0,0,0,0
snapshot,spin,128,32768,3,103097009,2204,3166,3256,5214130,73713136,94241750,128,0,0,0,0
snapshot,spin,128,32768,4,67902698,2234,3367,4689,4026522,19121284,57132317,128,0,0,0,0
snapshot,spin,128,32768,5,31066959,2234,3336,3607,5098022,19129780,20194567,128,0,0,0,0
snapshot,spin,128,32768,6,30961532,2225,3196,4168,4125538,19110133,20054324,128,0,0,0,0
snapshot,spin,128,32768,7,44922236,2184,2975,3046,3190474,22097867,37166560,128,0,0,0,0
snapshot,spin,128,32768,8,53013783,2204,3227,23995,3204681,29199006,35226832,128,0,0,0,0
snapshot,spin,128,32768,9,42890956,2214,3246,4549,3172921,18191290,31065326,128,0,0,0,0
snapshot,spin,128,32768,10,34125826,2204,3056,3487,3279301,19283989,23212688,128,0,0,0,0
snapshot,spin,128,32768,11,34960001,2204,3296,4338,4054495,19152162,24172859,128,0,0,0,0
snapshot,spin,128,32768,12,36877888,2204,3106,3266,3199090,20089760,20212340,128,0,0,0,0
snapshot,spin,128,32768,13,31078571,2194,3006,3376,4175872,20181924,21191196,128,0,0,0,0
snapshot,spin,128,32768,14,31049947,2214,2825,3085,4196171,17854448,20117623,128,0,0,0,0
snapshot,spin,128,32768,15,32828934,2204,3096,3687,4112343,19039300,22052201,128,0,0,0,0
snapshot,spin,128,32768,16,36965483,2194,2985,3466,3316441,19209710,27282331,128,0,0,0,0
snapshot,spin,128,32768,17,29412767,2194,3156,3286,3304388,18335630,19660966,128,0,0,0,0
snapshot,spin,128,32768,18,49670192,2204,3166,7114,3878375,17886838,38816033,128,0,0,0,0
snapshot,spin,128,32768,19,31035710,2204,3086,3366,3146722,17214458,20155864,128,0,0,0,0
snapshot,spin,128,32768,20,29963760,2185,3196,4458,3141793,17104631,22065656,128,0,0,0,0
snapshot,spin,128,32768,21,31001637,2194,3477,8156,3190534,17082359,19127986,128,0,0,0,0
snapshot,spin,128,32768,22,32063918,2204,3406,4208,3101898,18621155,20178036,128,0,0,0,0
snapshot,spin,128,32768,23,42844018,2205,3176,1308615,4050397,17072952,28075608,128,0,0,0,0
snapshot,spin,128,32768,24,35944558,2204,4528,8807,3230389,19274892,23219480,128,0,0,0,0
snapshot,spin,128,32768,25,38043815,2194,2956,2996,3257599,17289989,23231503,128,0,0,0,0
snapshot,spin,128,32768,26,45911251,2194,2895,3446,3186226,17227652,19158243,128,0,0,0,0
snapshot,spin,128,32768,27,41984166,2194,3156,3667,3272618,17310949,19216894,128,0,0,0,0
snapshot,spin,128,32768,28,48967794,2405,3416,54993,3277707,18346781,20888148,128,0,0,0,0
snapshot,spin,128,32768,29,70922442,2615,4007,4278,3185826,26085486,26417559,128,0,0,0,0
snapshot,spin,128,32768,30,111421822,2715,3807,4028,3393285,56077789,61991962,128,0,0,0,0
snapshot,spin,128,32768,31,65712230,2595,3426,3617,4647547,26705219,32678512,128,0,0,0,0
snapshot,spin,128,32768,32,81481476,2545,3416,17082,3069447,27976373,61007996,128,0,0,0,0
snapshot,spin,128,32768,33,72510100,2565,4909,7003,4408949,30394879,37529000,128,0,0,0,0
snapshot,spin,128,32768,34,58910132,2595,3607,2277802,3998129,21497711,22011885,128,0,0,0,0
snapshot,spin,128,32768,35,84070843,2625,7183,10950,4091404,28020305,31919619,128,0,0,0,0
snapshot,spin,128,32768,36,79372090,2575,3066,3306,3905605,36106832,38972767,128,0,0,0,0
snapshot,spin,128,32768,37,64574535,2625,6903,7504,3584933,40521632,46594332,128,0,0,0,0
snapshot,spin,128,32768,38,56910982,2384,4419,18464,6044477,31956608,39916957,128,0,0,0,0
snapshot,spin,128,32768,39,38991973,2255,3927,45756,4114217,28151411,33191915,128,0,0,0,0
snapshot,spin,128,32768,40,36996951,2204,3196,4869,3248863,25212538,29201931,128,0,0,0,0
snapshot,spin,128,32768,41,39932286,2194,3096,3447,3223736,27240131,30143536,128,0,0,0,0
snapshot,spin,128,32768,42,53118939,2194,4268,4349,4280028,27289183,30243775,128,0,0,0,0
snapshot,spin,128,32768,43,60178431,2254,3216,508494,3108560,31016855,51035532,128,0,0,0,0
snapshot,spin,128,32768,44,47109067,2274,4188,4448,3948576,26913669,29915118,128,0,0,0,0
snapshot,spin,128,32768,45,36562467,2234,3046,4879,5169456,27741903,30793896,128,0,0,0,0
snapshot,spin,128,32768,46,42154394,2224,2996,6292,4173107,27980390,30254235,128,0,0,0,0
snapshot,spin,128,32768,47,46279361,2234,3106,3687,3502139,25051125,30116566,128,0,0,0,0
snapshot,spin,128,32768,48,37549146,2185,3256,3527,4696749,25702738,28801891,128,0,0,0,0
snapshot,spin,128,32768,49,38032353,2194,3406,4278,3282657,23163806,29191521,128,0,0,0,0
snapshot,spin,128,32768,50,37062925,2204,3156,3266,4188676,25193774,31093899,128,0,0,0,0
snapshot,spin,128,32768,51,35891037,2234,2955,3917,4187514,23975168,26863815,128,0,0,0,0
snapshot,spin,128,32768,52,33001026,2214,3376,4869,4167716,23109874,26160757,128,0,0,0,0
snapshot,spin,128,32768,53,34974438,2184,2976,3336,4175292,23218438,26109681,128,0,0,0,0
snapshot,spin,128,32768,54,33001287,2194,2946,10390,3204761,21126495,24214757,128,0,0,0,0
snapshot,spin,128,32768,55,33981696,2194,2805,3908,3158885,18207310,21100937,128,0,0,0,0
snapshot,spin,128,32768,56,42987296,2364,3286,73878,3808052,19148695,22101594,128,0,0,0,0
snapshot,spin,128,32768,57,57955902,2365,5020,246963,5035404,28117907,33082890,128,0,0,0,0
snapshot,spin,128,32768,58,40957479,2364,3226,3587,4083899,22163509,27028343,128,0,0,0,0
snapshot,spin,128,32768,59,37243624,2454,3126,3376,4140075,23071552,31036162,128,0,0,0,0
snapshot,spin,128,32768,60,36772661,2204,3076,4158,3910484,22929306,25903896,128,0,0,0,0
snapshot,spin,128,32768,61,32930043,2204,3006,4508,4032554,18061476,19475688,128,0,0,0,0
snapshot,spin,128,32768,62,40968149,2194,3006,17673,3242552,19127274,20273896,128,0,0,0,0
snapshot,spin,128,32768,63,37137455,2204,2756,4328,4215046,18520286,21168283,128,0,0,0,0
snapshot,spin,128,32768,64,67046522,2224,2996,3286,3035713,19143035,58091966,128,0,0,0,0
snapshot,spin,128,32768,65,110903700,2655,4358,6000273,3858006,30891750,92839899,128,0,0,0,0
snapshot,spin,128,32768,66,81001455,2825,4609,5630,4977676,40990572,47998996,128,0,0,0,0
snapshot,spin,128,32768,67,56566876,2655,3607,5238274,4894380,37972120,40923075,128,0,0,0,0
snapshot,spin,128,32768,68,51115822,2685,3456,694122,4435820,34325039,37400177,128,0,0,0,0
snapshot,spin,128,32768,69,54332927,2555,3086,3146,5282448,34189255,48231904,128,0,0,0,0
snapshot,spin,128,32768,70,68963376,2625,3056,4488,4543772,34424145,40386047,128,0,0,0,0
snapshot,spin,128,32768,71,48589213,2635,3957,5012191,5534250,32438852,35694578,128,0,0,0,0
snapshot,spin,128,32768,72,74385196,2625,4548,200536,4303121,39227474,62242180,128,0,0,0,0
snapshot,spin,128,32768,73,55908291,2585,3376,4378,6012858,32878566,38863682,128,0,0,0,0
snapshot,spin,128,32768,74,58936300,2525,3617,33016255,6027014,31483781,36903746,128,0,0,0,0
snapshot,spin,128,32768,75,68016971,2715,3256,4759,6107285,37948486,39039492,128,0,0,0,0
snapshot,spin,128,32768,76,71906326,2705,3236,3947,5021429,35044469,41583824,128,0,0,0,0
snapshot,spin,128,32768,77,58993256,2614,3677,1584973,5042729,43116368,52019086,128,0,0,0,0
snapshot,spin,128,32768,78,41934080,2404,3066,3136,3860480,23040995,26106655,128,0,0,0,0
snapshot,spin,128,32768,79,41942907,2284,2996,3146,5164937,29231827,35199509,128,0,0,0,0
snapshot,spin,128,32768,80,49169261,2285,3146,3436,4489391,29236916,38265671,128,0,0,0,0
snapshot,spin,128,32768,81,51862242,2224,3466,68328,4608594,28086999,29004510,128,0,0,0,0
snapshot,spin,128,32768,82,40106473,2364,3366,4438,4075924,23095608,29196941,128,0,0,0,0
snapshot,spin,128,32768,83,40840820,2254,3046,4528,3035603,22066798,23105556,128,0,0,0,0
snapshot,spin,128,32768,84,39011559,2204,2785,3036,5171640,20256873,23594614,128,0,0,0,0
snapshot,spin,128,32768,85,46065399,2194,2866,3857,3261878,20253787,23173895,128,0,0,0,0
snapshot,spin,128,32768,86,32971441,2204,2845,3176,3156200,19100795,22161325,128,0,0,0,0
snapshot,spin,128,32768,87,52243166,2194,2875,2905,3161229,19094012,26142783,128,0,0,0,0
snapshot,spin,128,32768,88,47138783,2195,3186,3336,4867148,21852567,24151588,128,0,0,0,0
snapshot,spin,128,32768,89,57726941,2224,3026,3115,4319572,21864759,23725419,128,0,0,0,0
snapshot,spin,128,32768,90,87776331,2565,3807,7794,4783572,24906274,29013037,128,0,0,0,0
snapshot,spin,128,32768,91,59178574,2455,3327,3617,4106091,33574321,41908623,128,0,0,0,0
snapshot,spin,128,32768,92,52831300,2224,3196,3707,4909909,24913277,25974908,128,0,0,0,0
snapshot,spin,128,32768,93,31045308,2194,3125,4789,4197513,21152453,23109374,128,0,0,0,0
snapshot,spin,128,32768,94,40032294,2194,3497,4358,4048784,20039666,23137537,128,0,0,0,0
snapshot,spin,128,32768,95,43890119,2224,3136,9014448,4008018,20451359,22094080,128,0,0,0,0
snapshot,spin,128,32768,96,31913386,2194,3216,5079,3202597,20182724,23114143,128,0,0,0,0
snapshot,spin,128,32768,97,30928429,2194,2835,3176,3273038,18197029,19225418,128,0,0,0,0
snapshot,spin,128,32768,98,34011621,2185,3056,3256,3331649,18270347,20359896,128,0,0,0,0
snapshot,spin,128,32768,99,33970304,2185,3026,4148,4220586,19310539,20294674,128,0,0,0,0
