impl,workload,thread_count,copy_bytes,iter,e2e_ns,pause_p50_ns,pause_p99_ns,dispatch_p50_ns,dispatch_p99_ns,ok_count,truncated_count,timed_out_count,unregistered_count,error_count
kill60,idle,4,8192,0,243676,6211,6943,4068,4278,4,0,0,0,0
kill60,idle,4,8192,1,248375,6532,7153,5030,5410,4,0,0,0,0
kill60,idle,4,8192,2,247544,6262,6913,4067,4499,4,0,0,0,0
kill60,idle,4,8192,3,246612,7253,7735,3967,4067,4,0,0,0,0
kill60,idle,4,8192,4,262221,6732,7264,4018,4107,4,0,0,0,0
kill60,idle,4,8192,5,248115,6292,6713,4348,4358,4,0,0,0,0
kill60,idle,4,8192,6,247053,5791,5821,3987,4047,4,0,0,0,0
kill60,idle,4,8192,7,246942,5691,6713,3967,4158,4,0,0,0,0
kill60,idle,4,8192,8,243276,6011,7924,3978,4128,4,0,0,0,0
kill60,idle,4,8192,9,247093,6252,7074,4107,4278,4,0,0,0,0
kill60,idle,4,8192,10,247153,7695,7935,4087,4168,4,0,0,0,0
kill60,idle,4,8192,11,247423,5911,6532,4017,4048,4,0,0,0,0
kill60,idle,4,8192,12,249226,7694,7834,3968,4028,4,0,0,0,0
kill60,idle,4,8192,13,247413,6732,6733,4658,4789,4,0,0,0,0
kill60,idle,4,8192,14,247804,5571,6573,4108,4187,4,0,0,0,0
kill60,idle,4,8192,15,247764,6643,6803,4007,4458,4,0,0,0,0
kill60,idle,4,8192,16,250449,6823,7314,4207,4448,4,0,0,0,0
kill60,idle,4,8192,17,248977,5350,7404,4909,5360,4,0,0,0,0
kill60,idle,4,8192,18,248395,6062,6252,4278,4338,4,0,0,0,0
kill60,idle,4,8192,19,239989,6743,7013,4047,4338,4,0,0,0,0
kill60,idle,4,8192,20,250318,6613,6793,4018,4068,4,0,0,0,0
kill60,idle,4,8192,21,248055,9147,9268,5160,5170,4,0,0,0,0
kill60,idle,4,8192,22,454892,6302,7044,4027,4057,4,0,0,0,0
kill60,idle,4,8192,23,345417,6873,7364,4979,5660,4,0,0,0,0
kill60,idle,4,8192,24,274925,8205,8837,4959,5440,4,0,0,0,0
kill60,idle,4,8192,25,269124,7955,11201,5060,5390,4,0,0,0,0
kill60,idle,4,8192,26,283431,8556,10790,4959,5200,4,0,0,0,0
kill60,idle,4,8192,27,269996,6802,7043,5069,5330,4,0,0,0,0
kill60,idle,4,8192,28,263323,9187,9678,4478,4608,4,0,0,0,0
kill60,idle,4,8192,29,262402,6943,8025,4839,5049,4,0,0,0,0
kill60,idle,4,8192,30,279574,7324,8065,4538,4759,4,0,0,0,0
kill60,idle,4,8192,31,266339,6562,8055,5681,6041,4,0,0,0,0
kill60,idle,4,8192,32,262832,9828,9998,5070,5080,4,0,0,0,0
kill60,idle,4,8192,33,260719,9298,9949,5260,5511,4,0,0,0,0
kill60,idle,4,8192,34,609101,11181,12834,5350,5560,4,0,0,0,0
kill60,idle,4,8192,35,428422,6662,7694,5481,5661,4,0,0,0,0
kill60,idle,4,8192,36,335388,6763,7464,4909,5440,4,0,0,0,0
kill60,idle,4,8192,37,364483,5831,5881,4950,5189,4,0,0,0,0
kill60,idle,4,8192,38,365625,6552,8145,4639,4639,4,0,0,0,0
kill60,idle,4,8192,39,368450,3928,4769,5009,7063,4,0,0,0,0
kill60,idle,4,8192,40,256481,7444,8556,4488,4588,4,0,0,0,0
kill60,idle,4,8192,41,248395,7013,7033,4168,4278,4,0,0,0,0
kill60,idle,4,8192,42,249768,8496,8666,4007,4288,4,0,0,0,0
kill60,idle,4,8192,43,246742,7324,7885,4649,4679,4,0,0,0,0
kill60,idle,4,8192,44,247423,6793,9067,4077,4348,4,0,0,0,0
kill60,idle,4,8192,45,246912,6872,7244,4167,4238,4,0,0,0,0
kill60,idle,4,8192,46,249958,4308,5931,3696,4489,4,0,0,0,0
kill60,idle,4,8192,47,247053,5390,5861,4548,4880,4,0,0,0,0
kill60,idle,4,8192,48,246602,8536,8867,3878,4098,4,0,0,0,0
kill60,idle,4,8192,49,250599,6211,6933,4038,4048,4,0,0,0,0
kill60,idle,4,8192,50,249287,6382,6672,3907,4028,4,0,0,0,0
kill60,idle,4,8192,51,246441,6963,7624,4399,4508,4,0,0,0,0
kill60,idle,4,8192,52,246271,5420,6653,4248,4438,4,0,0,0,0
kill60,idle,4,8192,53,245870,7744,7834,3937,4088,4,0,0,0,0
kill60,idle,4,8192,54,249878,6723,7353,3998,4107,4,0,0,0,0
kill60,idle,4,8192,55,246261,7063,7685,4509,4548,4,0,0,0,0
kill60,idle,4,8192,56,245930,5932,7615,3837,4027,4,0,0,0,0
kill60,idle,4,8192,57,245790,8036,8797,3727,3867,4,0,0,0,0
kill60,idle,4,8192,58,250109,5891,6692,4098,4228,4,0,0,0,0
kill60,idle,4,8192,59,246431,7534,8085,4599,4869,4,0,0,0,0
kill60,idle,4,8192,60,245981,9437,9568,3847,3917,4,0,0,0,0
kill60,idle,4,8192,61,250278,4409,7484,4368,4569,4,0,0,0,0
kill60,idle,4,8192,62,249538,7153,8536,4268,4449,4,0,0,0,0
kill60,idle,4,8192,63,246652,6502,6913,5019,5070,4,0,0,0,0
kill60,idle,4,8192,64,246331,6953,7253,3918,4078,4,0,0,0,0
kill60,idle,4,8192,65,250439,6973,6993,3797,3907,4,0,0,0,0
kill60,idle,4,8192,66,249487,6803,6813,4228,4268,4,0,0,0,0
kill60,idle,4,8192,67,246161,6342,6812,4609,4859,4,0,0,0,0
kill60,idle,4,8192,68,245650,7133,7835,3917,3947,4,0,0,0,0
kill60,idle,4,8192,69,246352,7033,7534,3988,4539,4,0,0,0,0
kill60,idle,4,8192,70,249828,7284,7304,4027,4068,4,0,0,0,0
kill60,idle,4,8192,71,246591,7915,8466,4699,4819,4,0,0,0,0
kill60,idle,4,8192,72,245971,6682,6993,4007,4058,4,0,0,0,0
kill60,idle,4,8192,73,250279,6171,8666,3917,4138,4,0,0,0,0
kill60,idle,4,8192,74,250338,5781,9037,4028,4128,4,0,0,0,0
kill60,idle,4,8192,75,246652,6381,6472,4539,4549,4,0,0,0,0
kill60,idle,4,8192,76,246462,6923,8095,3857,4058,4,0,0,0,0
kill60,idle,4,8192,77,250319,7625,8105,3858,3968,4,0,0,0,0
kill60,idle,4,8192,78,248275,5200,6653,3897,4018,4,0,0,0,0
kill60,idle,4,8192,79,246421,5951,7894,4539,4749,4,0,0,0,0
kill60,idle,4,8192,80,246051,6402,6703,3887,4017,4,0,0,0,0
kill60,idle,4,8192,81,246091,5771,7204,3917,4138,4,0,0,0,0
kill60,idle,4,8192,82,251230,6632,7073,3878,3928,4,0,0,0,0
kill60,idle,4,8192,83,246682,8506,8787,4518,4568,4,0,0,0,0
kill60,idle,4,8192,84,246061,6021,7575,3927,4258,4,0,0,0,0
kill60,idle,4,8192,85,245640,6893,7904,3868,3948,4,0,0,0,0
kill60,idle,4,8192,86,249628,6281,7184,3978,4097,4,0,0,0,0
kill60,idle,4,8192,87,246702,6001,7164,4579,4779,4,0,0,0,0
kill60,idle,4,8192,88,246231,7665,8155,4278,4378,4,0,0,0,0
kill60,idle,4,8192,89,245810,6873,8496,4218,4258,4,0,0,0,0
kill60,idle,4,8192,90,248405,6813,7304,3957,3987,4,0,0,0,0
kill60,idle,4,8192,91,246953,7334,7524,4869,5360,4,0,0,0,0
kill60,idle,4,8192,92,245520,5761,6633,4358,4358,4,0,0,0,0
kill60,idle,4,8192,93,246451,7433,7955,4268,4479,4,0,0,0,0
kill60,idle,4,8192,94,249948,7203,7334,3877,3957,4,0,0,0,0
kill60,idle,4,8192,95,246221,6372,7945,4227,4388,4,0,0,0,0
kill60,idle,4,8192,96,245440,6382,7143,3927,4017,4,0,0,0,0
kill60,idle,4,8192,97,245880,6693,6772,3997,4048,4,0,0,0,0
kill60,idle,4,8192,98,248475,6603,7624,3898,4018,4,0,0,0,0
kill60,idle,4,8192,99,245840,5680,6262,4097,4158,4,0,0,0,0
kill60,idle,32,8192,0,1317588,60884,95950,9838,14748,32,0,0,0,0
kill60,idle,32,8192,1,1299554,57598,84799,8636,13526,32,0,0,0,0
kill60,idle,32,8192,2,1316215,61946,88827,8676,12103,32,0,0,0,0
kill60,idle,32,8192,3,1323008,55534,76113,7484,34384,32,0,0,0,0
kill60,idle,32,8192,4,1312728,58189,85099,8426,22131,32,0,0,0,0
kill60,idle,32,8192,5,1315644,65763,92222,8425,23684,32,0,0,0,0
kill60,idle,32,8192,6,1303031,62156,93896,9357,35847,32,0,0,0,0
kill60,idle,32,8192,7,1430779,47178,69149,8416,11873,32,0,0,0,0
kill60,idle,32,8192,8,1431952,58730,88797,9107,15188,32,0,0,0,0
kill60,idle,32,8192,9,1365297,62397,87564,9268,13876,32,0,0,0,0
kill60,idle,32,8192,10,1461607,67626,84879,9427,18835,32,0,0,0,0
kill60,idle,32,8192,11,1355969,57418,80471,8876,12784,32,0,0,0,0
kill60,idle,32,8192,12,1540896,70752,94577,10069,31720,32,0,0,0,0
kill60,idle,32,8192,13,1690957,72576,133620,10931,15348,32,0,0,0,0
kill60,idle,32,8192,14,1462408,65252,91792,9818,12324,32,0,0,0,0
kill60,idle,32,8192,15,1435688,66224,94848,9728,12162,32,0,0,0,0
kill60,idle,32,8192,16,1421763,67276,95308,9477,20499,32,0,0,0,0
kill60,idle,32,8192,17,1434937,60964,79990,9648,13014,32,0,0,0,0
kill60,idle,32,8192,18,1432793,65864,92463,9568,12483,32,0,0,0,0
kill60,idle,32,8192,19,1430459,66404,93895,10139,14337,32,0,0,0,0
kill60,idle,32,8192,20,1446369,78346,104425,9708,18795,32,0,0,0,0
kill60,idle,32,8192,21,1423375,64150,90129,9468,12112,32,0,0,0,0
kill60,idle,32,8192,22,1559571,66033,87554,9818,14037,32,0,0,0,0
kill60,idle,32,8192,23,1429397,73187,88877,9768,12574,32,0,0,0,0
kill60,idle,32,8192,24,1390734,63680,87684,9888,13896,32,0,0,0,0
kill60,idle,32,8192,25,1390554,60123,91371,9418,17673,32,0,0,0,0
kill60,idle,32,8192,26,1376057,65122,88746,8276,12754,32,0,0,0,0
kill60,idle,32,8192,27,1375686,65743,86352,9267,12383,32,0,0,0,0
kill60,idle,32,8192,28,1382509,70272,101089,9718,13545,32,0,0,0,0
kill60,idle,32,8192,29,1397286,61515,89187,9588,14728,32,0,0,0,0
kill60,idle,32,8192,30,1317026,62938,83517,9929,12062,32,0,0,0,0
kill60,idle,32,8192,31,1308030,68909,89558,9398,18144,32,0,0,0,0
kill60,idle,32,8192,32,1310434,62256,88757,9488,12663,32,0,0,0,0
kill60,idle,32,8192,33,1308180,63328,86051,9177,13345,32,0,0,0,0
kill60,idle,32,8192,34,1311947,66504,87173,9097,13696,32,0,0,0,0
kill60,idle,32,8192,35,1353415,81693,116648,10770,15699,32,0,0,0,0
kill60,idle,32,8192,36,1435067,70331,95589,9849,12764,32,0,0,0,0
kill60,idle,32,8192,37,1370997,68278,94777,9518,13776,32,0,0,0,0
kill60,idle,32,8192,38,1340550,66765,96441,9978,12804,32,0,0,0,0
kill60,idle,32,8192,39,1310975,63088,93334,9127,11822,32,0,0,0,0
kill60,idle,32,8192,40,1305465,65733,97062,9788,12573,32,0,0,0,0
kill60,idle,32,8192,41,1317187,64661,95418,9307,13876,32,0,0,0,0
kill60,idle,32,8192,42,1312859,60674,79559,8977,12212,32,0,0,0,0
kill60,idle,32,8192,43,1307860,65102,87223,9067,11381,32,0,0,0,0
kill60,idle,32,8192,44,1316185,63529,96762,9527,13375,32,0,0,0,0
kill60,idle,32,8192,45,1308120,61064,86872,9317,12313,32,0,0,0,0
kill60,idle,32,8192,46,1331544,74910,94988,9889,15298,32,0,0,0,0
kill60,idle,32,8192,47,1308240,66905,82254,9848,13044,32,0,0,0,0
kill60,idle,32,8192,48,1307558,62146,94998,9318,12994,32,0,0,0,0
kill60,idle,32,8192,49,1324961,64531,101340,9918,14718,32,0,0,0,0
kill60,idle,32,8192,50,1329690,62237,93304,9247,11571,32,0,0,0,0
kill60,idle,32,8192,51,1309302,64391,92513,8436,11282,32,0,0,0,0
kill60,idle,32,8192,52,1306025,71103,103624,9157,12724,32,0,0,0,0
kill60,idle,32,8192,53,1300085,59982,95859,8817,12103,32,0,0,0,0
kill60,idle,32,8192,54,1320453,62648,92783,8827,11802,32,0,0,0,0
kill60,idle,32,8192,55,1303602,64281,92193,8816,11432,32,0,0,0,0
kill60,idle,32,8192,56,1306457,64361,96080,9007,12353,32,0,0,0,0
kill60,idle,32,8192,57,1569579,65553,92934,9447,12764,32,0,0,0,0
kill60,idle,32,8192,58,1413347,59882,91041,9207,11802,32,0,0,0,0
kill60,idle,32,8192,59,1360177,60784,82654,8986,11973,32,0,0,0,0
kill60,idle,32,8192,60,1400403,65462,85971,9278,11502,32,0,0,0,0
kill60,idle,32,8192,61,1412945,70902,96491,9207,11441,32,0,0,0,0
kill60,idle,32,8192,62,1411013,58349,82905,9648,13004,32,0,0,0,0
kill60,idle,32,8192,63,1415571,61936,88125,9838,12583,32,0,0,0,0
kill60,idle,32,8192,64,1417665,62778,78156,9418,13225,32,0,0,0,0
kill60,idle,32,8192,65,1407446,64010,86913,9257,13145,32,0,0,0,0
kill60,idle,32,8192,66,1405362,64160,87864,9107,13576,32,0,0,0,0
kill60,idle,32,8192,67,1442702,63249,85150,8566,11732,32,0,0,0,0
kill60,idle,32,8192,68,1389793,70172,97002,9929,13605,32,0,0,0,0
kill60,idle,32,8192,69,1311787,68769,100559,8767,10810,32,0,0,0,0
kill60,idle,32,8192,70,1311786,66915,90350,8897,12113,32,0,0,0,0
kill60,idle,32,8192,71,1307078,59632,90480,8646,12053,32,0,0,0,0
kill60,idle,32,8192,72,1375656,66164,90339,9287,11592,32,0,0,0,0
kill60,idle,32,8192,73,1315213,72165,98344,9989,14256,32,0,0,0,0
kill60,idle,32,8192,74,1320272,63279,103334,8997,13295,32,0,0,0,0
kill60,idle,32,8192,75,1304042,65673,95659,9027,15509,32,0,0,0,0
kill60,idle,32,8192,76,1306426,74039,97773,8997,14236,32,0,0,0,0
kill60,idle,32,8192,77,1317708,61015,89959,9488,13646,32,0,0,0,0
kill60,idle,32,8192,78,1305495,62046,89377,8746,10940,32,0,0,0,0
kill60,idle,32,8192,79,1314212,65342,84258,9828,12483,32,0,0,0,0
kill60,idle,32,8192,80,1319641,61966,98544,8957,12784,32,0,0,0,0
kill60,idle,32,8192,81,1306526,56806,87805,8637,10440,32,0,0,0,0
kill60,idle,32,8192,82,1380796,64360,82845,9858,20038,32,0,0,0,0
kill60,idle,32,8192,83,1381297,64411,88585,10340,13185,32,0,0,0,0
kill60,idle,32,8192,84,1346021,62898,79740,9077,12193,32,0,0,0,0
kill60,idle,32,8192,85,1368683,72676,89458,9427,25367,32,0,0,0,0
kill60,idle,32,8192,86,1337414,75482,104716,9097,60714,32,0,0,0,0
kill60,idle,32,8192,87,1331664,75772,99205,9548,12814,32,0,0,0,0
kill60,idle,32,8192,88,1319772,67296,90028,9347,14417,32,0,0,0,0
kill60,idle,32,8192,89,1362422,61095,89507,9819,13255,32,0,0,0,0
kill60,idle,32,8192,90,2427416,71534,88004,10580,83035,32,0,0,0,0
kill60,idle,32,8192,91,1386968,77375,102663,10209,15309,32,0,0,0,0
kill60,idle,32,8192,92,1322707,70542,92564,9568,15168,32,0,0,0,0
kill60,idle,32,8192,93,1315934,64972,89187,8916,12784,32,0,0,0,0
kill60,idle,32,8192,94,1307289,74790,92764,9297,12543,32,0,0,0,0
kill60,idle,32,8192,95,1319361,63279,95078,9437,13275,32,0,0,0,0
kill60,idle,32,8192,96,1352223,63058,88296,9238,12744,32,0,0,0,0
kill60,idle,32,8192,97,1374204,73427,99697,9899,39965,32,0,0,0,0
kill60,idle,32,8192,98,1317277,72486,99306,9308,11923,32,0,0,0,0
kill60,idle,32,8192,99,1320724,72876,93205,9358,12723,32,0,0,0,0
kill60,idle,128,8192,0,5412998,87574,215884,46838,305382,128,0,0,0,0
kill60,idle,128,8192,1,5522141,100959,302797,14176,147296,128,0,0,0,0
kill60,idle,128,8192,2,5639842,108814,279934,45716,266318,128,0,0,0,0
kill60,idle,128,8192,3,5595749,117860,294682,85329,305132,128,0,0,0,0
kill60,idle,128,8192,4,5625916,112832,296135,42971,302256,128,0,0,0,0
kill60,idle,128,8192,5,5633700,182041,351468,11902,178725,128,0,0,0,0
kill60,idle,128,8192,6,5527241,122740,353522,42139,303629,128,0,0,0,0
kill60,idle,128,8192,7,5687451,227947,455813,13505,176551,128,0,0,0,0
kill60,idle,128,8192,8,5553370,140403,282008,15248,242785,128,0,0,0,0
kill60,idle,128,8192,9,5260301,114305,191228,13345,248355,128,0,0,0,0
kill60,idle,128,8192,10,5110290,155190,393938,11351,179657,128,0,0,0,0
kill60,idle,128,8192,11,5298302,128201,212678,23334,296065,128,0,0,0,0
kill60,idle,128,8192,12,6516153,124533,286476,14698,225212,128,0,0,0,0
kill60,idle,128,8192,13,5746311,120936,294211,16772,224220,128,0,0,0,0
kill60,idle,128,8192,14,7645157,134132,384180,51627,340077,128,0,0,0,0
kill60,idle,128,8192,15,5298813,123321,202189,13966,246501,128,0,0,0,0
kill60,idle,128,8192,16,5268105,139892,396562,11491,199023,128,0,0,0,0
kill60,idle,128,8192,17,5777991,127128,338454,27772,298660,128,0,0,0,0
kill60,idle,128,8192,18,7179275,129452,369502,12333,203511,128,0,0,0,0
kill60,idle,128,8192,19,5382450,109605,242955,12233,201678,128,0,0,0,0
kill60,idle,128,8192,20,5664798,123872,216255,22252,273793,128,0,0,0,0
kill60,idle,128,8192,21,5784011,122820,299451,15178,260368,128,0,0,0,0
kill60,idle,128,8192,22,5597522,192561,373630,13796,178905,128,0,0,0,0
kill60,idle,128,8192,23,5455868,121668,210585,26480,262862,128,0,0,0,0
kill60,idle,128,8192,24,5576092,129032,569977,15259,231714,128,0,0,0,0
kill60,idle,128,8192,25,5434868,134572,286466,15439,270957,128,0,0,0,0
kill60,idle,128,8192,26,5143572,130064,488505,14427,218439,128,0,0,0,0
kill60,idle,128,8192,27,5295927,206426,421950,11541,142377,128,0,0,0,0
kill60,idle,128,8192,28,5188236,121468,209583,18605,252162,128,0,0,0,0
kill60,idle,128,8192,29,5213974,124533,374461,17042,323747,128,0,0,0,0
kill60,idle,128,8192,30,5472178,129352,305202,12764,237194,128,0,0,0,0
kill60,idle,128,8192,31,5428166,130965,269895,15519,274474,128,0,0,0,0
kill60,idle,128,8192,32,6860368,125395,252473,15519,1173237,128,0,0,0,0
kill60,idle,128,8192,33,5406745,133550,253224,17793,286426,128,0,0,0,0
kill60,idle,128,8192,34,5934353,123902,466463,14177,267571,128,0,0,0,0
kill60,idle,128,8192,35,5365047,129042,431037,23294,331391,128,0,0,0,0
kill60,idle,128,8192,36,5470725,118211,235021,13264,291406,128,0,0,0,0
kill60,idle,128,8192,37,5474152,128972,288420,16271,263403,128,0,0,0,0
kill60,idle,128,8192,38,7348221,120546,212148,13656,277760,128,0,0,0,0
kill60,idle,128,8192,39,6127405,125916,341039,22172,210875,128,0,0,0,0
kill60,idle,128,8192,40,5785104,129632,282469,49793,250138,128,0,0,0,0
kill60,idle,128,8192,41,5880463,120236,272750,42009,317966,128,0,0,0,0
kill60,idle,128,8192,42,6791969,120215,268733,28283,249958,128,0,0,0,0
kill60,idle,128,8192,43,6767483,122680,303338,33362,270497,128,0,0,0,0
kill60,idle,128,8192,44,5733297,123221,265938,13635,282549,128,0,0,0,0
kill60,idle,128,8192,45,5523544,121067,374010,13074,184175,128,0,0,0,0
kill60,idle,128,8192,46,5418968,96961,196127,12273,196658,128,0,0,0,0
kill60,idle,128,8192,47,5426493,121568,306765,15058,281477,128,0,0,0,0
kill60,idle,128,8192,48,5467209,114916,335268,14868,279824,128,0,0,0,0
kill60,idle,128,8192,49,5379544,134903,328996,13275,218048,128,0,0,0,0
kill60,idle,128,8192,50,5380065,117320,309430,15519,242695,128,0,0,0,0
kill60,idle,128,8192,51,5440298,125575,342040,12864,227175,128,0,0,0,0
kill60,idle,128,8192,52,5460366,124644,260167,13966,279454,128,0,0,0,0
kill60,idle,128,8192,53,5419319,132809,354474,17012,208010,128,0,0,0,0
kill60,idle,128,8192,54,5347134,138419,408996,11722,153938,128,0,0,0,0
kill60,idle,128,8192,55,5651564,116909,262211,38552,228468,128,0,0,0,0
kill60,idle,128,8192,56,5411424,121978,324718,14708,211797,128,0,0,0,0
kill60,idle,128,8192,57,5344499,113302,510726,15950,250499,128,0,0,0,0
kill60,idle,128,8192,58,5879330,113403,272050,48782,252502,128,0,0,0,0
kill60,idle,128,8192,59,5416223,124503,313447,14567,274133,128,0,0,0,0
kill60,idle,128,8192,60,5376889,126287,272430,34565,231003,128,0,0,0,0
kill60,idle,128,8192,61,5388421,123391,379029,40596,205916,128,0,0,0,0
kill60,idle,128,8192,62,5399341,106820,405790,11652,163105,128,0,0,0,0
kill60,idle,128,8192,63,5492776,119153,223118,47910,304239,128,0,0,0,0
kill60,idle,128,8192,64,5389723,113743,269585,30096,387506,128,0,0,0,0
kill60,idle,128,8192,65,6671685,104225,191088,20909,1558368,128,0,0,0,0
kill60,idle,128,8192,66,5388852,93195,191719,11472,244387,128,0,0,0,0
kill60,idle,128,8192,67,5516270,118232,531445,12924,227406,128,0,0,0,0
kill60,idle,128,8192,68,5429608,104546,175850,11923,138520,128,0,0,0,0
kill60,idle,128,8192,69,5390224,100879,163386,10960,135704,128,0,0,0,0
kill60,idle,128,8192,70,5444216,93395,269976,11121,238286,128,0,0,0,0
kill60,idle,128,8192,71,5545245,111198,208570,14027,248416,128,0,0,0,0
kill60,idle,128,8192,72,6303395,90169,181359,10951,1017796,128,0,0,0,0
kill60,idle,128,8192,73,5458983,117760,217397,15048,254597,128,0,0,0,0
kill60,idle,128,8192,74,5305255,115766,305623,12674,251862,128,0,0,0,0
kill60,idle,128,8192,75,5444055,96030,259747,11542,161863,128,0,0,0,0
kill60,idle,128,8192,76,5417866,110857,411230,14096,329998,128,0,0,0,0
kill60,idle,128,8192,77,5637077,93556,200626,12103,295363,128,0,0,0,0
kill60,idle,128,8192,78,5581483,90840,226444,11111,174156,128,0,0,0,0
kill60,idle,128,8192,79,5901051,88626,167524,12454,138520,128,0,0,0,0
kill60,idle,128,8192,80,6450500,105497,287198,12904,383368,128,0,0,0,0
kill60,idle,128,8192,81,5574720,108453,219371,14217,293650,128,0,0,0,0
kill60,idle,128,8192,82,10191546,38081,83426,68108,2258078,128,0,0,0,0
kill60,idle,128,8192,83,5689124,92744,221084,12764,409828,128,0,0,0,0
kill60,idle,128,8192,84,5354117,89217,231975,13546,247975,128,0,0,0,0
kill60,idle,128,8192,85,6654252,101089,209092,31449,267310,128,0,0,0,0
kill60,idle,128,8192,86,5724450,95659,288771,13545,241092,128,0,0,0,0
kill60,idle,128,8192,87,5687380,113783,360835,23013,236423,128,0,0,0,0
kill60,idle,128,8192,88,5683343,134882,311053,12182,170520,128,0,0,0,0
kill60,idle,128,8192,89,6269842,106610,223528,51055,371656,128,0,0,0,0
kill60,idle,128,8192,90,7883935,98634,215674,52368,315160,128,0,0,0,0
kill60,idle,128,8192,91,7347249,68618,425016,31870,1821020,128,0,0,0,0
kill60,idle,128,8192,92,6118899,97973,384110,15209,207628,128,0,0,0,0
kill60,idle,128,8192,93,5710554,67937,287428,30698,422111,128,0,0,0,0
kill60,idle,128,8192,94,5755368,75672,113823,11913,184265,128,0,0,0,0
kill60,idle,128,8192,95,6011708,124282,247925,13796,201728,128,0,0,0,0
kill60,idle,128,8192,96,5752282,94497,162154,12072,168586,128,0,0,0,0
kill60,idle,128,8192,97,6024643,115255,354584,13485,235702,128,0,0,0,0
kill60,idle,128,8192,98,5839596,102182,249608,11461,158377,128,0,0,0,0
kill60,idle,128,8192,99,5732466,145303,360485,13035,307656,128,0,0,0,0
kill60,spin,4,8192,0,180278,3797,4779,2815,3417,4,0,0,0,0
kill60,spin,4,8192,1,235822,3847,5440,2645,2836,4,0,0,0,0
kill60,spin,4,8192,2,202560,3226,4468,2986,2995,4,0,0,0,0
kill60,spin,4,8192,3,182171,2865,4398,2565,2725,4,0,0,0,0
kill60,spin,4,8192,4,243837,2755,3867,2505,2605,4,0,0,0,0
kill60,spin,4,8192,5,188863,3437,5140,3346,3486,4,0,0,0,0
kill60,spin,4,8192,6,179706,2625,3436,2375,2454,4,0,0,0,0
kill60,spin,4,8192,7,179226,4218,5991,2635,3115,4,0,0,0,0
kill60,spin,4,8192,8,177953,2795,3847,2354,2625,4,0,0,0,0
kill60,spin,4,8192,9,187040,3727,4358,2324,2795,4,0,0,0,0
kill60,spin,4,8192,10,179316,3116,4759,2374,3085,4,0,0,0,0
kill60,spin,4,8192,11,177933,2394,3647,2455,2725,4,0,0,0,0
kill60,spin,4,8192,12,178214,3226,4398,2474,2695,4,0,0,0,0
kill60,spin,4,8192,13,178685,2975,4608,2405,2495,4,0,0,0,0
kill60,spin,4,8192,14,178965,3987,4539,2304,2926,4,0,0,0,0
kill60,spin,4,8192,15,179436,3095,4058,2474,2485,4,0,0,0,0
kill60,spin,4,8192,16,182171,3316,4358,2415,2785,4,0,0,0,0
kill60,spin,4,8192,17,179887,3186,4649,2765,2836,4,0,0,0,0
kill60,spin,4,8192,18,178414,2966,3316,2525,2595,4,0,0,0,0
kill60,spin,4,8192,19,178254,2625,3887,2334,2445,4,0,0,0,0
kill60,spin,4,8192,20,180618,2816,3537,2264,2304,4,0,0,0,0
kill60,spin,4,8192,21,177923,2715,3958,2384,2705,4,0,0,0,0
kill60,spin,4,8192,22,178675,3436,5060,2394,2916,4,0,0,0,0
kill60,spin,4,8192,23,178594,3567,4368,2354,2595,4,0,0,0,0
kill60,spin,4,8192,24,178314,2705,3757,2394,2585,4,0,0,0,0
kill60,spin,4,8192,25,179166,2935,3968,2615,2665,4,0,0,0,0
kill60,spin,4,8192,26,133761,3296,4689,2865,2966,4,0,0,0,0
kill60,spin,4,8192,27,182552,3396,4248,2435,2565,4,0,0,0,0
kill60,spin,4,8192,28,178865,3377,4218,2665,2765,4,0,0,0,0
kill60,spin,4,8192,29,182482,2625,3627,2234,2334,4,0,0,0,0
kill60,spin,4,8192,30,180828,3396,4569,2395,2796,4,0,0,0,0
kill60,spin,4,8192,31,178764,3306,4237,2345,2765,4,0,0,0,0
kill60,spin,4,8192,32,179216,3156,3948,2605,2605,4,0,0,0,0
kill60,spin,4,8192,33,178805,3096,4128,2214,2364,4,0,0,0,0
kill60,spin,4,8192,34,179717,3667,4148,2665,2926,4,0,0,0,0
kill60,spin,4,8192,35,333615,2524,2875,1834,1894,4,0,0,0,0
kill60,spin,4,8192,36,293470,2645,3537,2265,2424,4,0,0,0,0
kill60,spin,4,8192,37,192831,2846,3116,2113,2184,4,0,0,0,0
kill60,spin,4,8192,38,179546,3366,3426,1713,1864,4,0,0,0,0
kill60,spin,4,8192,39,180458,2405,2916,1724,1773,4,0,0,0,0
kill60,spin,4,8192,40,177302,4228,4559,1654,1673,4,0,0,0,0
kill60,spin,4,8192,41,177732,2324,2345,1633,1703,4,0,0,0,0
kill60,spin,4,8192,42,177202,2655,3416,1684,1693,4,0,0,0,0
kill60,spin,4,8192,43,177252,2364,3076,1624,1723,4,0,0,0,0
kill60,spin,4,8192,44,176160,2384,2575,1583,1733,4,0,0,0,0
kill60,spin,4,8192,45,176571,2104,2755,1673,1764,4,0,0,0,0
kill60,spin,4,8192,46,175689,2134,2715,1633,1673,4,0,0,0,0
kill60,spin,4,8192,47,176571,3517,5390,1593,1673,4,0,0,0,0
kill60,spin,4,8192,48,177111,2485,2876,1753,1913,4,0,0,0,0
kill60,spin,4,8192,49,190437,2575,2735,1633,1713,4,0,0,0,0
kill60,spin,4,8192,50,176290,1914,2845,1643,1794,4,0,0,0,0
kill60,spin,4,8192,51,176290,2325,2715,1653,1663,4,0,0,0,0
kill60,spin,4,8192,52,180297,2805,2996,1634,1653,4,0,0,0,0
kill60,spin,4,8192,53,176159,2454,2725,1663,1743,4,0,0,0,0
kill60,spin,4,8192,54,176079,2315,2404,1603,1663,4,0,0,0,0
kill60,spin,4,8192,55,195155,2314,2906,1703,1744,4,0,0,0,0
kill60,spin,4,8192,56,178835,2514,2905,1704,1774,4,0,0,0,0
kill60,spin,4,8192,57,179296,2284,3025,1723,1824,4,0,0,0,0
kill60,spin,4,8192,58,176510,2364,2745,1653,1743,4,0,0,0,0
kill60,spin,4,8192,59,176570,2385,2735,1653,1693,4,0,0,0,0
kill60,spin,4,8192,60,175820,2324,2615,1653,1773,4,0,0,0,0
kill60,spin,4,8192,61,194925,2254,2735,1733,1774,4,0,0,0,0
kill60,spin,4,8192,62,175909,2104,2615,1693,1713,4,0,0,0,0
kill60,spin,4,8192,63,182212,2284,2525,1683,1703,4,0,0,0,0
kill60,spin,4,8192,64,176009,2364,2986,1743,1773,4,0,0,0,0
kill60,spin,4,8192,65,189265,2424,3978,1623,1653,4,0,0,0,0
kill60,spin,4,8192,66,150862,2074,3076,1683,1733,4,0,0,0,0
kill60,spin,4,8192,67,186088,2715,3146,1593,1713,4,0,0,0,0
kill60,spin,4,8192,68,184295,2043,2765,1854,1964,4,0,0,0,0
kill60,spin,4,8192,69,145212,2715,2815,1813,1854,4,0,0,0,0
kill60,spin,4,8192,70,177623,3075,3106,1693,1694,4,0,0,0,0
kill60,spin,4,8192,71,176982,2514,2755,1654,1673,4,0,0,0,0
kill60,spin,4,8192,72,177692,2365,3066,1613,1663,4,0,0,0,0
kill60,spin,4,8192,73,179887,2424,3577,1824,2083,4,0,0,0,0
kill60,spin,4,8192,74,175859,2444,2585,1763,1803,4,0,0,0,0
kill60,spin,4,8192,75,176320,2465,3116,1683,1733,4,0,0,0,0
kill60,spin,4,8192,76,176260,2384,2454,1904,2004,4,0,0,0,0
kill60,spin,4,8192,77,176411,2134,2946,1613,1643,4,0,0,0,0
kill60,spin,4,8192,78,176120,2705,2885,1663,1813,4,0,0,0,0
kill60,spin,4,8192,79,175699,2485,2725,1613,1633,4,0,0,0,0
kill60,spin,4,8192,80,205735,2545,3196,1593,1693,4,0,0,0,0
kill60,spin,4,8192,81,178715,2906,3045,1714,1823,4,0,0,0,0
kill60,spin,4,8192,82,184456,2174,2765,1813,1863,4,0,0,0,0
kill60,spin,4,8192,83,178244,2365,2835,1683,1743,4,0,0,0,0
kill60,spin,4,8192,84,176340,2515,3056,1883,2004,4,0,0,0,0
kill60,spin,4,8192,85,175579,2114,2856,1653,1773,4,0,0,0,0
kill60,spin,4,8192,86,176871,2555,2925,1653,1743,4,0,0,0,0
kill60,spin,4,8192,87,176761,2876,3576,1823,1904,4,0,0,0,0
kill60,spin,4,8192,88,176099,2134,2585,1744,1803,4,0,0,0,0
kill60,spin,4,8192,89,175859,2405,2935,1633,1653,4,0,0,0,0
kill60,spin,4,8192,90,176270,2134,2695,1754,1834,4,0,0,0,0
kill60,spin,4,8192,91,179186,2334,2715,1603,1683,4,0,0,0,0
kill60,spin,4,8192,92,216906,2725,3276,1894,2104,4,0,0,0,0
kill60,spin,4,8192,93,221215,2665,2886,1853,2524,4,0,0,0,0
kill60,spin,4,8192,94,186399,2285,2745,2064,2124,4,0,0,0,0
kill60,spin,4,8192,95,178795,2194,2765,1753,1863,4,0,0,0,0
kill60,spin,4,8192,96,183524,2594,2836,1663,1733,4,0,0,0,0
kill60,spin,4,8192,97,178995,2444,3006,2054,2134,4,0,0,0,0
kill60,spin,4,8192,98,178885,5941,6081,2384,2735,4,0,0,0,0
kill60,spin,4,8192,99,181300,6963,7264,2355,2405,4,0,0,0,0
kill60,spin,32,8192,0,3978631,24375,78056,5801,7083,32,0,0,0,0
kill60,spin,32,8192,1,4531917,20849,31980,5751,867043,32,0,0,0,0
kill60,spin,32,8192,2,4139592,18955,33463,5400,1339418,32,0,0,0,0
kill60,spin,32,8192,3,2240846,19246,34194,5360,1176433,32,0,0,0,0
kill60,spin,32,8192,4,3081420,18976,25227,5040,939729,32,0,0,0,0
kill60,spin,32,8192,5,2879813,20809,32261,5270,867064,32,0,0,0,0
kill60,spin,32,8192,6,3146352,21841,30588,5601,979254,32,0,0,0,0
kill60,spin,32,8192,7,3154337,22693,29485,5651,834393,32,0,0,0,0
kill60,spin,32,8192,8,2694626,20569,31809,5511,670896,32,0,0,0,0
kill60,spin,32,8192,9,3094736,23073,31148,5511,975246,32,0,0,0,0
kill60,spin,32,8192,10,3114452,23935,30687,5460,873706,32,0,0,0,0
kill60,spin,32,8192,11,3566138,22412,34104,5551,759743,32,0,0,0,0
kill60,spin,32,8192,12,2183689,20909,29125,5701,502120,32,0,0,0,0
kill60,spin,32,8192,13,3317152,21961,34053,5340,985876,32,0,0,0,0
kill60,spin,32,8192,14,2673907,23304,31459,5260,673982,32,0,0,0,0
kill60,spin,32,8192,15,2116494,20509,32140,5550,310632,32,0,0,0,0
kill60,spin,32,8192,16,3840071,22392,52558,5189,73818,32,0,0,0,0
kill60,spin,32,8192,17,3041856,22182,31299,5200,77876,32,0,0,0,0
kill60,spin,32,8192,18,3069879,19346,35266,5771,655468,32,0,0,0,0
kill60,spin,32,8192,19,2874053,20078,33092,5701,677880,32,0,0,0,0
kill60,spin,32,8192,20,2004764,21771,39695,5120,75812,32,0,0,0,0
kill60,spin,32,8192,21,3039813,20849,69831,4798,70723,32,0,0,0,0
kill60,spin,32,8192,22,4457107,15078,160872,4699,963074,32,0,0,0,0
kill60,spin,32,8192,23,3528248,19286,31398,5541,80361,32,0,0,0,0
kill60,spin,32,8192,24,3059960,21040,35006,5300,996055,32,0,0,0,0
kill60,spin,32,8192,25,2884903,20118,30046,5340,1914145,32,0,0,0,0
kill60,spin,32,8192,26,3092942,20989,29395,5089,75631,32,0,0,0,0
kill60,spin,32,8192,27,5070786,20368,28132,5250,1931436,32,0,0,0,0
kill60,spin,32,8192,28,4545973,19987,29926,5059,505036,32,0,0,0,0
kill60,spin,32,8192,29,5445508,18254,28353,5961,1323118,32,0,0,0,0
kill60,spin,32,8192,30,4097353,23134,32691,5290,77325,32,0,0,0,0
kill60,spin,32,8192,31,3743470,23174,31369,5410,78738,32,0,0,0,0
kill60,spin,32,8192,32,3033651,23464,38522,5881,341640,32,0,0,0,0
kill60,spin,32,8192,33,2331145,24837,40336,5991,78166,32,0,0,0,0
kill60,spin,32,8192,34,4573174,23464,27181,5521,77546,32,0,0,0,0
kill60,spin,32,8192,35,2127645,21700,33824,5490,77836,32,0,0,0,0
kill60,spin,32,8192,36,2926951,23875,33583,5651,78938,32,0,0,0,0
kill60,spin,32,8192,37,3030395,21741,36388,5801,76383,32,0,0,0,0
kill60,spin,32,8192,38,4227918,24185,39735,5650,77175,32,0,0,0,0
kill60,spin,32,8192,39,3957291,23864,32401,5791,693920,32,0,0,0,0
kill60,spin,32,8192,40,5721905,21340,29335,5811,1755788,32,0,0,0,0
kill60,spin,32,8192,41,5675188,20578,34384,5661,3060702,32,0,0,0,0
kill60,spin,32,8192,42,9413609,20438,29626,5501,4720850,32,0,0,0,0
kill60,spin,32,8192,43,4021571,25578,36499,5971,1095341,32,0,0,0,0
kill60,spin,32,8192,44,3670244,23224,34535,5620,1885552,32,0,0,0,0
kill60,spin,32,8192,45,2264801,20799,32801,5280,73497,32,0,0,0,0
kill60,spin,32,8192,46,4252404,22192,29145,5631,79299,32,0,0,0,0
kill60,spin,32,8192,47,1771077,22422,32691,5891,83256,32,0,0,0,0
kill60,spin,32,8192,48,3817629,17984,26490,5079,1075093,32,0,0,0,0
kill60,spin,32,8192,49,2496696,22171,31038,5480,1150404,32,0,0,0,0
kill60,spin,32,8192,50,5786797,16631,29886,4999,1584076,32,0,0,0,0
kill60,spin,32,8192,51,2870325,20318,26069,5190,1807796,32,0,0,0,0
kill60,spin,32,8192,52,3005488,20228,32390,5630,131857,32,0,0,0,0
kill60,spin,32,8192,53,2994899,18505,30267,5310,1357974,32,0,0,0,0
kill60,spin,32,8192,54,2990861,23254,31509,5831,77074,32,0,0,0,0
kill60,spin,32,8192,55,3610191,17432,29686,5550,1483949,32,0,0,0,0
kill60,spin,32,8192,56,2373846,21811,39564,5540,399809,32,0,0,0,0
kill60,spin,32,8192,57,3924078,19717,30677,5400,309018,32,0,0,0,0
kill60,spin,32,8192,58,2072191,20728,40315,5139,74630,32,0,0,0,0
kill60,spin,32,8192,59,3428240,17784,36989,5630,966459,32,0,0,0,0
kill60,spin,32,8192,60,3916234,17603,31318,5290,1554100,32,0,0,0,0
kill60,spin,32,8192,61,1940144,20298,31268,5931,585306,32,0,0,0,0
kill60,spin,32,8192,62,6337168,19827,39494,5551,75932,32,0,0,0,0
kill60,spin,32,8192,63,1370627,23474,37040,5581,79128,32,0,0,0,0
kill60,spin,32,8192,64,2959112,20809,34164,5540,1959069,32,0,0,0,0
kill60,spin,32,8192,65,10978158,1047061,6965144,3436,30837,32,0,0,0,0
kill60,spin,32,8192,66,4061436,22031,31589,6492,2956887,32,0,0,0,0
kill60,spin,32,8192,67,8479049,19046,25688,5190,1931667,32,0,0,0,0
kill60,spin,32,8192,68,3459589,16231,26459,5380,2419831,32,0,0,0,0
kill60,spin,32,8192,69,7558976,18635,24245,5110,1985358,32,0,0,0,0
kill60,spin,32,8192,70,4512430,19116,104696,5580,423343,32,0,0,0,0
kill60,spin,32,8192,71,5051520,22893,33162,5190,1906761,32,0,0,0,0
kill60,spin,32,8192,72,5484150,20439,26530,5220,2855408,32,0,0,0,0
kill60,spin,32,8192,73,2421244,22081,29655,5951,1331243,32,0,0,0,0
kill60,spin,32,8192,74,2985401,20529,31169,5390,978883,32,0,0,0,0
kill60,spin,32,8192,75,3391902,21460,28163,5320,989874,32,0,0,0,0
kill60,spin,32,8192,76,3609059,21059,29746,5371,585827,32,0,0,0,0
kill60,spin,32,8192,77,3999410,21821,29816,5571,2922313,32,0,0,0,0
kill60,spin,32,8192,78,4758311,21370,30648,5530,1981841,32,0,0,0,0
kill60,spin,32,8192,79,4254047,21911,33082,6021,1140205,32,0,0,0,0
kill60,spin,32,8192,80,3938245,19216,27452,5239,2893418,32,0,0,0,0
kill60,spin,32,8192,81,3741757,11952,24886,5630,1952086,32,0,0,0,0
kill60,spin,32,8192,82,3520994,23273,31749,5951,1232088,32,0,0,0,0
kill60,spin,32,8192,83,2443075,28614,57117,6472,665356,32,0,0,0,0
kill60,spin,32,8192,84,3247511,21741,25758,5400,1264989,32,0,0,0,0
kill60,spin,32,8192,85,4032151,19436,30076,5631,2006458,32,0,0,0,0
kill60,spin,32,8192,86,4047289,23124,33252,5791,1936576,32,0,0,0,0
kill60,spin,32,8192,87,3969674,18835,26490,5700,1951134,32,0,0,0,0
kill60,spin,32,8192,88,4013907,20608,33432,5641,2908837,32,0,0,0,0
kill60,spin,32,8192,89,8960620,20137,30968,5611,3762125,32,0,0,0,0
kill60,spin,32,8192,90,3035384,19416,27231,5230,1928812,32,0,0,0,0
kill60,spin,32,8192,91,3986465,21520,26980,5450,1896632,32,0,0,0,0
kill60,spin,32,8192,92,2988807,22863,30397,5451,924611,32,0,0,0,0
kill60,spin,32,8192,93,3493512,22041,27842,5480,965608,32,0,0,0,0
kill60,spin,32,8192,94,3602446,18765,29987,5270,478195,32,0,0,0,0
kill60,spin,32,8192,95,6713963,18725,24857,5170,2892387,32,0,0,0,0
kill60,spin,32,8192,96,3172381,22983,31278,5701,2073233,32,0,0,0,0
kill60,spin,32,8192,97,2986011,24536,34123,5239,1905098,32,0,0,0,0
kill60,spin,32,8192,98,15128732,16131,23284,4959,1986790,32,0,0,0,0
kill60,spin,32,8192,99,4091032,24496,32090,5770,1790724,32,0,0,0,0
kill60,spin,128,8192,0,28650604,4759,14908,3455240,20442633,128,0,0,0,0
kill60,spin,128,8192,1,34583175,4869,13004,3742689,22734927,128,0,0,0,0
kill60,spin,128,8192,2,29979242,5040,2989829,3130453,21238955,128,0,0,0,0
kill60,spin,128,8192,3,30987060,4900,11221,3225570,18310139,128,0,0,0,0
kill60,spin,128,8192,4,27979848,5080,3002362,3203850,17178440,128,0,0,0,0
kill60,spin,128,8192,5,30985958,4468,11662,3266918,18259104,128,0,0,0,0
kill60,spin,128,8192,6,27964590,5330,2992685,3193079,17213236,128,0,0,0,0
kill60,spin,128,8192,7,27975159,4829,11942,3243234,16209336,128,0,0,0,0
kill60,spin,128,8192,8,27995288,5279,16240,3303376,15247464,128,0,0,0,0
kill60,spin,128,8192,9,25000750,4899,20779,2355341,17243923,128,0,0,0,0
kill60,spin,128,8192,10,30993602,5300,1526729,2327459,15247394,128,0,0,0,0
kill60,spin,128,8192,11,21993197,4579,2990400,2301941,16317338,128,0,0,0,0
kill60,spin,128,8192,12,25006229,4599,2990060,3196887,16221168,128,0,0,0,0
kill60,spin,128,8192,13,27962055,4719,2990580,2648791,15216406,128,0,0,0,0
kill60,spin,128,8192,14,22025979,4879,2929206,2281703,14400298,128,0,0,0,0
kill60,spin,128,8192,15,21977046,5410,3000369,3171810,16273456,128,0,0,0,0
kill60,spin,128,8192,16,24968118,5259,59842,3177852,15313588,128,0,0,0,0
kill60,spin,128,8192,17,25004035,4709,2998004,2356052,14291223,128,0,0,0,0
kill60,spin,128,8192,18,24995670,4920,21541,2305818,17242240,128,0,0,0,0
kill60,spin,128,8192,19,21998497,4639,15660,3221533,16180943,128,0,0,0,0
kill60,spin,128,8192,20,34028136,4909,2991282,2547751,15225202,128,0,0,0,0
kill60,spin,128,8192,21,21939737,4268,17032,3144970,15150833,128,0,0,0,0
kill60,spin,128,8192,22,27989757,4900,1131709,3143116,15270317,128,0,0,0,0
kill60,spin,128,8192,23,25983640,5531,3002553,3183983,15222347,128,0,0,0,0
kill60,spin,128,8192,24,21990322,5640,3003414,3203059,14281315,128,0,0,0,0
kill60,spin,128,8192,25,24072030,4929,3002272,3201235,16333297,128,0,0,0,0
kill60,spin,128,8192,26,24188648,5500,2999878,3204220,18147906,128,0,0,0,0
kill60,spin,128,8192,27,29736628,4658,2765218,3033621,18908220,128,0,0,0,0
kill60,spin,128,8192,28,27055527,5390,12403,2288605,15973965,128,0,0,0,0
kill60,spin,128,8192,29,27911671,6382,3000329,2274800,15821329,128,0,0,0,0
kill60,spin,128,8192,30,24983096,5520,3001351,3170267,16162799,128,0,0,0,0
kill60,spin,128,8192,31,27983786,5350,14838,3262981,17206663,128,0,0,0,0
kill60,spin,128,8192,32,27978125,5460,3000098,3202928,17200682,128,0,0,0,0
kill60,spin,128,8192,33,28006398,4699,15689,3251419,19243898,128,0,0,0,0
kill60,spin,128,8192,34,33974755,4619,18835,3034803,15233268,128,0,0,0,0
kill60,spin,128,8192,35,39994549,5530,18415,3192950,18269283,128,0,0,0,0
kill60,spin,128,8192,36,30983664,5490,3003645,2310637,17317221,128,0,0,0,0
kill60,spin,128,8192,37,37417653,5210,2999958,2304716,20281632,128,0,0,0,0
kill60,spin,128,8192,38,33624259,5080,102572,3779678,23850525,128,0,0,0,0
kill60,spin,128,8192,39,50955175,4498,3002884,2279029,20142912,128,0,0,0,0
kill60,spin,128,8192,40,31961525,5169,3002924,2230106,21314265,128,0,0,0,0
kill60,spin,128,8192,41,27976091,6042,2998445,3250127,18289291,128,0,0,0,0
kill60,spin,128,8192,42,28004935,4930,12293,3269172,18301253,128,0,0,0,0
kill60,spin,128,8192,43,28003452,4869,19636,4052048,19321975,128,0,0,0,0
kill60,spin,128,8192,44,24961936,5751,3002022,3198960,16240313,128,0,0,0,0
kill60,spin,128,8192,45,22001323,5710,3007272,3215592,15201859,128,0,0,0,0
kill60,spin,128,8192,46,24989117,5040,3002332,3893331,17186355,128,0,0,0,0
kill60,spin,128,8192,47,28005927,5100,20178,3261378,16321636,128,0,0,0,0
kill60,spin,128,8192,48,28064917,5400,1796685,3262449,18169817,128,0,0,0,0
kill60,spin,128,8192,49,31951316,5540,12343,3104785,22691835,128,0,0,0,0
kill60,spin,128,8192,50,105986643,5861,17954,3736888,20195521,127,0,1,0,0
kill60,spin,128,8192,51,97034519,6021,18314,3211614,47153385,128,0,0,0,0
kill60,spin,128,8192,52,43092150,6552,12000453,3032118,33073056,128,0,0,0,0
kill60,spin,128,8192,53,42992152,5210,47008,3970776,36999770,128,0,0,0,0
kill60,spin,128,8192,54,32892618,4799,16921,2976834,21910412,128,0,0,0,0
kill60,spin,128,8192,55,29999641,5610,1991350,2772943,20051311,128,0,0,0,0
kill60,spin,128,8192,56,26930814,5560,21019,3165919,20083280,128,0,0,0,0
kill60,spin,128,8192,57,32990662,5129,2002219,4066295,25216834,128,0,0,0,0
kill60,spin,128,8192,58,36121375,5249,2998515,4228148,23124857,128,0,0,0,0
kill60,spin,128,8192,59,31806524,5219,2009343,3915843,22946452,128,0,0,0,0
kill60,spin,128,8192,60,26072526,4950,2990750,4098776,19251442,128,0,0,0,0
kill60,spin,128,8192,61,34063030,5591,16641,3117128,22112040,128,0,0,0,0
kill60,spin,128,8192,62,25988840,5380,16381,3909612,20944363,128,0,0,0,0
kill60,spin,128,8192,63,29947323,5010,21310,3564355,20984629,128,0,0,0,0
kill60,spin,128,8192,64,29932234,5370,802973,3076972,21982828,128,0,0,0,0
kill60,spin,128,8192,65,24151930,5580,3003424,3144569,16138944,128,0,0,0,0
kill60,spin,128,8192,66,22810147,5871,2999097,2977756,16388932,128,0,0,0,0
kill60,spin,128,8192,67,20033578,6402,2991092,2202364,14146753,128,0,0,0,0
kill60,spin,128,8192,68,29036397,5901,18164,3021278,13999537,128,0,0,0,0
kill60,spin,128,8192,69,22986227,5821,20318,2871187,13973038,128,0,0,0,0
kill60,spin,128,8192,70,23044997,5280,17413,3028281,14981206,128,0,0,0,0
kill60,spin,128,8192,71,33077394,6061,3001180,2930828,15907199,128,0,0,0,0
kill60,spin,128,8192,72,25867813,6733,3001491,2971405,14958042,128,0,0,0,0
kill60,spin,128,8192,73,24031675,6052,3002142,3931623,14945999,128,0,0,0,0
kill60,spin,128,8192,74,27449576,5159,19346,3435574,16037904,128,0,0,0,0
kill60,spin,128,8192,75,20044908,6121,3001280,3476791,13569492,128,0,0,0,0
kill60,spin,128,8192,76,26466845,5661,3004035,2507677,13517184,128,0,0,0,0
kill60,spin,128,8192,77,29639166,5651,2999668,3016580,14948304,128,0,0,0,0
kill60,spin,128,8192,78,26223860,6182,3006550,3008434,14353159,128,0,0,0,0
kill60,spin,128,8192,79,25853847,7403,3010488,2155367,14181879,128,0,0,0,0
kill60,spin,128,8192,80,25104414,5761,2994187,3197909,14272318,128,0,0,0,0
kill60,spin,128,8192,81,27180041,6493,3003234,2203917,18891549,128,0,0,0,0
kill60,spin,128,8192,82,27769184,5561,12864,3833700,14977519,128,0,0,0,0
kill60,spin,128,8192,83,20036363,6292,15288,3084927,14163935,128,0,0,0,0
kill60,spin,128,8192,84,23945072,5080,2997093,2684537,14131665,128,0,0,0,0
kill60,spin,128,8192,85,25005128,5681,3004417,3077053,16114688,128,0,0,0,0
kill60,spin,128,8192,86,22989924,5781,2999067,3092601,17148384,128,0,0,0,0
kill60,spin,128,8192,87,24989178,6432,2984510,3054611,12146938,128,0,0,0,0
kill60,spin,128,8192,88,28128607,6422,3001681,3195114,14141824,128,0,0,0,0
kill60,spin,128,8192,89,22757839,6642,6001138,2982736,14124200,128,0,0,0,0
kill60,spin,128,8192,90,25798754,5400,3001662,3128849,15468559,128,0,0,0,0
kill60,spin,128,8192,91,28356213,5871,3003494,3212726,14388245,128,0,0,0,0
kill60,spin,128,8192,92,23981641,6492,2997874,3066413,17092379,128,0,0,0,0
kill60,spin,128,8192,93,29176459,8015,3001942,2968679,18084527,128,0,0,0,0
kill60,spin,128,8192,94,22866132,6412,3003195,3317102,14845070,128,0,0,0,0
kill60,spin,128,8192,95,19036640,6111,3007302,3876440,13945205,128,0,0,0,0
kill60,spin,128,8192,96,32807389,6252,3001020,3890976,13919488,128,0,0,0,0
kill60,spin,128,8192,97,22982550,7344,3006911,2182698,13038147,128,0,0,0,0
kill60,spin,128,8192,98,31801125,5851,14678,2175284,15043222,128,0,0,0,0
kill60,spin,128,8192,99,23920436,6582,2991222,3185937,16209015,128,0,0,0,0
kill60,alloc,4,8192,0,183013,4889,7454,1994,2314,4,0,0,0,0
kill60,alloc,4,8192,1,182602,6322,8416,1824,2004,4,0,0,0,0
kill60,alloc,4,8192,2,181730,4308,5350,1884,2094,4,0,0,0,0
kill60,alloc,4,8192,3,182071,6271,8225,2094,2234,4,0,0,0,0
kill60,alloc,4,8192,4,186820,7334,8286,1823,1903,4,0,0,0,0
kill60,alloc,4,8192,5,182432,4629,8346,2224,2244,4,0,0,0,0
kill60,alloc,4,8192,6,182031,4870,9948,1783,2184,4,0,0,0,0
kill60,alloc,4,8192,7,181891,4739,6623,1853,1893,4,0,0,0,0
kill60,alloc,4,8192,8,181730,7815,8496,1803,1813,4,0,0,0,0
kill60,alloc,4,8192,9,181730,3647,6012,1823,1863,4,0,0,0,0
kill60,alloc,4,8192,10,146635,5430,7664,2084,2254,4,0,0,0,0
kill60,alloc,4,8192,11,182492,5190,6422,1894,1914,4,0,0,0,0
kill60,alloc,4,8192,12,181680,4989,6262,1753,2033,4,0,0,0,0
kill60,alloc,4,8192,13,181811,5240,5861,2044,2074,4,0,0,0,0
kill60,alloc,4,8192,14,182742,4558,5130,2174,2194,4,0,0,0,0
kill60,alloc,4,8192,15,182853,4609,5421,2274,2385,4,0,0,0,0
kill60,alloc,4,8192,16,189715,5901,7224,3366,5551,4,0,0,0,0
kill60,alloc,4,8192,17,182732,5089,7655,1793,2034,4,0,0,0,0
kill60,alloc,4,8192,18,182472,4359,4438,1833,2034,4,0,0,0,0
kill60,alloc,4,8192,19,181861,4939,5411,1733,2034,4,0,0,0,0
kill60,alloc,4,8192,20,182271,5139,5530,2274,2334,4,0,0,0,0
kill60,alloc,4,8192,21,159589,4549,4970,1744,2094,4,0,0,0,0
kill60,alloc,4,8192,22,182532,5721,6442,2114,2234,4,0,0,0,0
kill60,alloc,4,8192,23,181691,4158,4208,1944,1994,4,0,0,0,0
kill60,alloc,4,8192,24,181460,6212,7424,1834,1924,4,0,0,0,0
kill60,alloc,4,8192,25,181840,5750,6683,1954,2124,4,0,0,0,0
kill60,alloc,4,8192,26,181900,4589,5080,1873,2104,4,0,0,0,0
kill60,alloc,4,8192,27,181479,6652,9278,1724,1974,4,0,0,0,0
kill60,alloc,4,8192,28,181580,4348,4648,2044,2224,4,0,0,0,0
kill60,alloc,4,8192,29,181650,5351,6543,1713,2084,4,0,0,0,0
kill60,alloc,4,8192,30,181540,6291,7785,1863,1974,4,0,0,0,0
kill60,alloc,4,8192,31,181771,5220,5310,2014,2324,4,0,0,0,0
kill60,alloc,4,8192,32,181910,4067,7314,2254,2385,4,0,0,0,0
kill60,alloc,4,8192,33,182922,6953,10440,1893,2185,4,0,0,0,0
kill60,alloc,4,8192,34,182191,4549,6302,1824,2174,4,0,0,0,0
kill60,alloc,4,8192,35,182342,5761,7664,1733,2524,4,0,0,0,0
kill60,alloc,4,8192,36,182261,4749,7434,2225,2345,4,0,0,0,0
kill60,alloc,4,8192,37,181610,5059,6643,1804,1853,4,0,0,0,0
kill60,alloc,4,8192,38,186058,4989,6553,2665,3035,4,0,0,0,0
kill60,alloc,4,8192,39,182362,3928,4930,1863,1874,4,0,0,0,0
kill60,alloc,4,8192,40,182101,6582,6683,1764,2164,4,0,0,0,0
kill60,alloc,4,8192,41,181430,4108,4128,1784,2304,4,0,0,0,0
kill60,alloc,4,8192,42,181420,6552,6883,1783,2114,4,0,0,0,0
kill60,alloc,4,8192,43,270527,7494,8205,1833,1954,4,0,0,0,0
kill60,alloc,4,8192,44,197400,3286,4278,1954,2394,4,0,0,0,0
kill60,alloc,4,8192,45,186238,3166,3266,1713,1743,4,0,0,0,0
kill60,alloc,4,8192,46,182172,3086,3095,1683,1733,4,0,0,0,0
kill60,alloc,4,8192,47,183884,2935,3467,1663,1754,4,0,0,0,0
kill60,alloc,4,8192,48,136746,3166,3326,1703,1713,4,0,0,0,0
kill60,alloc,4,8192,49,202800,3086,3337,1743,1813,4,0,0,0,0
kill60,alloc,4,8192,50,181359,3326,3527,1673,1733,4,0,0,0,0
kill60,alloc,4,8192,51,181780,3306,3457,1733,1773,4,0,0,0,0
kill60,alloc,4,8192,52,181530,6552,6913,1663,1694,4,0,0,0,0
kill60,alloc,4,8192,53,196158,3105,3196,1693,1803,4,0,0,0,0
kill60,alloc,4,8192,54,181340,3226,3587,1723,1744,4,0,0,0,0
kill60,alloc,4,8192,55,195305,3206,3346,1673,1713,4,0,0,0,0
kill60,alloc,4,8192,56,180889,3316,3326,1663,1683,4,0,0,0,0
kill60,alloc,4,8192,57,181250,3196,3366,1703,1743,4,0,0,0,0
kill60,alloc,4,8192,58,180908,3236,3296,1693,1904,4,0,0,0,0
kill60,alloc,4,8192,59,181571,3286,3697,1693,1863,4,0,0,0,0
kill60,alloc,4,8192,60,185256,3256,3256,1773,1804,4,0,0,0,0
kill60,alloc,4,8192,61,193642,2905,2996,1713,1733,4,0,0,0,0
kill60,alloc,4,8192,62,188373,4138,5760,2164,2215,4,0,0,0,0
kill60,alloc,4,8192,63,198331,4028,4168,2224,2234,4,0,0,0,0
kill60,alloc,4,8192,64,182702,3406,3686,1833,1883,4,0,0,0,0
kill60,alloc,4,8192,65,182301,3357,3757,1773,1834,4,0,0,0,0
kill60,alloc,4,8192,66,182492,3256,3387,1673,1713,4,0,0,0,0
kill60,alloc,4,8192,67,185648,2916,3296,1673,1694,4,0,0,0,0
kill60,alloc,4,8192,68,181650,2946,4568,1673,1704,4,0,0,0,0
kill60,alloc,4,8192,69,180989,2865,2916,1714,1743,4,0,0,0,0
kill60,alloc,4,8192,70,185327,5580,6091,1924,2093,4,0,0,0,0
kill60,alloc,4,8192,71,185137,3496,3507,1773,1794,4,0,0,0,0
kill60,alloc,4,8192,72,180929,3206,3366,1673,1694,4,0,0,0,0
kill60,alloc,4,8192,73,258374,3246,3316,1843,1914,4,0,0,0,0
kill60,alloc,4,8192,74,200957,3136,3878,1904,1913,4,0,0,0,0
kill60,alloc,4,8192,75,213480,3507,3968,2104,2124,4,0,0,0,0
kill60,alloc,4,8192,76,213721,3577,3587,1963,2244,4,0,0,0,0
kill60,alloc,4,8192,77,208189,3337,3858,1823,2154,4,0,0,0,0
kill60,alloc,4,8192,78,205455,3857,3947,1844,2094,4,0,0,0,0
kill60,alloc,4,8192,79,210264,3126,3156,1854,2214,4,0,0,0,0
kill60,alloc,4,8192,80,206747,3657,4068,1923,2284,4,0,0,0,0
kill60,alloc,4,8192,81,205515,3536,3867,2044,2305,4,0,0,0,0
kill60,alloc,4,8192,82,204052,3807,4198,2094,2205,4,0,0,0,0
kill60,alloc,4,8192,83,207358,4890,5039,2635,3045,4,0,0,0,0
kill60,alloc,4,8192,84,204874,3657,4238,1783,2054,4,0,0,0,0
kill60,alloc,4,8192,85,206096,3467,3867,1893,2184,4,0,0,0,0
kill60,alloc,4,8192,86,203671,3446,4048,2064,2535,4,0,0,0,0
kill60,alloc,4,8192,87,205625,6151,7254,1914,2265,4,0,0,0,0
kill60,alloc,4,8192,88,185247,3416,3646,1994,2024,4,0,0,0,0
kill60,alloc,4,8192,89,167775,3206,3256,1723,1864,4,0,0,0,0
kill60,alloc,4,8192,90,180999,3276,3727,1723,1743,4,0,0,0,0
kill60,alloc,4,8192,91,182051,2915,3587,1683,1703,4,0,0,0,0
kill60,alloc,4,8192,92,181039,2855,2926,1673,1753,4,0,0,0,0
kill60,alloc,4,8192,93,180498,3096,3347,1693,1693,4,0,0,0,0
kill60,alloc,4,8192,94,182201,3136,3206,1664,1803,4,0,0,0,0
kill60,alloc,4,8192,95,181400,6061,8606,1683,1764,4,0,0,0,0
kill60,alloc,4,8192,96,180779,3297,3366,1713,1803,4,0,0,0,0
kill60,alloc,4,8192,97,180738,3216,3276,1673,1713,4,0,0,0,0
kill60,alloc,4,8192,98,186199,2865,3286,1674,1713,4,0,0,0,0
kill60,alloc,4,8192,99,184356,2965,3126,1914,1934,4,0,0,0,0
kill60,alloc,32,8192,0,3249475,20929,27452,5270,1077507,32,0,0,0,0
kill60,alloc,32,8192,1,2830240,20839,29565,5049,809185,32,0,0,0,0
kill60,alloc,32,8192,2,3856833,25778,49833,5380,975647,32,0,0,0,0
kill60,alloc,32,8192,3,3633605,23975,45375,4989,14387,32,0,0,0,0
kill60,alloc,32,8192,4,4221986,23955,31899,5390,484918,32,0,0,0,0
kill60,alloc,32,8192,5,2416906,23043,32180,5169,106279,32,0,0,0,0
kill60,alloc,32,8192,6,5184600,21600,34725,5189,651440,32,0,0,0,0
kill60,alloc,32,8192,7,2046843,22202,37200,5420,116999,32,0,0,0,0
kill60,alloc,32,8192,8,3797382,26540,39373,5440,175478,32,0,0,0,0
kill60,alloc,32,8192,9,2130210,25488,34044,5220,65783,32,0,0,0,0
kill60,alloc,32,8192,10,2629945,17754,24215,4889,849922,32,0,0,0,0
kill60,alloc,32,8192,11,3431386,21060,30237,4889,61716,32,0,0,0,0
kill60,alloc,32,8192,12,3733852,18364,25408,5090,1285057,32,0,0,0,0
kill60,alloc,32,8192,13,1801233,20087,35587,5120,114134,32,0,0,0,0
kill60,alloc,32,8192,14,4187511,18394,28594,4939,1764815,32,0,0,0,0
kill60,alloc,32,8192,15,2678105,16421,24515,4678,422992,32,0,0,0,0
kill60,alloc,32,8192,16,2772402,19817,27652,5139,63649,32,0,0,0,0
kill60,alloc,32,8192,17,2375549,20889,30688,5320,63970,32,0,0,0,0
kill60,alloc,32,8192,18,4492753,13655,27311,4759,1404000,32,0,0,0,0
kill60,alloc,32,8192,19,2839928,21149,29997,5249,176721,32,0,0,0,0
kill60,alloc,32,8192,20,2015734,21279,33333,5160,808174,32,0,0,0,0
kill60,alloc,32,8192,21,1843472,22623,34514,5300,129603,32,0,0,0,0
kill60,alloc,32,8192,22,2751082,21309,39183,5250,75291,32,0,0,0,0
kill60,alloc,32,8192,23,3042177,16211,27962,4448,97753,32,0,0,0,0
kill60,alloc,32,8192,24,3465720,18726,27842,4999,168786,32,0,0,0,0
kill60,alloc,32,8192,25,2921842,19116,37601,5130,73678,32,0,0,0,0
kill60,alloc,32,8192,26,3597697,22412,30557,5270,65562,32,0,0,0,0
kill60,alloc,32,8192,27,2095324,20489,27532,5199,487342,32,0,0,0,0
kill60,alloc,32,8192,28,2326257,20649,32691,5350,63709,32,0,0,0,0
kill60,alloc,32,8192,29,13274440,20428,27922,5540,2061150,32,0,0,0,0
kill60,alloc,32,8192,30,2789804,21100,27402,5330,762688,32,0,0,0,0
kill60,alloc,32,8192,31,2509219,23934,32772,5340,176020,32,0,0,0,0
kill60,alloc,32,8192,32,2819490,20068,28303,4899,918511,32,0,0,0,0
kill60,alloc,32,8192,33,7629277,22722,32090,5671,818643,32,0,0,0,0
kill60,alloc,32,8192,34,7117999,17613,28544,4960,3015577,32,0,0,0,0
kill60,alloc,32,8192,35,3788655,20749,27131,5400,1894147,32,0,0,0,0
kill60,alloc,32,8192,36,2212243,21330,32481,5371,77055,32,0,0,0,0
kill60,alloc,32,8192,37,5860936,19396,30688,4879,2872379,32,0,0,0,0
kill60,alloc,32,8192,38,9024460,22262,30046,5250,5825159,32,0,0,0,0
kill60,alloc,32,8192,39,15271389,30366,62618,4799,3376273,32,0,0,0,0
kill60,alloc,32,8192,40,4483757,21630,213701,5400,2674228,32,0,0,0,0
kill60,alloc,32,8192,41,21795697,19977,37451,5460,1410582,32,0,0,0,0
kill60,alloc,32,8192,42,8274105,22482,28353,5981,1469682,32,0,0,0,0
kill60,alloc,32,8192,43,11526876,21481,42520,5971,4132940,32,0,0,0,0
kill60,alloc,32,8192,44,3652019,20909,35346,5481,1573476,32,0,0,0,0
kill60,alloc,32,8192,45,12064573,19096,32350,5350,2908257,32,0,0,0,0
kill60,alloc,32,8192,46,4910837,23023,52599,5170,2846190,32,0,0,0,0
kill60,alloc,32,8192,47,7307064,16290,26159,5240,4946012,32,0,0,0,0
kill60,alloc,32,8192,48,4479899,19085,33162,5280,3590293,32,0,0,0,0
kill60,alloc,32,8192,49,7547534,18685,31419,5240,2160576,32,0,0,0,0
kill60,alloc,32,8192,50,3631370,21430,31248,5099,618459,32,0,0,0,0
kill60,alloc,32,8192,51,4967513,19206,31539,5290,2952349,32,0,0,0,0
kill60,alloc,32,8192,52,4012344,22452,2979059,5190,116698,32,0,0,0,0
kill60,alloc,32,8192,53,3305641,14808,28914,5129,1467518,32,0,0,0,0
kill60,alloc,32,8192,54,5843623,15860,25658,4338,1670638,32,0,0,0,0
kill60,alloc,32,8192,55,3759250,21150,30678,5069,1812023,32,0,0,0,0
kill60,alloc,32,8192,56,2994508,18334,26540,5370,1046239,32,0,0,0,0
kill60,alloc,32,8192,57,4023886,20839,34204,5360,1052220,32,0,0,0,0
kill60,alloc,32,8192,58,5197073,19727,34404,5471,2005225,32,0,0,0,0
kill60,alloc,32,8192,59,4187542,20869,29856,5340,2808970,32,0,0,0,0
kill60,alloc,32,8192,60,3668760,20138,30187,5380,1617750,32,0,0,0,0
kill60,alloc,32,8192,61,3287737,19266,27261,5350,974175,32,0,0,0,0
kill60,alloc,32,8192,62,2891896,20388,31218,5140,645318,32,0,0,0,0
kill60,alloc,32,8192,63,3840262,19616,29014,4939,928859,32,0,0,0,0
kill60,alloc,32,8192,64,3932474,16461,28914,5030,2852441,32,0,0,0,0
kill60,alloc,32,8192,65,4664636,17383,26940,5169,1980589,32,0,0,0,0
kill60,alloc,32,8192,66,2641927,22141,30888,5921,350417,32,0,0,0,0
kill60,alloc,32,8192,67,4839974,18294,28383,5160,687688,32,0,0,0,0
kill60,alloc,32,8192,68,2797218,16891,28353,4940,1809348,32,0,0,0,0
kill60,alloc,32,8192,69,3561740,20559,27722,5140,2038648,32,0,0,0,0
kill60,alloc,32,8192,70,5915398,20558,28052,5370,1453512,32,0,0,0,0
kill60,alloc,32,8192,71,3149318,25608,35477,5460,62848,32,0,0,0,0
kill60,alloc,32,8192,72,2297082,19987,29616,5190,389951,32,0,0,0,0
kill60,alloc,32,8192,73,3179674,20348,28383,5240,2059727,32,0,0,0,0
kill60,alloc,32,8192,74,2927993,21090,34084,5180,64802,32,0,0,0,0
kill60,alloc,32,8192,75,3193751,19377,39203,5260,1076676,32,0,0,0,0
kill60,alloc,32,8192,76,2713532,26009,42279,4909,759362,32,0,0,0,0
kill60,alloc,32,8192,77,6587497,18445,24897,5090,973634,32,0,0,0,0
kill60,alloc,32,8192,78,4385733,18685,24917,5090,1459573,32,0,0,0,0
kill60,alloc,32,8192,79,4147848,19517,24055,5060,1084531,32,0,0,0,0
kill60,alloc,32,8192,80,2900692,17843,29595,4919,904554,32,0,0,0,0
kill60,alloc,32,8192,81,2088441,18384,27732,5100,1022375,32,0,0,0,0
kill60,alloc,32,8192,82,2887678,22442,31068,5160,1913143,32,0,0,0,0
kill60,alloc,32,8192,83,4905898,20869,42129,5130,265217,32,0,0,0,0
kill60,alloc,32,8192,84,2096766,18895,30547,4989,100699,32,0,0,0,0
kill60,alloc,32,8192,85,2391439,20559,30097,4869,61435,32,0,0,0,0
kill60,alloc,32,8192,86,2650123,21851,30867,5100,64080,32,0,0,0,0
kill60,alloc,32,8192,87,2925899,22592,36448,5270,63379,32,0,0,0,0
kill60,alloc,32,8192,88,4099537,21310,29535,4949,6352,32,0,0,0,0
kill60,alloc,32,8192,89,4042340,26249,34113,5470,92343,32,0,0,0,0
kill60,alloc,32,8192,90,4864891,20699,69680,4980,3157372,32,0,0,0,0
kill60,alloc,32,8192,91,2962287,21290,43632,4769,57708,32,0,0,0,0
kill60,alloc,32,8192,92,5144715,25578,35737,5551,68298,32,0,0,0,0
kill60,alloc,32,8192,93,4350918,21591,269425,5551,1959720,32,0,0,0,0
kill60,alloc,32,8192,94,3185576,19426,29686,5129,542977,32,0,0,0,0
kill60,alloc,32,8192,95,1282562,19115,30207,5210,183744,32,0,0,0,0
kill60,alloc,32,8192,96,3763178,20419,28733,5139,591879,32,0,0,0,0
kill60,alloc,32,8192,97,2260413,19847,29505,5380,383418,32,0,0,0,0
kill60,alloc,32,8192,98,5051350,22191,29074,5370,1035349,32,0,0,0,0
kill60,alloc,32,8192,99,4138220,24105,36559,5431,1001455,32,0,0,0,0
kill60,alloc,128,8192,0,53265972,6823,14407,4369824,28492840,128,0,0,0,0
kill60,alloc,128,8192,1,72179291,6603,17462,4602940,42307119,128,0,0,0,0
kill60,alloc,128,8192,2,49085604,6823,14678,4880500,34225514,128,0,0,0,0
kill60,alloc,128,8192,3,67065885,6743,15579,4487574,42000705,128,0,0,0,0
kill60,alloc,128,8192,4,51769530,6102,2950967,2978107,26937907,128,0,0,0,0
kill60,alloc,128,8192,5,35090685,6812,14908,4232987,25139469,128,0,0,0,0
kill60,alloc,128,8192,6,51951471,6452,14808,4863829,25927815,128,0,0,0,0
kill60,alloc,128,8192,7,47176117,5961,14117,4113503,35205961,128,0,0,0,0
kill60,alloc,128,8192,8,40719556,6843,13926,4940852,25995853,128,0,0,0,0
kill60,alloc,128,8192,9,38599817,7353,782065,2281823,25140401,128,0,0,0,0
kill60,alloc,128,8192,10,33970607,7624,16280,2763986,19690585,128,0,0,0,0
kill60,alloc,128,8192,11,36290952,6392,11823,2778323,22702114,128,0,0,0,0
kill60,alloc,128,8192,12,53445138,7353,19456,3300060,19306866,128,0,0,0,0
kill60,alloc,128,8192,13,43380158,6763,17953,2920059,22921686,128,0,0,0,0
kill60,alloc,128,8192,14,40804515,6812,3001712,3370292,21470609,128,0,0,0,0
kill60,alloc,128,8192,15,31979949,7404,16892,3575616,16671040,128,0,0,0,0
kill60,alloc,128,8192,16,72570794,8015,20107,3661757,17603367,128,0,0,0,0
kill60,alloc,128,8192,17,29025768,7183,24757,3091109,15545332,128,0,0,0,0
kill60,alloc,128,8192,18,29681505,7534,2988266,2954694,16981291,128,0,0,0,0
kill60,alloc,128,8192,19,37668562,6883,15769,2347847,17253942,128,0,0,0,0
kill60,alloc,128,8192,20,98226881,7304,3017521,2700217,16634332,128,0,0,0,0
kill60,alloc,128,8192,21,41305513,6953,20949,3354562,25606795,128,0,0,0,0
kill60,alloc,128,8192,22,44687457,6582,117550,4113202,19086423,128,0,0,0,0
kill60,alloc,128,8192,23,45570210,6883,16100,3395779,21288768,128,0,0,0,0
kill60,alloc,128,8192,24,33249106,7054,17783,3696282,17803451,128,0,0,0,0
kill60,alloc,128,8192,25,44043020,7353,1000273,3454589,18412892,128,0,0,0,0
kill60,alloc,128,8192,26,40847315,7164,19847,3444280,18391923,128,0,0,0,0
kill60,alloc,128,8192,27,28947230,6682,17793,4533219,21849418,128,0,0,0,0
kill60,alloc,128,8192,28,37889827,6222,14458,4348083,19527679,128,0,0,0,0
kill60,alloc,128,8192,29,23265640,7434,17974,3699357,19062589,128,0,0,0,0
kill60,alloc,128,8192,30,34098958,6742,22472,3493042,18383738,128,0,0,0,0
kill60,alloc,128,8192,31,39983087,7073,115516,3350685,18362248,128,0,0,0,0
kill60,alloc,128,8192,32,35066981,6873,2423018,3231832,22136756,128,0,0,0,0
kill60,alloc,128,8192,33,26979135,8446,2988237,3123460,18175918,128,0,0,0,0
kill60,alloc,128,8192,34,35130259,7864,5999816,3284931,22225181,128,0,0,0,0
kill60,alloc,128,8192,35,64158330,8135,23083,4143490,34178717,128,0,0,0,0
kill60,alloc,128,8192,36,36119292,7114,15639,4840465,20831312,128,0,0,0,0
kill60,alloc,128,8192,37,49424047,6352,21430,3380762,23703951,128,0,0,0,0
kill60,alloc,128,8192,38,41374132,6462,3015827,3714757,28974020,128,0,0,0,0
kill60,alloc,128,8192,39,50940968,5871,16121,4732192,27696698,128,0,0,0,0
kill60,alloc,128,8192,40,48202610,6101,14537,3840942,23870582,128,0,0,0,0
kill60,alloc,128,8192,41,48155331,6492,16140,3683969,21681523,128,0,0,0,0
kill60,alloc,128,8192,42,41071856,7494,1442732,2672184,20534345,128,0,0,0,0
kill60,alloc,128,8192,43,29929619,6583,15118,3476400,17577017,128,0,0,0,0
kill60,alloc,128,8192,44,29089397,6412,15339,3558233,19542588,128,0,0,0,0
kill60,alloc,128,8192,45,42822645,6743,2991863,2959061,16912282,128,0,0,0,0
kill60,alloc,128,8192,46,28785517,6913,16982,3000829,14616903,128,0,0,0,0
kill60,alloc,128,8192,47,29779369,7284,20017,2892557,14743330,128,0,0,0,0
kill60,alloc,128,8192,48,35167379,5831,6001038,2044399,18984383,128,0,0,0,0
kill60,alloc,128,8192,49,53004523,6312,18425,2988236,22851524,128,0,0,0,0
kill60,alloc,128,8192,50,32445361,6422,18294,2847914,23825068,128,0,0,0,0
kill60,alloc,128,8192,51,47711891,5921,22122,3195685,22376084,128,0,0,0,0
kill60,alloc,128,8192,52,40734474,7003,23594,4985125,20687642,128,0,0,0,0
kill60,alloc,128,8192,53,37326882,6723,17182,4829144,22929120,128,0,0,0,0
kill60,alloc,128,8192,54,103230511,5921,20608,3189804,22548167,125,0,3,0,0
kill60,alloc,128,8192,55,103329176,7815,21199,3277869,20310105,118,0,10,0,0
kill60,alloc,128,8192,56,33235500,6181,23705,3943184,23955141,128,0,0,0,0
kill60,alloc,128,8192,57,24073373,6172,19797,2777832,17757836,128,0,0,0,0
kill60,alloc,128,8192,58,34968997,6232,14657,2685369,17678347,128,0,0,0,0
kill60,alloc,128,8192,59,24885334,6142,20709,3591956,16719201,128,0,0,0,0
kill60,alloc,128,8192,60,22150431,7084,100859,3682226,16523925,128,0,0,0,0
kill60,alloc,128,8192,61,43987947,6632,14537,2643471,19579126,128,0,0,0,0
kill60,alloc,128,8192,62,29031037,7163,19196,3524511,22171241,128,0,0,0,0
kill60,alloc,128,8192,63,24900271,7003,2999647,2599969,18561119,128,0,0,0,0
kill60,alloc,128,8192,64,36993499,6602,15298,2652728,17681543,128,0,0,0,0
kill60,alloc,128,8192,65,33069410,6622,25017,2604507,18673249,128,0,0,0,0
kill60,alloc,128,8192,66,36904141,7073,19616,2571476,16897824,128,0,0,0,0
kill60,alloc,128,8192,67,37020048,6111,16280,3626251,19620564,128,0,0,0,0
kill60,alloc,128,8192,68,28957990,7464,1957095,2634263,16549192,128,0,0,0,0
kill60,alloc,128,8192,69,34471555,5651,17342,3567441,17509379,128,0,0,0,0
kill60,alloc,128,8192,70,30499978,7204,16271,3078395,17034892,128,0,0,0,0
kill60,alloc,128,8192,71,28964753,6351,15860,3525011,16560453,128,0,0,0,0
kill60,alloc,128,8192,72,41045206,6893,16010,2727127,19561955,128,0,0,0,0
kill60,alloc,128,8192,73,27444616,6562,14718,2550977,16441019,128,0,0,0,0
kill60,alloc,128,8192,74,38382279,6211,11261,4522790,16635905,128,0,0,0,0
kill60,alloc,128,8192,75,54257569,6272,14817,4636763,27182646,128,0,0,0,0
kill60,alloc,128,8192,76,50885053,6602,14417,3469438,18360534,128,0,0,0,0
kill60,alloc,128,8192,77,34996689,6352,20148,3719205,18526565,128,0,0,0,0
kill60,alloc,128,8192,78,46875564,6182,14297,3038981,18364651,128,0,0,0,0
kill60,alloc,128,8192,79,43494273,6001,2000937,2374036,21574704,128,0,0,0,0
kill60,alloc,128,8192,80,39026756,6763,21250,2824159,19112142,128,0,0,0,0
kill60,alloc,128,8192,81,45444294,6572,15449,2063876,24052153,128,0,0,0,0
kill60,alloc,128,8192,82,48041599,7835,21200,2614235,25530511,128,0,0,0,0
kill60,alloc,128,8192,83,57202294,6813,19696,3447927,40619889,128,0,0,0,0
kill60,alloc,128,8192,84,36806649,7174,16000,3372446,21206544,128,0,0,0,0
kill60,alloc,128,8192,85,32889343,6572,20849,3418542,19474791,128,0,0,0,0
kill60,alloc,128,8192,86,33021560,5470,18164,3565807,18607086,128,0,0,0,0
kill60,alloc,128,8192,87,35167238,5691,14437,3264033,18506838,128,0,0,0,0
kill60,alloc,128,8192,88,26427471,5540,12192,3350284,18775452,128,0,0,0,0
kill60,alloc,128,8192,89,39251988,5932,14417,3933326,20002048,128,0,0,0,0
kill60,alloc,128,8192,90,29725778,5700,13164,3727150,19704191,128,0,0,0,0
kill60,alloc,128,8192,91,26068139,7043,18435,2930808,16980540,128,0,0,0,0
kill60,alloc,128,8192,92,50239654,6211,18094,2889220,20816754,128,0,0,0,0
kill60,alloc,128,8192,93,23974819,7043,15880,3022841,15541324,128,0,0,0,0
kill60,alloc,128,8192,94,21956818,5871,16581,2718000,13989629,128,0,0,0,0
kill60,alloc,128,8192,95,30876753,6152,15409,3611534,16634622,128,0,0,0,0
kill60,alloc,128,8192,96,21069497,6652,19797,3668490,16585951,128,0,0,0,0
kill60,alloc,128,8192,97,28981084,6202,23123,2665702,16733256,128,0,0,0,0
kill60,alloc,128,8192,98,40004627,6111,17784,2789013,17710417,128,0,0,0,0
kill60,alloc,128,8192,99,22053660,6062,24606,3212847,15727493,128,0,0,0,0
kill60,lock,4,8192,0,200556,6622,7815,2024,2555,4,0,0,0,0
kill60,lock,4,8192,1,173705,6402,7003,2134,2435,4,0,0,0,0
kill60,lock,4,8192,2,253655,9929,10039,2374,2475,4,0,0,0,0
kill60,lock,4,8192,3,244277,6161,7443,2875,2976,4,0,0,0,0
kill60,lock,4,8192,4,207589,6091,7133,2435,2775,4,0,0,0,0
kill60,lock,4,8192,5,243265,7624,8576,2715,2896,4,0,0,0,0
kill60,lock,4,8192,6,249037,5420,6212,2675,2735,4,0,0,0,0
kill60,lock,4,8192,7,249468,5871,6542,2365,2645,4,0,0,0,0
kill60,lock,4,8192,8,250238,6131,7073,2445,2685,4,0,0,0,0
kill60,lock,4,8192,9,236202,8706,10600,2545,2965,4,0,0,0,0
kill60,lock,4,8192,10,241903,7234,7374,2685,3015,4,0,0,0,0
kill60,lock,4,8192,11,241172,6311,7454,2375,2505,4,0,0,0,0
kill60,lock,4,8192,12,248625,5239,5290,2305,2394,4,0,0,0,0
kill60,lock,4,8192,13,249397,5711,6262,2445,2855,4,0,0,0,0
kill60,lock,4,8192,14,248606,7023,7584,2345,2896,4,0,0,0,0
kill60,lock,4,8192,15,248185,5100,5290,2314,2504,4,0,0,0,0
kill60,lock,4,8192,16,249837,6021,6112,2374,2404,4,0,0,0,0
kill60,lock,4,8192,17,249918,13626,14327,2434,2855,4,0,0,0,0
kill60,lock,4,8192,18,253956,5590,6091,2585,2635,4,0,0,0,0
kill60,lock,4,8192,19,248536,3998,5550,2275,2434,4,0,0,0,0
kill60,lock,4,8192,20,249337,6742,7103,2494,2495,4,0,0,0,0
kill60,lock,4,8192,21,243596,6542,7564,2565,2705,4,0,0,0,0
kill60,lock,4,8192,22,223138,6261,7254,2685,3106,4,0,0,0,0
kill60,lock,4,8192,23,208590,6772,7023,2285,2355,4,0,0,0,0
kill60,lock,4,8192,24,203050,10389,11762,2324,2384,4,0,0,0,0
kill60,lock,4,8192,25,206266,8335,11942,2084,2144,4,0,0,0,0
kill60,lock,4,8192,26,196418,6492,9598,2324,2404,4,0,0,0,0
kill60,lock,4,8192,27,200165,6031,8235,2545,2635,4,0,0,0,0
kill60,lock,4,8192,28,200094,9428,16761,2274,2475,4,0,0,0,0
kill60,lock,4,8192,29,198763,6142,6453,2264,2374,4,0,0,0,0
kill60,lock,4,8192,30,194294,3927,4719,2164,3146,4,0,0,0,0
kill60,lock,4,8192,31,199503,5020,5390,2084,2104,4,0,0,0,0
kill60,lock,4,8192,32,199714,4589,5180,2124,2144,4,0,0,0,0
kill60,lock,4,8192,33,191358,6061,6743,2185,2375,4,0,0,0,0
kill60,lock,4,8192,34,194715,6151,6552,2124,2164,4,0,0,0,0
kill60,lock,4,8192,35,196358,12634,12804,2254,2344,4,0,0,0,0
kill60,lock,4,8192,36,200495,5761,6191,2405,2635,4,0,0,0,0
kill60,lock,4,8192,37,195446,6281,6682,2164,2455,4,0,0,0,0
kill60,lock,4,8192,38,199784,5320,6202,2294,2926,4,0,0,0,0
kill60,lock,4,8192,39,194895,5651,6001,2354,2505,4,0,0,0,0
kill60,lock,4,8192,40,197400,6031,6331,2474,2655,4,0,0,0,0
kill60,lock,4,8192,41,200125,5630,6052,2164,2395,4,0,0,0,0
kill60,lock,4,8192,42,199874,6141,6462,2114,2304,4,0,0,0,0
kill60,lock,4,8192,43,198863,7875,8195,2414,2415,4,0,0,0,0
kill60,lock,4,8192,44,199403,6291,7054,2294,2344,4,0,0,0,0
kill60,lock,4,8192,45,199814,5129,5411,2104,2124,4,0,0,0,0
kill60,lock,4,8192,46,235190,5460,6822,2195,2355,4,0,0,0,0
kill60,lock,4,8192,47,204723,5561,5811,2435,2605,4,0,0,0,0
kill60,lock,4,8192,48,197740,5641,6011,2315,2795,4,0,0,0,0
kill60,lock,4,8192,49,205064,4298,5480,2264,2314,4,0,0,0,0
kill60,lock,4,8192,50,200335,7444,8736,2114,2395,4,0,0,0,0
kill60,lock,4,8192,51,200125,6472,7744,2194,2425,4,0,0,0,0
kill60,lock,4,8192,52,199654,9547,11482,2285,2424,4,0,0,0,0
kill60,lock,4,8192,53,195816,5881,5981,2485,2585,4,0,0,0,0
kill60,lock,4,8192,54,203000,7494,7554,2334,2695,4,0,0,0,0
kill60,lock,4,8192,55,196338,6092,6102,2304,2404,4,0,0,0,0
kill60,lock,4,8192,56,195255,6903,8226,2194,2455,4,0,0,0,0
kill60,lock,4,8192,57,195536,6061,6112,2274,2434,4,0,0,0,0
kill60,lock,4,8192,58,199754,6332,7033,2094,2184,4,0,0,0,0
kill60,lock,4,8192,59,203391,6121,6702,2294,2465,4,0,0,0,0
kill60,lock,4,8192,60,195677,4318,5140,2294,3055,4,0,0,0,0
kill60,lock,4,8192,61,199433,7624,7734,2074,2515,4,0,0,0,0
kill60,lock,4,8192,62,198993,5080,5831,2084,2174,4,0,0,0,0
kill60,lock,4,8192,63,195236,8456,8646,2084,2384,4,0,0,0,0
kill60,lock,4,8192,64,198612,7273,7334,2314,2585,4,0,0,0,0
kill60,lock,4,8192,65,194555,4459,4859,2164,2205,4,0,0,0,0
kill60,lock,4,8192,66,194263,4048,4298,2004,2224,4,0,0,0,0
kill60,lock,4,8192,67,199033,5561,5731,2184,2274,4,0,0,0,0
kill60,lock,4,8192,68,199484,5621,6222,2204,2244,4,0,0,0,0
kill60,lock,4,8192,69,197109,4899,5740,2144,3046,4,0,0,0,0
kill60,lock,4,8192,70,404257,5761,8766,2284,2374,4,0,0,0,0
kill60,lock,4,8192,71,205685,5490,6552,2535,2705,4,0,0,0,0
kill60,lock,4,8192,72,195186,8065,8326,2304,2464,4,0,0,0,0
kill60,lock,4,8192,73,199373,5781,6402,2084,2194,4,0,0,0,0
kill60,lock,4,8192,74,194604,4077,4829,2805,3005,4,0,0,0,0
kill60,lock,4,8192,75,199904,6262,6592,2174,2185,4,0,0,0,0
kill60,lock,4,8192,76,196117,5911,6172,2685,3116,4,0,0,0,0
kill60,lock,4,8192,77,199383,5511,5630,2084,2124,4,0,0,0,0
kill60,lock,4,8192,78,199223,5560,5961,2034,2194,4,0,0,0,0
kill60,lock,4,8192,79,202920,6442,7264,2415,2685,4,0,0,0,0
kill60,lock,4,8192,80,504895,2796,2825,1913,1974,4,0,0,0,0
kill60,lock,4,8192,81,194755,5350,5531,2746,2825,4,0,0,0,0
kill60,lock,4,8192,82,191900,6202,6583,2294,2515,4,0,0,0,0
kill60,lock,4,8192,83,195606,7734,8636,2434,2766,4,0,0,0,0
kill60,lock,4,8192,84,199053,5130,5290,2134,2525,4,0,0,0,0
kill60,lock,4,8192,85,198632,5009,5280,2675,2755,4,0,0,0,0
kill60,lock,4,8192,86,199073,4619,5049,2324,2345,4,0,0,0,0
kill60,lock,4,8192,87,203661,12344,15148,2274,2475,4,0,0,0,0
kill60,lock,4,8192,88,195366,4138,5400,2355,2695,4,0,0,0,0
kill60,lock,4,8192,89,194384,6602,7795,2305,2465,4,0,0,0,0
kill60,lock,4,8192,90,189856,5130,5280,2054,2375,4,0,0,0,0
kill60,lock,4,8192,91,199303,4939,5350,2395,2535,4,0,0,0,0
kill60,lock,4,8192,92,201628,4669,4889,2174,2494,4,0,0,0,0
kill60,lock,4,8192,93,198712,5139,5380,1993,2444,4,0,0,0,0
kill60,lock,4,8192,94,198622,4429,5060,2023,2174,4,0,0,0,0
kill60,lock,4,8192,95,195336,6151,6662,2265,2274,4,0,0,0,0
kill60,lock,4,8192,96,222146,5781,5881,2074,2444,4,0,0,0,0
kill60,lock,4,8192,97,195776,5250,5831,2735,2795,4,0,0,0,0
kill60,lock,4,8192,98,196488,5200,5791,2214,2375,4,0,0,0,0
kill60,lock,4,8192,99,194154,6372,7383,2335,2364,4,0,0,0,0
kill60,lock,32,8192,0,1294665,42911,56195,7544,44694,32,0,0,0,0
kill60,lock,32,8192,1,1292140,40496,51646,7514,28313,32,0,0,0,0
kill60,lock,32,8192,2,1275779,39133,48852,6612,54512,32,0,0,0,0
kill60,lock,32,8192,3,1304293,38663,48040,7835,13264,32,0,0,0,0
kill60,lock,32,8192,4,1294484,38803,45626,7213,46617,32,0,0,0,0
kill60,lock,32,8192,5,1279086,35607,48180,7724,52809,32,0,0,0,0
kill60,lock,32,8192,6,1271330,36819,44303,7153,42460,32,0,0,0,0
kill60,lock,32,8192,7,1283764,36419,46077,7614,11672,32,0,0,0,0
kill60,lock,32,8192,8,1290226,40696,52879,7154,45816,32,0,0,0,0
kill60,lock,32,8192,9,1270970,37099,48491,7093,53299,32,0,0,0,0
kill60,lock,32,8192,10,1277823,36078,48321,7284,54282,32,0,0,0,0
kill60,lock,32,8192,11,1280378,41488,69200,7163,23634,32,0,0,0,0
kill60,lock,32,8192,12,1263396,38562,50134,6282,54272,32,0,0,0,0
kill60,lock,32,8192,13,1292340,37941,52759,7294,52078,32,0,0,0,0
kill60,lock,32,8192,14,1265230,39313,54952,7244,38872,32,0,0,0,0
kill60,lock,32,8192,15,1385074,30828,43161,7083,91120,32,0,0,0,0
kill60,lock,32,8192,16,1279646,34955,47859,6593,54773,32,0,0,0,0
kill60,lock,32,8192,17,1398179,33743,43000,6773,69640,32,0,0,0,0
kill60,lock,32,8192,18,1277322,37891,46047,6802,54232,32,0,0,0,0
kill60,lock,32,8192,19,1287091,32311,45265,6462,49412,32,0,0,0,0
kill60,lock,32,8192,20,3407301,31569,43581,6833,1192423,32,0,0,0,0
kill60,lock,32,8192,21,1271491,33473,42129,6843,67346,32,0,0,0,0
kill60,lock,32,8192,22,1274968,36117,46958,6803,40586,32,0,0,0,0
kill60,lock,32,8192,23,1287812,34946,48561,6462,25478,32,0,0,0,0
kill60,lock,32,8192,24,1283463,36368,46957,7243,48381,32,0,0,0,0
kill60,lock,32,8192,25,1297881,33843,48781,6963,98925,32,0,0,0,0
kill60,lock,32,8192,26,1289715,35657,48010,7354,72285,32,0,0,0,0
kill60,lock,32,8192,27,2232921,31059,47489,7114,55955,32,0,0,0,0
kill60,lock,32,8192,28,1260330,34104,43011,6783,78787,32,0,0,0,0
kill60,lock,32,8192,29,1279196,36328,47278,6793,40535,32,0,0,0,0
kill60,lock,32,8192,30,1273204,39965,53340,6793,17462,32,0,0,0,0
kill60,lock,32,8192,31,1267874,33172,74940,7794,42590,32,0,0,0,0
kill60,lock,32,8192,32,1274697,37039,52809,6783,43482,32,0,0,0,0
kill60,lock,32,8192,33,1283294,34885,46437,6472,27691,32,0,0,0,0
kill60,lock,32,8192,34,1273826,39163,53630,7243,10570,32,0,0,0,0
kill60,lock,32,8192,35,1283143,37421,72907,6803,9257,32,0,0,0,0
kill60,lock,32,8192,36,1318539,23444,40566,6172,49693,32,0,0,0,0
kill60,lock,32,8192,37,1295856,37470,48440,7364,56516,32,0,0,0,0
kill60,lock,32,8192,38,3223978,34524,48200,7835,927097,32,0,0,0,0
kill60,lock,32,8192,39,1282582,36368,43762,7264,63288,32,0,0,0,0
kill60,lock,32,8192,40,1294825,38793,53650,7194,59862,32,0,0,0,0
kill60,lock,32,8192,41,1322316,39054,58770,7223,51567,32,0,0,0,0
kill60,lock,32,8192,42,1285087,36819,46998,7154,64551,32,0,0,0,0
kill60,lock,32,8192,43,1279717,36809,47859,6683,10810,32,0,0,0,0
kill60,lock,32,8192,44,1276250,41217,76002,6603,10389,32,0,0,0,0
kill60,lock,32,8192,45,1260139,39684,56015,7413,59031,32,0,0,0,0
kill60,lock,32,8192,46,1270660,36879,49292,7143,15920,32,0,0,0,0
kill60,lock,32,8192,47,1275839,41658,49863,6703,28122,32,0,0,0,0
kill60,lock,32,8192,48,1268847,36067,50264,6592,81803,32,0,0,0,0
kill60,lock,32,8192,49,1271020,34004,48742,6753,26530,32,0,0,0,0
kill60,lock,32,8192,50,1275799,39394,54702,7254,59772,32,0,0,0,0
kill60,lock,32,8192,51,1274898,36118,52859,6592,61716,32,0,0,0,0
kill60,lock,32,8192,52,1262013,37340,58259,6963,52318,32,0,0,0,0
kill60,lock,32,8192,53,1263136,36208,52679,7043,27171,32,0,0,0,0
kill60,lock,32,8192,54,1271812,41368,57388,7585,39554,32,0,0,0,0
kill60,lock,32,8192,55,1264828,35456,53971,6443,32931,32,0,0,0,0
kill60,lock,32,8192,56,1274627,37109,47279,7925,64661,32,0,0,0,0
kill60,lock,32,8192,57,1276189,34435,49483,7374,37881,32,0,0,0,0
kill60,lock,32,8192,58,1272763,39043,54062,7004,40315,32,0,0,0,0
kill60,lock,32,8192,59,1261843,34856,57237,6482,43051,32,0,0,0,0
kill60,lock,32,8192,60,1369305,36609,52128,7143,120345,32,0,0,0,0
kill60,lock,32,8192,61,1294815,39023,62326,6662,23774,32,0,0,0,0
kill60,lock,32,8192,62,1260550,38312,54743,6262,28724,32,0,0,0,0
kill60,lock,32,8192,63,1285157,31058,46888,7193,54712,32,0,0,0,0
kill60,lock,32,8192,64,1274977,35687,66054,6883,12243,32,0,0,0,0
kill60,lock,32,8192,65,1267073,32741,52589,6692,37801,32,0,0,0,0
kill60,lock,32,8192,66,1212361,30817,45265,6802,39524,32,0,0,0,0
kill60,lock,32,8192,67,1265760,39424,113242,6632,33303,32,0,0,0,0
kill60,lock,32,8192,68,1267284,38542,54141,7634,10941,32,0,0,0,0
kill60,lock,32,8192,69,1283344,43282,58039,8176,48050,32,0,0,0,0
kill60,lock,32,8192,70,1252766,31399,42390,6623,33713,32,0,0,0,0
kill60,lock,32,8192,71,1270460,41238,58630,7774,20558,32,0,0,0,0
kill60,lock,32,8192,72,1268515,35287,46667,6993,30517,32,0,0,0,0
kill60,lock,32,8192,73,1268686,35717,50785,7544,34735,32,0,0,0,0
kill60,lock,32,8192,74,1476785,36268,42329,7824,57518,32,0,0,0,0
kill60,lock,32,8192,75,1277733,39665,52117,7254,39053,32,0,0,0,0
kill60,lock,32,8192,76,1278565,38822,56015,7184,39073,32,0,0,0,0
kill60,lock,32,8192,77,1265781,36879,46116,7464,16040,32,0,0,0,0
kill60,lock,32,8192,78,1277432,39444,49994,7454,30517,32,0,0,0,0
kill60,lock,32,8192,79,1278023,44454,55765,6462,40024,32,0,0,0,0
kill60,lock,32,8192,80,1279175,44563,61245,7664,14727,32,0,0,0,0
kill60,lock,32,8192,81,1286549,41327,54092,7294,15990,32,0,0,0,0
kill60,lock,32,8192,82,1488478,42860,51446,7694,14417,32,0,0,0,0
kill60,lock,32,8192,83,1371959,36068,51276,7413,21330,32,0,0,0,0
kill60,lock,32,8192,84,1397687,43913,52999,7825,20579,32,0,0,0,0
kill60,lock,32,8192,85,1384142,42449,86532,6933,9949,32,0,0,0,0
kill60,lock,32,8192,86,1291458,46166,57307,7173,20880,32,0,0,0,0
kill60,lock,32,8192,87,1487896,45575,60784,7484,15048,32,0,0,0,0
kill60,lock,32,8192,88,1470854,42670,60914,7424,25207,32,0,0,0,0
kill60,lock,32,8192,89,1284766,39474,92113,7634,17102,32,0,0,0,0
kill60,lock,32,8192,90,1280648,41598,56436,7094,30347,32,0,0,0,0
kill60,lock,32,8192,91,1365217,40656,58850,7384,11461,32,0,0,0,0
kill60,lock,32,8192,92,1306617,40135,52829,7033,23094,32,0,0,0,0
kill60,lock,32,8192,93,1450807,36849,52950,7544,70172,32,0,0,0,0
kill60,lock,32,8192,94,1473629,33843,46106,6723,140634,32,0,0,0,0
kill60,lock,32,8192,95,1374795,43231,54632,6853,11411,32,0,0,0,0
kill60,lock,32,8192,96,1265961,35907,50344,6452,10971,32,0,0,0,0
kill60,lock,32,8192,97,1272764,37760,55303,6552,35477,32,0,0,0,0
kill60,lock,32,8192,98,1358755,39504,67486,6742,31299,32,0,0,0,0
kill60,lock,32,8192,99,1286379,44493,59551,7745,41979,32,0,0,0,0
kill60,lock,128,8192,0,23328688,8947,189785,75661,1164521,128,0,0,0,0
kill60,lock,128,8192,1,15406712,10359,77966,141695,1231426,128,0,0,0,0
kill60,lock,128,8192,2,15460834,14567,296696,140613,905987,128,0,0,0,0
kill60,lock,128,8192,3,13916882,25358,339426,78757,796261,128,0,0,0,0
kill60,lock,128,8192,4,21979761,6983,178845,168606,2183078,128,0,0,0,0
kill60,lock,128,8192,5,25648202,96311,12948970,55865,646651,128,0,0,0,0
kill60,lock,128,8192,6,12208082,19577,131516,114234,1164180,128,0,0,0,0
kill60,lock,128,8192,7,6705658,18976,293149,117059,1374574,128,0,0,0,0
kill60,lock,128,8192,8,7518270,58910,644026,57668,992268,128,0,0,0,0
kill60,lock,128,8192,9,9864603,48932,4590056,47219,3044632,128,0,0,0,0
kill60,lock,128,8192,10,8135285,34574,1663165,127289,1329039,128,0,0,0,0
kill60,lock,128,8192,11,7081862,12844,2051752,142507,1412665,128,0,0,0,0
kill60,lock,128,8192,12,7562632,10920,158777,127819,2697853,128,0,0,0,0
kill60,lock,128,8192,13,11096250,51296,5434047,59883,975637,128,0,0,0,0
kill60,lock,128,8192,14,5947177,13555,35977,132257,851164,128,0,0,0,0
kill60,lock,128,8192,15,7345726,12934,1539643,144580,1150685,128,0,0,0,0
kill60,lock,128,8192,16,6416737,24055,211085,95970,1628330,128,0,0,0,0
kill60,lock,128,8192,17,7092031,12604,541374,56025,1441179,128,0,0,0,0
kill60,lock,128,8192,18,11660567,118301,1804570,45845,996566,128,0,0,0,0
kill60,lock,128,8192,19,11809426,12203,51085,98825,994262,128,0,0,0,0
kill60,lock,128,8192,20,11918661,13616,540051,129162,1381658,128,0,0,0,0
kill60,lock,128,8192,21,17897427,11001,35636,112872,1511410,128,0,0,0,0
kill60,lock,128,8192,22,13265894,13165,127188,101199,1199998,128,0,0,0,0
kill60,lock,128,8192,23,17077541,13555,176500,133911,1176834,128,0,0,0,0
kill60,lock,128,8192,24,14158354,20659,476122,107732,1137530,128,0,0,0,0
kill60,lock,128,8192,25,13467020,22222,3587058,128621,1170132,128,0,0,0,0
kill60,lock,128,8192,26,23244270,14507,532667,108162,1476655,128,0,0,0,0
kill60,lock,128,8192,27,15690214,28624,471663,60243,1155634,128,0,0,0,0
kill60,lock,128,8192,28,20943993,20909,70732,82895,1251113,128,0,0,0,0
kill60,lock,128,8192,29,15270267,17553,525674,92704,1025290,128,0,0,0,0
kill60,lock,128,8192,30,27448884,9648,93996,146655,1325292,128,0,0,0,0
kill60,lock,128,8192,31,18364321,8286,44483,140954,1433795,128,0,0,0,0
kill60,lock,128,8192,32,16227329,22242,54612,129522,1791415,128,0,0,0,0
kill60,lock,128,8192,33,22659064,9768,168335,134852,2431343,128,0,0,0,0
kill60,lock,128,8192,34,8688572,7785,57137,127348,1940554,128,0,0,0,0
kill60,lock,128,8192,35,13335243,12483,414116,131867,1994365,128,0,0,0,0
kill60,lock,128,8192,36,8509597,39565,928388,37430,361948,128,0,0,0,0
kill60,lock,128,8192,37,7409766,35837,238497,65523,1998442,128,0,0,0,0
kill60,lock,128,8192,38,10561859,37871,287939,87524,789919,128,0,0,0,0
kill60,lock,128,8192,39,15702266,37050,1044806,50465,257522,128,0,0,0,0
kill60,lock,128,8192,40,14399687,39694,204303,52167,378950,128,0,0,0,0
kill60,lock,128,8192,41,10755722,43732,280565,35126,319298,128,0,0,0,0
kill60,lock,128,8192,42,11192450,48050,241192,53590,303438,128,0,0,0,0
kill60,lock,128,8192,43,8368362,41748,239598,53440,222106,128,0,0,0,0
kill60,lock,128,8192,44,14439231,36227,183614,36489,231483,128,0,0,0,0
kill60,lock,128,8192,45,6209659,50585,225893,41709,326452,128,0,0,0,0
kill60,lock,128,8192,46,7770071,49272,355205,53360,369632,128,0,0,0,0
kill60,lock,128,8192,47,21630798,44093,315341,57919,472976,128,0,0,0,0
kill60,lock,128,8192,48,10158695,51696,252142,55784,341550,128,0,0,0,0
kill60,lock,128,8192,49,15777757,23634,543828,31309,208290,128,0,0,0,0
kill60,lock,128,8192,50,10019294,42389,224020,49543,228538,128,0,0,0,0
kill60,lock,128,8192,51,12358233,33303,215304,41718,217728,128,0,0,0,0
kill60,lock,128,8192,52,14563393,44514,261249,24776,537196,128,0,0,0,0
kill60,lock,128,8192,53,20755840,62166,4630732,45405,255829,128,0,0,0,0
kill60,lock,128,8192,54,12006255,52929,285153,47189,317574,128,0,0,0,0
kill60,lock,128,8192,55,15459632,47619,215764,49663,2358697,128,0,0,0,0
kill60,lock,128,8192,56,24547761,39604,195546,56836,1447641,128,0,0,0,0
kill60,lock,128,8192,57,16741522,49292,212898,50064,349023,128,0,0,0,0
kill60,lock,128,8192,58,19918903,46507,336110,39644,358231,128,0,0,0,0
kill60,lock,128,8192,59,12783660,49623,219010,46166,436116,128,0,0,0,0
kill60,lock,128,8192,60,15154229,34054,122319,37710,263533,128,0,0,0,0
kill60,lock,128,8192,61,17212825,50434,250990,57338,397725,128,0,0,0,0
kill60,lock,128,8192,62,14289971,45175,286817,49262,456645,128,0,0,0,0
kill60,lock,128,8192,63,18129401,52188,1919394,44252,271218,128,0,0,0,0
kill60,lock,128,8192,64,16160093,22021,198251,51577,387977,128,0,0,0,0
kill60,lock,128,8192,65,15408676,38001,200215,49633,389871,128,0,0,0,0
kill60,lock,128,8192,66,5142290,41759,242695,63289,334887,128,0,0,0,0
kill60,lock,128,8192,67,5096644,38272,191529,62587,303639,128,0,0,0,0
kill60,lock,128,8192,68,5271352,51185,264445,63949,260938,128,0,0,0,0
kill60,lock,128,8192,69,5294786,46227,163005,47990,257963,128,0,0,0,0
kill60,lock,128,8192,70,7335527,509514,2298394,22432,195155,128,0,0,0,0
kill60,lock,128,8192,71,10504111,49072,1043514,50905,293770,128,0,0,0,0
kill60,lock,128,8192,72,16692820,34034,320300,35045,240270,128,0,0,0,0
kill60,lock,128,8192,73,13987274,44252,201247,44193,395501,128,0,0,0,0
kill60,lock,128,8192,74,7505696,242464,804005,11191,163115,128,0,0,0,0
kill60,lock,128,8192,75,10953102,43681,240159,56386,693719,128,0,0,0,0
kill60,lock,128,8192,76,12014970,46056,196809,52889,326762,128,0,0,0,0
kill60,lock,128,8192,77,5954912,48801,252853,47799,332874,128,0,0,0,0
kill60,lock,128,8192,78,9695988,44604,2344841,44654,282038,128,0,0,0,0
kill60,lock,128,8192,79,8105660,44444,197130,46407,224270,128,0,0,0,0
kill60,lock,128,8192,80,12574659,46056,198963,72165,313297,128,0,0,0,0
kill60,lock,128,8192,81,9387540,42480,230562,61946,399458,128,0,0,0,0
kill60,lock,128,8192,82,5598514,39303,240610,72316,323345,128,0,0,0,0
kill60,lock,128,8192,83,5830809,39143,155131,71514,369191,128,0,0,0,0
kill60,lock,128,8192,84,5975310,44053,165099,82074,395240,128,0,0,0,0
kill60,lock,128,8192,85,6534507,32781,203551,74420,1421202,128,0,0,0,0
kill60,lock,128,8192,86,5446630,39494,247153,65563,278922,128,0,0,0,0
kill60,lock,128,8192,87,5212913,49262,156884,71083,352570,128,0,0,0,0
kill60,lock,128,8192,88,5214806,41076,225683,50655,269936,128,0,0,0,0
kill60,lock,128,8192,89,6057564,54182,1215055,67306,406271,128,0,0,0,0
kill60,lock,128,8192,90,18022541,42089,303698,31198,227135,128,0,0,0,0
kill60,lock,128,8192,91,7673019,41077,288861,65934,390872,128,0,0,0,0
kill60,lock,128,8192,92,10112137,59702,1543520,22202,180488,128,0,0,0,0
kill60,lock,128,8192,93,9132473,39854,2595410,36588,208070,128,0,0,0,0
kill60,lock,128,8192,94,5967395,17853,113593,53640,254136,128,0,0,0,0
kill60,lock,128,8192,95,6840260,40055,240520,67506,375884,128,0,0,0,0
kill60,lock,128,8192,96,5933031,38743,320730,60834,559808,128,0,0,0,0
kill60,lock,128,8192,97,6385809,40666,262281,62647,371165,128,0,0,0,0
kill60,lock,128,8192,98,6695358,34374,132027,59752,1002497,128,0,0,0,0
kill60,lock,128,8192,99,5747273,23134,183574,61535,405490,128,0,0,0,0
kill60,dlopen,4,8192,0,248275,20489,24857,2344,2625,4,0,0,0,0
kill60,dlopen,4,8192,1,244077,4930,5370,2284,2464,4,0,0,0,0
kill60,dlopen,4,8192,2,244688,3126,4038,2545,4378,4,0,0,0,0
kill60,dlopen,4,8192,3,217036,3938,5170,2505,2515,4,0,0,0,0
kill60,dlopen,4,8192,4,247283,4639,4799,2595,2946,4,0,0,0,0
kill60,dlopen,4,8192,5,217447,3948,5440,2685,3076,4,0,0,0,0
kill60,dlopen,4,8192,6,171491,5169,6192,2595,2785,4,0,0,0,0
kill60,dlopen,4,8192,7,206918,5932,6692,2765,3045,4,0,0,0,0
kill60,dlopen,4,8192,8,205665,4558,5350,2785,2816,4,0,0,0,0
kill60,dlopen,4,8192,9,205334,4248,6242,2835,2926,4,0,0,0,0
kill60,dlopen,4,8192,10,205004,4449,5781,2865,3116,4,0,0,0,0
kill60,dlopen,4,8192,11,168887,4769,4819,2896,2915,4,0,0,0,0
kill60,dlopen,4,8192,12,205525,4409,5029,2574,2805,4,0,0,0,0
kill60,dlopen,4,8192,13,203992,4799,6572,2595,2805,4,0,0,0,0
kill60,dlopen,4,8192,14,208020,5380,5771,2445,2745,4,0,0,0,0
kill60,dlopen,4,8192,15,203752,4639,5551,2444,2835,4,0,0,0,0
kill60,dlopen,4,8192,16,173305,4228,5210,2414,2665,4,0,0,0,0
kill60,dlopen,4,8192,17,217157,11351,12704,2845,3366,4,0,0,0,0
kill60,dlopen,4,8192,18,204192,5630,7093,2795,3036,4,0,0,0,0
kill60,dlopen,4,8192,19,207419,5340,6943,2454,2725,4,0,0,0,0
kill60,dlopen,4,8192,20,209342,4789,4939,2405,2785,4,0,0,0,0
kill60,dlopen,4,8192,21,156964,3696,4990,2264,2715,4,0,0,0,0
kill60,dlopen,4,8192,22,204032,4649,6142,2805,3296,4,0,0,0,0
kill60,dlopen,4,8192,23,203291,3146,5230,2384,2454,4,0,0,0,0
kill60,dlopen,4,8192,24,203962,5370,5440,2805,2986,4,0,0,0,0
kill60,dlopen,4,8192,25,204453,4568,5269,2365,2675,4,0,0,0,0
kill60,dlopen,4,8192,26,215644,5811,6092,2495,2715,4,0,0,0,0
kill60,dlopen,4,8192,27,198401,3707,4989,2254,2605,4,0,0,0,0
kill60,dlopen,4,8192,28,204373,5680,5770,2495,2806,4,0,0,0,0
kill60,dlopen,4,8192,29,204843,4107,5179,2544,3166,4,0,0,0,0
kill60,dlopen,4,8192,30,203912,4439,6271,2585,2595,4,0,0,0,0
kill60,dlopen,4,8192,31,203080,4469,4668,2305,2675,4,0,0,0,0
kill60,dlopen,4,8192,32,204853,5600,6322,2455,2735,4,0,0,0,0
kill60,dlopen,4,8192,33,203000,3446,4899,2245,2705,4,0,0,0,0
kill60,dlopen,4,8192,34,203871,4799,5831,2234,2735,4,0,0,0,0
kill60,dlopen,4,8192,35,210895,4719,6031,2665,2685,4,0,0,0,0
kill60,dlopen,4,8192,36,204914,3757,4970,2395,2865,4,0,0,0,0
kill60,dlopen,4,8192,37,204072,5009,5229,2705,2926,4,0,0,0,0
kill60,dlopen,4,8192,38,203862,5741,10039,2214,2876,4,0,0,0,0
kill60,dlopen,4,8192,39,203841,4489,5991,2425,2495,4,0,0,0,0
kill60,dlopen,4,8192,40,205525,4899,6042,2334,2735,4,0,0,0,0
kill60,dlopen,4,8192,41,344155,3417,11542,3687,5030,4,0,0,0,0
kill60,dlopen,4,8192,42,258143,4608,5100,2535,2785,4,0,0,0,0
kill60,dlopen,4,8192,43,244457,5099,5220,2434,2565,4,0,0,0,0
kill60,dlopen,4,8192,44,223809,3837,4158,2154,2224,4,0,0,0,0
kill60,dlopen,4,8192,45,240370,3496,4739,2936,3226,4,0,0,0,0
kill60,dlopen,4,8192,46,218710,4539,5199,2464,2505,4,0,0,0,0
kill60,dlopen,4,8192,47,206066,12814,15308,2324,2595,4,0,0,0,0
kill60,dlopen,4,8192,48,205004,5030,5120,2605,2765,4,0,0,0,0
kill60,dlopen,4,8192,49,205104,3667,5741,2434,2434,4,0,0,0,0
kill60,dlopen,4,8192,50,203281,10600,14126,2314,2755,4,0,0,0,0
kill60,dlopen,4,8192,51,204333,5440,5831,2445,2956,4,0,0,0,0
kill60,dlopen,4,8192,52,203721,5260,9207,2485,2705,4,0,0,0,0
kill60,dlopen,4,8192,53,203300,5149,5901,2425,2755,4,0,0,0,0
kill60,dlopen,4,8192,54,205855,4709,5791,2675,2825,4,0,0,0,0
kill60,dlopen,4,8192,55,203992,5120,7223,2374,2555,4,0,0,0,0
kill60,dlopen,4,8192,56,202610,5470,5500,2465,2715,4,0,0,0,0
kill60,dlopen,4,8192,57,202530,3978,5200,2625,2695,4,0,0,0,0
kill60,dlopen,4,8192,58,196418,4668,5791,2655,2795,4,0,0,0,0
kill60,dlopen,4,8192,59,205325,5220,7755,2705,2966,4,0,0,0,0
kill60,dlopen,4,8192,60,204032,4418,6051,2585,2805,4,0,0,0,0
kill60,dlopen,4,8192,61,202229,16731,17342,2415,2524,4,0,0,0,0
kill60,dlopen,4,8192,62,202760,3717,4849,2585,2745,4,0,0,0,0
kill60,dlopen,4,8192,63,204052,4618,4840,2465,2875,4,0,0,0,0
kill60,dlopen,4,8192,64,204533,4348,5801,2825,2916,4,0,0,0,0
kill60,dlopen,4,8192,65,202069,4569,4869,2565,2655,4,0,0,0,0
kill60,dlopen,4,8192,66,202389,5250,5821,2294,2584,4,0,0,0,0
kill60,dlopen,4,8192,67,202008,4859,5360,2895,2956,4,0,0,0,0
kill60,dlopen,4,8192,68,205294,5561,5921,2545,2795,4,0,0,0,0
kill60,dlopen,4,8192,69,204332,6021,6662,2445,2986,4,0,0,0,0
kill60,dlopen,4,8192,70,202870,3947,6473,2695,2745,4,0,0,0,0
kill60,dlopen,4,8192,71,203120,3897,4939,2655,2685,4,0,0,0,0
kill60,dlopen,4,8192,72,202208,4498,6141,2395,2445,4,0,0,0,0
kill60,dlopen,4,8192,73,207118,4679,4910,3035,3606,4,0,0,0,0
kill60,dlopen,4,8192,74,203521,4629,5430,2665,2775,4,0,0,0,0
kill60,dlopen,4,8192,75,202840,5420,5581,2675,2706,4,0,0,0,0
kill60,dlopen,4,8192,76,203742,3607,5230,2655,2655,4,0,0,0,0
kill60,dlopen,4,8192,77,203531,5511,5731,2665,2775,4,0,0,0,0
kill60,dlopen,4,8192,78,211416,4498,6182,2435,2575,4,0,0,0,0
kill60,dlopen,4,8192,79,203492,5721,6182,2465,2825,4,0,0,0,0
kill60,dlopen,4,8192,80,204092,5521,6953,2405,2936,4,0,0,0,0
kill60,dlopen,4,8192,81,203200,5209,5360,2695,2746,4,0,0,0,0
kill60,dlopen,4,8192,82,202920,4468,5660,2525,2846,4,0,0,0,0
kill60,dlopen,4,8192,83,219351,5199,5230,2495,2965,4,0,0,0,0
kill60,dlopen,4,8192,84,215364,3797,5150,2424,2895,4,0,0,0,0
kill60,dlopen,4,8192,85,204884,4299,4769,2494,2945,4,0,0,0,0
kill60,dlopen,4,8192,86,204333,5470,7975,2735,2785,4,0,0,0,0
kill60,dlopen,4,8192,87,204233,7133,9908,2766,2875,4,0,0,0,0
kill60,dlopen,4,8192,88,284212,4799,5189,2505,2725,4,0,0,0,0
kill60,dlopen,4,8192,89,242464,4739,6101,2875,4258,4,0,0,0,0
kill60,dlopen,4,8192,90,209913,3777,3867,3056,3276,4,0,0,0,0
kill60,dlopen,4,8192,91,205996,3737,3938,2985,3126,4,0,0,0,0
kill60,dlopen,4,8192,92,483926,3106,4649,2765,3176,4,0,0,0,0
kill60,dlopen,4,8192,93,288611,3587,3667,2003,4047,4,0,0,0,0
kill60,dlopen,4,8192,94,234389,3156,3787,1793,1903,4,0,0,0,0
kill60,dlopen,4,8192,95,174447,3897,8266,2074,2244,4,0,0,0,0
kill60,dlopen,4,8192,96,203211,2926,4197,1763,1894,4,0,0,0,0
kill60,dlopen,4,8192,97,315020,3487,3637,1683,2054,4,0,0,0,0
kill60,dlopen,4,8192,98,265116,3346,3827,2004,3026,4,0,0,0,0
kill60,dlopen,4,8192,99,219200,2975,3416,1774,2284,4,0,0,0,0
kill60,dlopen,32,8192,0,3077133,22462,31228,5941,87023,32,0,0,0,0
kill60,dlopen,32,8192,1,2952449,25658,32852,5640,87815,32,0,0,0,0
kill60,dlopen,32,8192,2,3010448,21681,27131,5490,85571,32,0,0,0,0
kill60,dlopen,32,8192,3,2967547,26009,38161,5711,84779,32,0,0,0,0
kill60,dlopen,32,8192,4,2988105,21430,29094,5401,81212,32,0,0,0,0
kill60,dlopen,32,8192,5,3030616,24917,29866,5881,88155,32,0,0,0,0
kill60,dlopen,32,8192,6,2948793,24035,35467,5500,77074,32,0,0,0,0
kill60,dlopen,32,8192,7,3024454,24385,33182,5491,84588,32,0,0,0,0
kill60,dlopen,32,8192,8,2986634,25558,34885,5841,86922,32,0,0,0,0
kill60,dlopen,32,8192,9,3005909,24396,32270,5350,92163,32,0,0,0,0
kill60,dlopen,32,8192,10,4012925,23734,33182,5680,10830,32,0,0,0,0
kill60,dlopen,32,8192,11,1325031,25388,33322,5781,41598,32,0,0,0,0
kill60,dlopen,32,8192,12,4549571,26109,33332,6082,9668,32,0,0,0,0
kill60,dlopen,32,8192,13,4759363,24947,30618,5641,9939,32,0,0,0,0
kill60,dlopen,32,8192,14,4490900,24045,29385,5560,52238,32,0,0,0,0
kill60,dlopen,32,8192,15,1493036,22181,32411,5771,86152,32,0,0,0,0
kill60,dlopen,32,8192,16,2245405,22532,29846,5390,83526,32,0,0,0,0
kill60,dlopen,32,8192,17,2064776,22893,34104,5560,87874,32,0,0,0,0
kill60,dlopen,32,8192,18,4049534,22973,32070,5781,1714491,32,0,0,0,0
kill60,dlopen,32,8192,19,2715916,27030,33924,5771,24526,32,0,0,0,0
kill60,dlopen,32,8192,20,4295073,21110,47399,4869,10099,32,0,0,0,0
kill60,dlopen,32,8192,21,4035117,21521,29055,5901,679202,32,0,0,0,0
kill60,dlopen,32,8192,22,2938092,22683,32691,5580,17974,32,0,0,0,0
kill60,dlopen,32,8192,23,1385895,27261,33472,6392,8425,32,0,0,0,0
kill60,dlopen,32,8192,24,4874919,24185,32191,5530,33142,32,0,0,0,0
kill60,dlopen,32,8192,25,2802158,23474,31959,5631,47800,32,0,0,0,0
kill60,dlopen,32,8192,26,4759573,26019,38543,5701,10240,32,0,0,0,0
kill60,dlopen,32,8192,27,4928911,19627,28163,4859,114004,32,0,0,0,0
kill60,dlopen,32,8192,28,1863870,26069,33232,5470,54141,32,0,0,0,0
kill60,dlopen,32,8192,29,2210179,24106,45375,5670,119283,32,0,0,0,0
kill60,dlopen,32,8192,30,4510357,27491,38091,5971,303839,32,0,0,0,0
kill60,dlopen,32,8192,31,1575350,18936,35877,6071,210935,32,0,0,0,0
kill60,dlopen,32,8192,32,3330817,20719,30688,6021,1647115,32,0,0,0,0
kill60,dlopen,32,8192,33,2437645,20148,31449,5571,7805,32,0,0,0,0
kill60,dlopen,32,8192,34,65109241,15639,36177,4839,663382,32,0,0,0,0
kill60,dlopen,32,8192,35,5235595,20689,33643,5821,1764404,32,0,0,0,0
kill60,dlopen,32,8192,36,4421360,14056,22863,5080,1557547,32,0,0,0,0
kill60,dlopen,32,8192,37,2565745,16351,25417,5060,367819,32,0,0,0,0
kill60,dlopen,32,8192,38,2936961,21030,29486,5500,725228,32,0,0,0,0
kill60,dlopen,32,8192,39,3900946,13525,24627,5039,658143,32,0,0,0,0
kill60,dlopen,32,8192,40,3949186,16741,31339,5771,863978,32,0,0,0,0
kill60,dlopen,32,8192,41,3079036,23975,30737,5561,151894,32,0,0,0,0
kill60,dlopen,32,8192,42,5506622,19627,40126,4949,446776,32,0,0,0,0
kill60,dlopen,32,8192,43,2534897,18895,28643,5280,414997,32,0,0,0,0
kill60,dlopen,32,8192,44,3284601,16040,29044,4308,1514186,32,0,0,0,0
kill60,dlopen,32,8192,45,2549334,21991,29125,5370,104125,32,0,0,0,0
kill60,dlopen,32,8192,46,3165999,19587,35066,5219,814134,32,0,0,0,0
kill60,dlopen,32,8192,47,4855192,20940,33523,5240,42139,32,0,0,0,0
kill60,dlopen,32,8192,48,3120042,18675,24636,5300,1797967,32,0,0,0,0
kill60,dlopen,32,8192,49,4945712,21871,29926,5831,70552,32,0,0,0,0
kill60,dlopen,32,8192,50,4058410,17563,29595,5801,2727678,32,0,0,0,0
kill60,dlopen,32,8192,51,3582138,20438,29014,5440,712704,32,0,0,0,0
kill60,dlopen,32,8192,52,3563824,19406,30927,5600,1072378,32,0,0,0,0
kill60,dlopen,32,8192,53,2165956,22612,28173,5571,62337,32,0,0,0,0
kill60,dlopen,32,8192,54,2503718,20970,27251,5380,59762,32,0,0,0,0
kill60,dlopen,32,8192,55,3273891,13846,27702,4598,289913,32,0,0,0,0
kill60,dlopen,32,8192,56,2816074,18415,38513,5009,373239,32,0,0,0,0
kill60,dlopen,32,8192,57,3028341,23875,28434,5661,111599,32,0,0,0,0
kill60,dlopen,32,8192,58,4143610,17072,27041,4698,1693551,32,0,0,0,0
kill60,dlopen,32,8192,59,2688465,19627,30177,5440,22502,32,0,0,0,0
kill60,dlopen,32,8192,60,2228944,22191,35737,5360,67877,32,0,0,0,0
kill60,dlopen,32,8192,61,2909950,24396,28373,5611,426027,32,0,0,0,0
kill60,dlopen,32,8192,62,3595503,22732,27722,5390,371907,32,0,0,0,0
kill60,dlopen,32,8192,63,3382284,24135,33422,5721,64030,32,0,0,0,0
kill60,dlopen,32,8192,64,2373315,25558,29285,5811,9027,32,0,0,0,0
kill60,dlopen,32,8192,65,1636876,27301,79890,5881,8116,32,0,0,0,0
kill60,dlopen,32,8192,66,2478001,25908,35817,5760,9839,32,0,0,0,0
kill60,dlopen,32,8192,67,1299454,25117,36708,5740,7413,32,0,0,0,0
kill60,dlopen,32,8192,68,7948475,24055,30898,5430,1219994,32,0,0,0,0
kill60,dlopen,32,8192,69,1294724,26450,32441,5731,8526,32,0,0,0,0
kill60,dlopen,32,8192,70,1277322,23935,33473,5721,7144,32,0,0,0,0
kill60,dlopen,32,8192,71,1316225,29375,33884,6442,9809,32,0,0,0,0
kill60,dlopen,32,8192,72,1317648,24556,33763,5791,10239,32,0,0,0,0
kill60,dlopen,32,8192,73,1289866,24827,37961,5801,9127,32,0,0,0,0
kill60,dlopen,32,8192,74,1583747,21620,35667,5110,51406,32,0,0,0,0
kill60,dlopen,32,8192,75,1373151,22072,34465,5490,10800,32,0,0,0,0
kill60,dlopen,32,8192,76,4593953,19887,24916,5050,259857,32,0,0,0,0
kill60,dlopen,32,8192,77,1327185,25588,33112,5611,7413,32,0,0,0,0
kill60,dlopen,32,8192,78,1751009,24496,32521,5721,8105,32,0,0,0,0
kill60,dlopen,32,8192,79,1557517,25337,31469,5721,7204,32,0,0,0,0
kill60,dlopen,32,8192,80,1484199,23854,36138,5380,6903,32,0,0,0,0
kill60,dlopen,32,8192,81,1430439,26690,39504,5701,6662,32,0,0,0,0
kill60,dlopen,32,8192,82,1489880,28764,34725,6052,7484,32,0,0,0,0
kill60,dlopen,32,8192,83,1417204,24185,33513,5450,7544,32,0,0,0,0
kill60,dlopen,32,8192,84,1588455,23965,32581,5240,9017,32,0,0,0,0
kill60,dlopen,32,8192,85,1544202,27962,32541,5741,7373,32,0,0,0,0
kill60,dlopen,32,8192,86,1402336,27562,32571,5740,7485,32,0,0,0,0
kill60,dlopen,32,8192,87,1723638,26329,53060,6142,9177,32,0,0,0,0
kill60,dlopen,32,8192,88,1515628,26088,38431,5961,10790,32,0,0,0,0
kill60,dlopen,32,8192,89,2458414,22963,28614,5630,8335,32,0,0,0,0
kill60,dlopen,32,8192,90,1532981,28434,34906,6122,7855,32,0,0,0,0
kill60,dlopen,32,8192,91,1436981,24316,29956,5641,6653,32,0,0,0,0
kill60,dlopen,32,8192,92,1529153,25157,34755,5420,26539,32,0,0,0,0
kill60,dlopen,32,8192,93,1525668,24997,30477,5921,7705,32,0,0,0,0
kill60,dlopen,32,8192,94,1340140,25848,34685,6111,7784,32,0,0,0,0
kill60,dlopen,32,8192,95,3249535,30227,43491,6792,12594,32,0,0,0,0
kill60,dlopen,32,8192,96,2381660,21460,26880,5450,8406,32,0,0,0,0
kill60,dlopen,32,8192,97,2061050,27151,35918,5901,24616,32,0,0,0,0
kill60,dlopen,32,8192,98,2263048,23674,27572,5651,27992,32,0,0,0,0
kill60,dlopen,32,8192,99,1667393,25578,31499,6031,8456,32,0,0,0,0
kill60,dlopen,128,8192,0,25372926,6492,2999176,2346434,14320538,128,0,0,0,0
kill60,dlopen,128,8192,1,25007421,6673,3001961,2824890,14959054,128,0,0,0,0
kill60,dlopen,128,8192,2,30123322,5641,17573,2953091,17945397,128,0,0,0,0
kill60,dlopen,128,8192,3,30200897,5189,106519,3784628,17707491,128,0,0,0,0
kill60,dlopen,128,8192,4,29822850,5951,15429,2654741,15667601,128,0,0,0,0
kill60,dlopen,128,8192,5,30279134,6772,3005198,2556979,14537494,128,0,0,0,0
kill60,dlopen,128,8192,6,21777493,6231,17813,2276073,14174334,128,0,0,0,0
kill60,dlopen,128,8192,7,27912522,5450,303037,3514572,16476445,128,0,0,0,0
kill60,dlopen,128,8192,8,29655777,8766,11989032,168776,14958753,128,0,0,0,0
kill60,dlopen,128,8192,9,34439746,5901,3004677,3284481,16809750,128,0,0,0,0
kill60,dlopen,128,8192,10,21391471,5981,17744,3404987,15405310,128,0,0,0,0
kill60,dlopen,128,8192,11,31057241,6322,3001451,2622942,14040163,128,0,0,0,0
kill60,dlopen,128,8192,12,30012585,6211,3000379,3425204,14841164,128,0,0,0,0
kill60,dlopen,128,8192,13,33692046,6662,2993776,3603197,21917775,128,0,0,0,0
kill60,dlopen,128,8192,14,39350081,5951,2998265,2267767,18122529,128,0,0,0,0
kill60,dlopen,128,8192,15,41656261,6973,22181,3203840,20843594,128,0,0,0,0
kill60,dlopen,128,8192,16,48307045,5460,15179,3221563,26553848,128,0,0,0,0
kill60,dlopen,128,8192,17,39772072,6202,17072,3679701,23807986,128,0,0,0,0
kill60,dlopen,128,8192,18,36903089,6993,3009125,3039582,18987759,128,0,0,0,0
kill60,dlopen,128,8192,19,27539764,6642,22923,2085926,18166150,128,0,0,0,0
kill60,dlopen,128,8192,20,25970075,6332,2984599,2968689,16636846,128,0,0,0,0
kill60,dlopen,128,8192,21,29866872,5310,16491,2611681,15647032,128,0,0,0,0
kill60,dlopen,128,8192,22,36978480,6843,277800,3425836,14699858,128,0,0,0,0
kill60,dlopen,128,8192,23,48846826,6081,2990200,3054621,18133739,128,0,0,0,0
kill60,dlopen,128,8192,24,38091915,5480,2002521,2894881,19796934,128,0,0,0,0
kill60,dlopen,128,8192,25,39109651,5431,24426,2454126,24446330,128,0,0,0,0
kill60,dlopen,128,8192,26,34471275,5481,12754,3666176,19260008,128,0,0,0,0
kill60,dlopen,128,8192,27,33144260,5650,2993295,2716277,18217245,128,0,0,0,0
kill60,dlopen,128,8192,28,36089856,6202,3014947,3048920,19036159,128,0,0,0,0
kill60,dlopen,128,8192,29,29092943,6853,18194,2831272,19920355,128,0,0,0,0
kill60,dlopen,128,8192,30,28472310,5821,3002593,2815743,17820513,128,0,0,0,0
kill60,dlopen,128,8192,31,24008561,5490,16020,2295118,17229496,128,0,0,0,0
kill60,dlopen,128,8192,32,24233332,6723,31859,3115073,14110174,128,0,0,0,0
kill60,dlopen,128,8192,33,33316031,5350,18725,3771713,16067119,128,0,0,0,0
kill60,dlopen,128,8192,34,23602901,5621,3003826,3344553,15680094,128,0,0,0,0
kill60,dlopen,128,8192,35,28805394,5961,3001941,3074678,15882954,128,0,0,0,0
kill60,dlopen,128,8192,36,26042420,6011,3000008,3297045,16252205,128,0,0,0,0
kill60,dlopen,128,8192,37,25739603,5871,2984029,3266407,17312751,128,0,0,0,0
kill60,dlopen,128,8192,38,31540506,5731,2995299,2536009,15430206,128,0,0,0,0
kill60,dlopen,128,8192,39,31756000,6091,3000199,2985120,17899090,128,0,0,0,0
kill60,dlopen,128,8192,40,86525558,6261,3001922,3061353,20171356,128,0,0,0,0
kill60,dlopen,128,8192,41,25673569,6312,3000609,2624686,15560070,128,0,0,0,0
kill60,dlopen,128,8192,42,25897238,4949,11181,2956497,16854263,128,0,0,0,0
kill60,dlopen,128,8192,43,18960398,7334,2772582,2930268,14983891,128,0,0,0,0
kill60,dlopen,128,8192,44,19173025,5811,1992992,2111855,14102970,128,0,0,0,0
kill60,dlopen,128,8192,45,22935111,5410,3001311,3243214,15714459,128,0,0,0,0
kill60,dlopen,128,8192,46,31963138,6241,3001992,2929295,18056214,128,0,0,0,0
kill60,dlopen,128,8192,47,27893908,5751,13115,3279412,17910802,128,0,0,0,0
kill60,dlopen,128,8192,48,30013667,6031,3005969,2944755,16170813,128,0,0,0,0
kill60,dlopen,128,8192,49,36421628,6201,1013719,3060672,16965522,128,0,0,0,0
kill60,dlopen,128,8192,50,24587345,5791,14707,2554584,17626279,128,0,0,0,0
kill60,dlopen,128,8192,51,44110136,4859,814816,2916902,25366585,128,0,0,0,0
kill60,dlopen,128,8192,52,24865706,5710,3001681,2495664,17811185,128,0,0,0,0
kill60,dlopen,128,8192,53,38992802,5220,17893,2987074,25657038,128,0,0,0,0
kill60,dlopen,128,8192,54,28378395,7003,3000128,2949694,16954901,128,0,0,0,0
kill60,dlopen,128,8192,55,32859847,6212,3012252,2616349,21466641,128,0,0,0,0
kill60,dlopen,128,8192,56,32662267,5921,17733,3425586,22442318,128,0,0,0,0
kill60,dlopen,128,8192,57,27040579,5831,2993205,2862741,19970328,128,0,0,0,0
kill60,dlopen,128,8192,58,31003571,6131,20679,3809805,23822644,128,0,0,0,0
kill60,dlopen,128,8192,59,34597591,5330,14257,2923115,23777949,128,0,0,0,0
kill60,dlopen,128,8192,60,37862376,6502,3002133,2751673,20458723,128,0,0,0,0
kill60,dlopen,128,8192,61,28049880,5440,14737,2364257,17869805,128,0,0,0,0
kill60,dlopen,128,8192,62,21880907,6282,2998776,2290389,14281815,128,0,0,0,0
kill60,dlopen,128,8192,63,33229860,5981,3002663,2500633,21497969,128,0,0,0,0
kill60,dlopen,128,8192,64,35731265,6031,3002573,2802819,17160296,128,0,0,0,0
kill60,dlopen,128,8192,65,28404704,7043,3054400,2172759,17213917,128,0,0,0,0
kill60,dlopen,128,8192,66,47088383,5991,14698,3814564,20682632,128,0,0,0,0
kill60,dlopen,128,8192,67,28689517,6622,21781,3824803,15866683,128,0,0,0,0
kill60,dlopen,128,8192,68,31876526,6011,2277645,2967147,19318729,128,0,0,0,0
kill60,dlopen,128,8192,69,53795183,7133,2056271,3182550,19201348,128,0,0,0,0
kill60,dlopen,128,8192,70,51027039,6232,2992554,2529888,18527727,128,0,0,0,0
kill60,dlopen,128,8192,71,40452636,7324,19807,3201285,19216837,128,0,0,0,0
kill60,dlopen,128,8192,72,30784561,5430,11952,2625336,16921930,128,0,0,0,0
kill60,dlopen,128,8192,73,44643274,5460,14377,3252742,33234739,128,0,0,0,0
kill60,dlopen,128,8192,74,38597533,5590,15419,3592268,27604385,128,0,0,0,0
kill60,dlopen,128,8192,75,40311291,6061,61535,3622515,23667954,128,0,0,0,0
kill60,dlopen,128,8192,76,104622698,11652,98241418,481923,2545146,68,0,60,0,0
kill60,dlopen,128,8192,77,103919651,9618,5985579,1741491,94609907,99,0,29,0,0
kill60,dlopen,128,8192,78,125339776,6802,14477,4415248,96110518,118,0,10,0,0
kill60,dlopen,128,8192,79,52634109,6733,16090,3421498,26799668,128,0,0,0,0
kill60,dlopen,128,8192,80,46601452,5230,5024129,2986112,25050672,128,0,0,0,0
kill60,dlopen,128,8192,81,56156274,5831,117671,2753256,31545726,128,0,0,0,0
kill60,dlopen,128,8192,82,49232398,5751,15088,3323173,25337239,128,0,0,0,0
kill60,dlopen,128,8192,83,46945275,6131,19647,4919142,33949428,128,0,0,0,0
kill60,dlopen,128,8192,84,51045223,5951,26780,4396584,30012044,128,0,0,0,0
kill60,dlopen,128,8192,85,56008738,5851,14878,4246242,30993923,128,0,0,0,0
kill60,dlopen,128,8192,86,53314011,5860,20408,2977777,27925937,128,0,0,0,0
kill60,dlopen,128,8192,87,44910034,6112,20599,3743801,23527289,128,0,0,0,0
kill60,dlopen,128,8192,88,59230162,5660,10480,3653832,22711282,128,0,0,0,0
kill60,dlopen,128,8192,89,67366639,5961,31068,4412033,24451030,128,0,0,0,0
kill60,dlopen,128,8192,90,42565082,6351,21720,4046689,26920224,128,0,0,0,0
kill60,dlopen,128,8192,91,52530254,5501,17373,4429545,33444692,128,0,0,0,0
kill60,dlopen,128,8192,92,117307704,7504,70970818,2691049,28661374,128,0,0,0,0
kill60,dlopen,128,8192,93,48737681,5820,1011223,2611331,22536384,128,0,0,0,0
kill60,dlopen,128,8192,94,52384421,6041,14046,3827608,24739660,128,0,0,0,0
kill60,dlopen,128,8192,95,45659637,5750,17473,2619074,20578207,128,0,0,0,0
kill60,dlopen,128,8192,96,49121781,6192,16290,3586166,20617992,128,0,0,0,0
kill60,dlopen,128,8192,97,41557525,5621,16240,3405387,22778698,128,0,0,0,0
kill60,dlopen,128,8192,98,60230294,6562,3000399,4048311,20720644,128,0,0,0,0
kill60,dlopen,128,8192,99,36778486,6021,15018,3392152,21595422,128,0,0,0,0
snapshot,idle,4,8192,0,346529,1182,1193,4788,4869,4,0,0,0,0
snapshot,idle,4,8192,1,332082,1193,1203,4208,4358,4,0,0,0,0
snapshot,idle,4,8192,2,340648,1192,1192,4058,4088,4,0,0,0,0
snapshot,idle,4,8192,3,336570,1192,1794,4619,4718,4,0,0,0,0
snapshot,idle,4,8192,4,328806,1192,1203,4178,4258,4,0,0,0,0
snapshot,idle,4,8192,5,333034,1203,1212,4048,4077,4,0,0,0,0
snapshot,idle,4,8192,6,325029,1192,1202,4468,4489,4,0,0,0,0
snapshot,idle,4,8192,7,326151,1192,1192,4218,4348,4,0,0,0,0
snapshot,idle,4,8192,8,331160,1202,1202,4178,4318,4,0,0,0,0
snapshot,idle,4,8192,9,329607,1202,1212,4459,4709,4,0,0,0,0
snapshot,idle,4,8192,10,327243,1192,1193,4188,4498,4,0,0,0,0
snapshot,idle,4,8192,11,332483,1192,1202,4058,4128,4,0,0,0,0
snapshot,idle,4,8192,12,396172,1202,1203,4508,4859,4,0,0,0,0
snapshot,idle,4,8192,13,382747,1192,1202,4428,4558,4,0,0,0,0
snapshot,idle,4,8192,14,358371,1192,1192,4068,4148,4,0,0,0,0
snapshot,idle,4,8192,15,343874,1202,1202,4248,4468,4,0,0,0,0
snapshot,idle,4,8192,16,344495,1202,1202,3968,4389,4,0,0,0,0
snapshot,idle,4,8192,17,321983,1192,1192,4128,4128,4,0,0,0,0
snapshot,idle,4,8192,18,348953,1193,1203,4578,4748,4,0,0,0,0
snapshot,idle,4,8192,19,336280,1192,1203,4148,4378,4,0,0,0,0
snapshot,idle,4,8192,20,317645,1192,1202,3957,4148,4,0,0,0,0
snapshot,idle,4,8192,21,346720,1202,1203,4207,4438,4,0,0,0,0
snapshot,idle,4,8192,22,341319,1193,1202,4078,4137,4,0,0,0,0
snapshot,idle,4,8192,23,597509,1192,1212,4078,4188,4,0,0,0,0
snapshot,idle,4,8192,24,455283,1202,1222,5360,5510,4,0,0,0,0
snapshot,idle,4,8192,25,338294,1203,1222,4197,4679,4,0,0,0,0
snapshot,idle,4,8192,26,328856,1202,1202,4669,5279,4,0,0,0,0
snapshot,idle,4,8192,27,333474,1202,1223,4278,4428,4,0,0,0,0
snapshot,idle,4,8192,28,326782,1343,1984,4148,4689,4,0,0,0,0
snapshot,idle,4,8192,29,321172,1182,1202,5009,5060,4,0,0,0,0
snapshot,idle,4,8192,30,329787,1182,1192,3997,4409,4,0,0,0,0
snapshot,idle,4,8192,31,327083,1193,1212,4018,4077,4,0,0,0,0
snapshot,idle,4,8192,32,318266,1192,1193,4098,4428,4,0,0,0,0
snapshot,idle,4,8192,33,328555,1182,1182,4228,4238,4,0,0,0,0
snapshot,idle,4,8192,34,425597,1182,1192,4208,4358,4,0,0,0,0
snapshot,idle,4,8192,35,345647,1794,1834,4899,5149,4,0,0,0,0
snapshot,idle,4,8192,36,338784,1904,1933,5020,5070,4,0,0,0,0
snapshot,idle,4,8192,37,329427,1843,1944,5110,5540,4,0,0,0,0
snapshot,idle,4,8192,38,349985,1773,1804,4809,4869,4,0,0,0,0
snapshot,idle,4,8192,39,332243,1763,1804,4629,4840,4,0,0,0,0
snapshot,idle,4,8192,40,328445,1783,2114,4969,4980,4,0,0,0,0
snapshot,idle,4,8192,41,339907,1934,2234,5240,5280,4,0,0,0,0
snapshot,idle,4,8192,42,338143,1803,1963,5581,5691,4,0,0,0,0
snapshot,idle,4,8192,43,323876,1803,2004,4970,5009,4,0,0,0,0
snapshot,idle,4,8192,44,325730,1803,1813,4749,4809,4,0,0,0,0
snapshot,idle,4,8192,45,341750,1823,1864,4519,4718,4,0,0,0,0
snapshot,idle,4,8192,46,332402,1754,1814,5060,5169,4,0,0,0,0
snapshot,idle,4,8192,47,328345,1843,1854,4529,4749,4,0,0,0,0
snapshot,idle,4,8192,48,351629,1834,1933,4879,5110,4,0,0,0,0
snapshot,idle,4,8192,49,329056,1753,1813,4749,5119,4,0,0,0,0
snapshot,idle,4,8192,50,331932,1753,1903,4468,4729,4,0,0,0,0
snapshot,idle,4,8192,51,352039,1863,1984,4850,5000,4,0,0,0,0
snapshot,idle,4,8192,52,331882,1853,1914,4809,4990,4,0,0,0,0
snapshot,idle,4,8192,53,321933,1844,1914,4489,4679,4,0,0,0,0
snapshot,idle,4,8192,54,330950,1813,1814,4528,4568,4,0,0,0,0
snapshot,idle,4,8192,55,322664,1743,1803,5210,5240,4,0,0,0,0
snapshot,idle,4,8192,56,325179,1813,1854,4809,4889,4,0,0,0,0
snapshot,idle,4,8192,57,337813,1763,1824,4629,4739,4,0,0,0,0
snapshot,idle,4,8192,58,334106,1733,1813,5009,5150,4,0,0,0,0
snapshot,idle,4,8192,59,330499,1794,1873,4689,5149,4,0,0,0,0
snapshot,idle,4,8192,60,334266,1823,1904,4669,5060,4,0,0,0,0
snapshot,idle,4,8192,61,339957,1743,1803,4859,4869,4,0,0,0,0
snapshot,idle,4,8192,62,330379,1894,1954,4649,5059,4,0,0,0,0
snapshot,idle,4,8192,63,333103,1813,1863,4679,4990,4,0,0,0,0
snapshot,idle,4,8192,64,327904,1753,1834,4939,5050,4,0,0,0,0
snapshot,idle,4,8192,65,329998,1813,1824,5109,5190,4,0,0,0,0
snapshot,idle,4,8192,66,333845,1804,1813,4789,5039,4,0,0,0,0
snapshot,idle,4,8192,67,325950,1763,2013,5040,5120,4,0,0,0,0
snapshot,idle,4,8192,68,342180,1743,1803,4869,4969,4,0,0,0,0
snapshot,idle,4,8192,69,330048,1754,1833,4559,4708,4,0,0,0,0
snapshot,idle,4,8192,70,327062,1753,1763,5039,5210,4,0,0,0,0
snapshot,idle,4,8192,71,348443,1804,1814,4749,4919,4,0,0,0,0
snapshot,idle,4,8192,72,335248,1773,1803,4478,4939,4,0,0,0,0
snapshot,idle,4,8192,73,323666,1924,1933,4759,4940,4,0,0,0,0
snapshot,idle,4,8192,74,334397,1913,1994,4749,4989,4,0,0,0,0
snapshot,idle,4,8192,75,336159,1824,1954,5160,5420,4,0,0,0,0
snapshot,idle,4,8192,76,328274,1763,1784,4749,5310,4,0,0,0,0
snapshot,idle,4,8192,77,331981,1754,1803,4619,4819,4,0,0,0,0
snapshot,idle,4,8192,78,333865,1953,2003,4629,4949,4,0,0,0,0
snapshot,idle,4,8192,79,325309,1733,1773,4649,4769,4,0,0,0,0
snapshot,idle,4,8192,80,325118,1813,1904,4940,5230,4,0,0,0,0
snapshot,idle,4,8192,81,381876,2215,2325,5320,5430,4,0,0,0,0
snapshot,idle,4,8192,82,435716,1803,1834,5771,5801,4,0,0,0,0
snapshot,idle,4,8192,83,338884,1794,1804,5881,5891,4,0,0,0,0
snapshot,idle,4,8192,84,351788,1784,1813,5039,5160,4,0,0,0,0
snapshot,idle,4,8192,85,342180,1783,1813,4599,4880,4,0,0,0,0
snapshot,idle,4,8192,86,333695,1784,1803,4829,4889,4,0,0,0,0
snapshot,idle,4,8192,87,311193,1794,1803,4649,4759,4,0,0,0,0
snapshot,idle,4,8192,88,348763,1763,1803,5370,5520,4,0,0,0,0
snapshot,idle,4,8192,89,338434,1833,1943,4699,4939,4,0,0,0,0
snapshot,idle,4,8192,90,317134,1774,1864,4678,4909,4,0,0,0,0
snapshot,idle,4,8192,91,337963,1874,1934,4949,5049,4,0,0,0,0
snapshot,idle,4,8192,92,336200,1884,1894,4930,5120,4,0,0,0,0
snapshot,idle,4,8192,93,318306,1843,1844,4779,4829,4,0,0,0,0
snapshot,idle,4,8192,94,341530,1833,1864,4939,5080,4,0,0,0,0
snapshot,idle,4,8192,95,335989,1843,1984,4930,5049,4,0,0,0,0
snapshot,idle,4,8192,96,312285,1814,1943,4588,5060,4,0,0,0,0
snapshot,idle,4,8192,97,335188,1964,1973,5100,5130,4,0,0,0,0
snapshot,idle,4,8192,98,339526,1753,1974,4849,4869,4,0,0,0,0
snapshot,idle,4,8192,99,331861,1823,1933,4749,4769,4,0,0,0,0
snapshot,idle,32,8192,0,1847720,1944,2354,5941,8556,32,0,0,0,0
snapshot,idle,32,8192,1,1857989,1834,2134,5490,8837,32,0,0,0,0
snapshot,idle,32,8192,2,1863079,1833,2405,5891,8486,32,0,0,0,0
snapshot,idle,32,8192,3,1844174,1774,2114,5841,9117,32,0,0,0,0
snapshot,idle,32,8192,4,1854483,1813,2194,5570,8676,32,0,0,0,0
snapshot,idle,32,8192,5,1976852,2004,2625,6332,10149,32,0,0,0,0
snapshot,idle,32,8192,6,1895289,1803,2144,5411,7274,32,0,0,0,0
snapshot,idle,32,8192,7,1879500,1833,2495,5791,9898,32,0,0,0,0
snapshot,idle,32,8192,8,1888527,2114,2445,6543,9398,32,0,0,0,0
snapshot,idle,32,8192,9,1882836,1813,2645,5020,8877,32,0,0,0,0
snapshot,idle,32,8192,10,1954000,1823,2706,5631,11201,32,0,0,0,0
snapshot,idle,32,8192,11,1938010,1884,4518,6041,9217,32,0,0,0,0
snapshot,idle,32,8192,12,1910107,1823,2385,5671,9798,32,0,0,0,0
snapshot,idle,32,8192,13,1868659,1793,2324,5530,7705,32,0,0,0,0
snapshot,idle,32,8192,14,1873919,1804,2144,5280,6973,32,0,0,0,0
snapshot,idle,32,8192,15,1885340,1793,2344,5781,10770,32,0,0,0,0
snapshot,idle,32,8192,16,1936817,1704,2575,5871,8536,32,0,0,0,0
snapshot,idle,32,8192,17,1887034,1803,2635,5620,9578,32,0,0,0,0
snapshot,idle,32,8192,18,1927600,1803,2385,6001,9507,32,0,0,0,0
snapshot,idle,32,8192,19,1884118,1844,3016,6362,8867,32,0,0,0,0
snapshot,idle,32,8192,20,1944962,1793,2174,5220,8406,32,0,0,0,0
snapshot,idle,32,8192,21,1915487,1873,2225,5841,7554,32,0,0,0,0
snapshot,idle,32,8192,22,1929463,1874,2726,5851,8206,32,0,0,0,0
snapshot,idle,32,8192,23,1918333,1773,2614,6222,9458,32,0,0,0,0
snapshot,idle,32,8192,24,1780444,1793,2775,5992,7864,32,0,0,0,0
snapshot,idle,32,8192,25,1778772,1773,3026,5610,7043,32,0,0,0,0
snapshot,idle,32,8192,26,1772259,1753,2846,5471,8876,32,0,0,0,0
snapshot,idle,32,8192,27,1764334,1763,2875,5360,7304,32,0,0,0,0
snapshot,idle,32,8192,28,1789672,1383,2765,5220,7373,32,0,0,0,0
snapshot,idle,32,8192,29,2027126,1833,2494,5681,8005,32,0,0,0,0
snapshot,idle,32,8192,30,1955151,2024,2816,6442,8716,32,0,0,0,0
snapshot,idle,32,8192,31,1899597,2104,2604,6051,7835,32,0,0,0,0
snapshot,idle,32,8192,32,1896191,1873,2885,6011,9798,32,0,0,0,0
snapshot,idle,32,8192,33,1901130,1923,3446,5901,8927,32,0,0,0,0
snapshot,idle,32,8192,34,1884900,1833,2384,5280,6723,32,0,0,0,0
snapshot,idle,32,8192,35,1861245,2034,3376,6642,9588,32,0,0,0,0
snapshot,idle,32,8192,36,1917190,1793,2234,5010,6783,32,0,0,0,0
snapshot,idle,32,8192,37,1882576,2094,2525,6351,8436,32,0,0,0,0
snapshot,idle,32,8192,38,1884629,1913,2375,6182,10479,32,0,0,0,0
snapshot,idle,32,8192,39,1875182,1864,3216,5811,8596,32,0,0,0,0
snapshot,idle,32,8192,40,1903224,1853,2465,5992,8546,32,0,0,0,0
snapshot,idle,32,8192,41,1863841,2134,3276,6573,8426,32,0,0,0,0
snapshot,idle,32,8192,42,1864923,1803,2374,5290,7684,32,0,0,0,0
snapshot,idle,32,8192,43,1891312,1934,3767,6783,9528,32,0,0,0,0
snapshot,idle,32,8192,44,1866515,1793,2735,5741,8406,32,0,0,0,0
snapshot,idle,32,8192,45,1865233,1823,2314,5520,6723,32,0,0,0,0
snapshot,idle,32,8192,46,1886824,1874,2695,5891,8045,32,0,0,0,0
snapshot,idle,32,8192,47,1838222,1813,2926,5911,9207,32,0,0,0,0
snapshot,idle,32,8192,48,1957325,1774,2535,5530,7965,32,0,0,0,0
snapshot,idle,32,8192,49,1807254,2054,3687,6352,9989,32,0,0,0,0
snapshot,idle,32,8192,50,1809559,2023,2925,6322,8646,32,0,0,0,0
snapshot,idle,32,8192,51,1809619,1813,2385,5921,10580,32,0,0,0,0
snapshot,idle,32,8192,52,1823034,1803,2494,5701,10911,32,0,0,0,0
snapshot,idle,32,8192,53,1813376,1833,4569,5951,8747,32,0,0,0,0
snapshot,idle,32,8192,54,1813937,1893,2535,6161,7714,32,0,0,0,0
snapshot,idle,32,8192,55,1826240,1884,2555,6512,10149,32,0,0,0,0
snapshot,idle,32,8192,56,1825449,2034,3035,6322,8827,32,0,0,0,0
snapshot,idle,32,8192,57,1818255,1844,2635,6191,9158,32,0,0,0,0
snapshot,idle,32,8192,58,1821300,1834,2515,5791,9859,32,0,0,0,0
snapshot,idle,32,8192,59,1786075,1844,2555,5731,8115,32,0,0,0,0
snapshot,idle,32,8192,60,1824187,1824,2474,5911,8797,32,0,0,0,0
snapshot,idle,32,8192,61,1823896,1974,2775,6212,8706,32,0,0,0,0
snapshot,idle,32,8192,62,1824346,1944,2525,5670,9548,32,0,0,0,0
snapshot,idle,32,8192,63,1821942,2003,2895,7344,11301,32,0,0,0,0
snapshot,idle,32,8192,64,1825879,2114,2726,5781,9538,32,0,0,0,0
snapshot,idle,32,8192,65,1823745,1894,2575,5681,7224,32,0,0,0,0
snapshot,idle,32,8192,66,1842270,1903,2585,6012,9598,32,0,0,0,0
snapshot,idle,32,8192,67,1852119,1933,3036,5981,8887,32,0,0,0,0
snapshot,idle,32,8192,68,1904728,1854,2584,5560,8987,32,0,0,0,0
snapshot,idle,32,8192,69,1828454,1824,2805,5901,9207,32,0,0,0,0
snapshot,idle,32,8192,70,1838834,1944,3096,5681,9938,32,0,0,0,0
snapshot,idle,32,8192,71,1820038,1963,2936,6212,9678,32,0,0,0,0
snapshot,idle,32,8192,72,1837451,1814,2655,6081,9999,32,0,0,0,0
snapshot,idle,32,8192,73,1834195,1974,2705,5971,9027,32,0,0,0,0
snapshot,idle,32,8192,74,1830377,2014,2825,6993,10429,32,0,0,0,0
snapshot,idle,32,8192,75,1825559,1883,2655,6122,9328,32,0,0,0,0
snapshot,idle,32,8192,76,2117506,1874,2575,5540,7454,32,0,0,0,0
snapshot,idle,32,8192,77,1895409,1954,2966,6732,9959,32,0,0,0,0
snapshot,idle,32,8192,78,1904467,1894,2575,6291,8576,32,0,0,0,0
snapshot,idle,32,8192,79,1859573,1944,2655,6051,8546,32,0,0,0,0
snapshot,idle,32,8192,80,1853461,1964,2495,5670,8737,32,0,0,0,0
snapshot,idle,32,8192,81,1827242,2054,2565,6652,9408,32,0,0,0,0
snapshot,idle,32,8192,82,1891131,1944,2525,5731,9828,32,0,0,0,0
snapshot,idle,32,8192,83,1932970,1884,2485,5891,9949,32,0,0,0,0
snapshot,idle,32,8192,84,1851908,1964,2746,6222,9918,32,0,0,0,0
snapshot,idle,32,8192,85,1986420,1994,2896,6493,10780,32,0,0,0,0
snapshot,idle,32,8192,86,1853642,1883,2655,6081,10589,32,0,0,0,0
snapshot,idle,32,8192,87,1814979,1893,2696,5681,7825,32,0,0,0,0
snapshot,idle,32,8192,88,1786245,1984,2785,5891,11221,32,0,0,0,0
snapshot,idle,32,8192,89,1821631,1813,2164,5350,7765,32,0,0,0,0
snapshot,idle,32,8192,90,1819397,1864,2464,5480,8817,32,0,0,0,0
snapshot,idle,32,8192,91,1833313,1963,2444,5220,7073,32,0,0,0,0
snapshot,idle,32,8192,92,2827575,1994,2805,7965,25337,32,0,0,0,0
snapshot,idle,32,8192,93,1843763,2124,2635,6402,20929,32,0,0,0,0
snapshot,idle,32,8192,94,1990538,1834,3006,5249,6822,32,0,0,0,0
snapshot,idle,32,8192,95,1884549,1874,3036,5199,7143,32,0,0,0,0
snapshot,idle,32,8192,96,1820990,1804,2224,4679,6472,32,0,0,0,0
snapshot,idle,32,8192,97,1855074,1813,3096,5390,7103,32,0,0,0,0
snapshot,idle,32,8192,98,1936005,1784,2214,4829,6361,32,0,0,0,0
snapshot,idle,32,8192,99,1823645,1864,2244,5019,7123,32,0,0,0,0
snapshot,idle,128,8192,0,7748060,2004,3407,6472,9849,128,0,0,0,0
snapshot,idle,128,8192,1,7897960,2234,3176,6382,10359,128,0,0,0,0
snapshot,idle,128,8192,2,7094917,2064,2956,6563,9448,128,0,0,0,0
snapshot,idle,128,8192,3,7567491,2264,4509,9107,74639,128,0,0,0,0
snapshot,idle,128,8192,4,7066774,1934,3246,6141,10179,128,0,0,0,0
snapshot,idle,128,8192,5,7222796,1983,7013,6312,12443,128,0,0,0,0
snapshot,idle,128,8192,6,7049101,1914,3156,5951,12674,128,0,0,0,0
snapshot,idle,128,8192,7,7120564,1834,3005,6162,10059,128,0,0,0,0
snapshot,idle,128,8192,8,7216585,1683,2996,5360,8906,128,0,0,0,0
snapshot,idle,128,8192,9,7050664,1964,3186,5881,8757,128,0,0,0,0
snapshot,idle,128,8192,10,7000439,1904,3156,5621,8496,128,0,0,0,0
snapshot,idle,128,8192,11,7312434,1984,8546,6081,9297,128,0,0,0,0
snapshot,idle,128,8192,12,7215563,2064,6863,6772,10369,128,0,0,0,0
snapshot,idle,128,8192,13,7170368,2104,3547,6121,9006,128,0,0,0,0
snapshot,idle,128,8192,14,7303848,2424,20388,9348,205494,128,0,0,0,0
snapshot,idle,128,8192,15,7284532,2024,3687,6412,10379,128,0,0,0,0
snapshot,idle,128,8192,16,7448729,1894,2835,6051,8767,128,0,0,0,0
snapshot,idle,128,8192,17,7388557,1843,2865,5831,9297,128,0,0,0,0
snapshot,idle,128,8192,18,7451054,1854,2735,5691,8045,128,0,0,0,0
snapshot,idle,128,8192,19,7549989,1823,2866,6132,10609,128,0,0,0,0
snapshot,idle,128,8192,20,6907505,1833,2896,5651,7745,128,0,0,0,0
snapshot,idle,128,8192,21,7728914,1873,3256,5461,8856,128,0,0,0,0
snapshot,idle,128,8192,22,7778166,1894,3176,5731,9117,128,0,0,0,0
snapshot,idle,128,8192,23,7595695,1924,3787,5761,9137,128,0,0,0,0
snapshot,idle,128,8192,24,8014399,2204,2655,7324,15630,128,0,0,0,0
snapshot,idle,128,8192,25,7830735,1804,2755,5780,9288,128,0,0,0,0
snapshot,idle,128,8192,26,7539499,1844,3176,5410,8697,128,0,0,0,0
snapshot,idle,128,8192,27,7695301,2114,5290,7304,16290,128,0,0,0,0
snapshot,idle,128,8192,28,7223958,1944,3155,5530,8947,128,0,0,0,0
snapshot,idle,128,8192,29,7423793,1974,3306,5480,10260,128,0,0,0,0
snapshot,idle,128,8192,30,7365002,1874,2815,5511,8055,128,0,0,0,0
snapshot,idle,128,8192,31,7519692,1843,3106,5320,9408,128,0,0,0,0
snapshot,idle,128,8192,32,6897727,1854,3286,5590,8135,128,0,0,0,0
snapshot,idle,128,8192,33,6783794,1954,6542,5721,13305,128,0,0,0,0
snapshot,idle,128,8192,34,6850769,1963,9317,5751,14297,128,0,0,0,0
snapshot,idle,128,8192,35,6759258,1804,3557,5620,8837,128,0,0,0,0
snapshot,idle,128,8192,36,6805855,2054,5530,5581,7995,128,0,0,0,0
snapshot,idle,128,8192,37,6776120,1813,2925,5561,9578,128,0,0,0,0
snapshot,idle,128,8192,38,6783815,1894,2956,5431,9007,128,0,0,0,0
snapshot,idle,128,8192,39,7629518,1944,5050,6261,17864,128,0,0,0,0
snapshot,idle,128,8192,40,7568574,1813,2665,5410,9548,128,0,0,0,0
snapshot,idle,128,8192,41,7896458,2034,2855,5771,12514,128,0,0,0,0
snapshot,idle,128,8192,42,7653773,1923,2845,5891,8406,128,0,0,0,0
snapshot,idle,128,8192,43,7437809,1933,2815,5490,9438,128,0,0,0,0
snapshot,idle,128,8192,44,7343813,1904,2976,5491,7985,128,0,0,0,0
snapshot,idle,128,8192,45,7515144,2314,5501,6282,9377,128,0,0,0,0
snapshot,idle,128,8192,46,7637563,1894,3156,5661,9387,128,0,0,0,0
snapshot,idle,128,8192,47,7091630,1833,2985,5520,9848,128,0,0,0,0
snapshot,idle,128,8192,48,6859305,2114,3486,6011,10169,128,0,0,0,0
snapshot,idle,128,8192,49,6766762,2054,3757,5781,10049,128,0,0,0,0
snapshot,idle,128,8192,50,6869584,1824,2995,5511,11432,128,0,0,0,0
snapshot,idle,128,8192,51,6774817,1893,3547,5620,8937,128,0,0,0,0
snapshot,idle,128,8192,52,6808210,2034,3667,5891,8767,128,0,0,0,0
snapshot,idle,128,8192,53,6790737,1793,3246,5400,7524,128,0,0,0,0
snapshot,idle,128,8192,54,6780899,1933,3637,5370,9347,128,0,0,0,0
snapshot,idle,128,8192,55,6781249,1813,3967,5390,8085,128,0,0,0,0
snapshot,idle,128,8192,56,6829339,1803,4999,5500,9228,128,0,0,0,0
snapshot,idle,128,8192,57,6814471,1784,2865,5270,8877,128,0,0,0,0
snapshot,idle,128,8192,58,6810364,2003,3717,5790,9178,128,0,0,0,0
snapshot,idle,128,8192,59,6784305,1753,2575,5059,7644,128,0,0,0,0
snapshot,idle,128,8192,60,6768305,1773,2545,5070,9237,128,0,0,0,0
snapshot,idle,128,8192,61,6784044,1943,3246,5541,9338,128,0,0,0,0
snapshot,idle,128,8192,62,6704575,1743,2485,5220,8045,128,0,0,0,0
snapshot,idle,128,8192,63,6658379,1753,3407,5120,9868,128,0,0,0,0
snapshot,idle,128,8192,64,6746885,1834,3025,5260,9488,128,0,0,0,0
snapshot,idle,128,8192,65,6829479,1843,2665,5640,8867,128,0,0,0,0
snapshot,idle,128,8192,66,6744450,1813,2615,5270,8626,128,0,0,0,0
snapshot,idle,128,8192,67,6756432,1863,3056,5450,9849,128,0,0,0,0
snapshot,idle,128,8192,68,6683126,1734,3125,5260,8235,128,0,0,0,0
snapshot,idle,128,8192,69,6678767,1714,2505,5189,9067,128,0,0,0,0
snapshot,idle,128,8192,70,6705528,1824,4318,5441,10379,128,0,0,0,0
snapshot,idle,128,8192,71,6669140,1793,2755,5130,8206,128,0,0,0,0
snapshot,idle,128,8192,72,6651076,1773,2625,5020,8807,128,0,0,0,0
snapshot,idle,128,8192,73,6991583,1843,3616,5230,9097,128,0,0,0,0
snapshot,idle,128,8192,74,6861279,1793,3105,5049,8306,128,0,0,0,0
snapshot,idle,128,8192,75,6824621,1783,2755,5079,7905,128,0,0,0,0
snapshot,idle,128,8192,76,6921562,1724,2645,5210,10049,128,0,0,0,0
snapshot,idle,128,8192,77,6817978,1794,8687,5240,9187,128,0,0,0,0
snapshot,idle,128,8192,78,6819841,1894,2856,5461,10049,128,0,0,0,0
snapshot,idle,128,8192,79,6903238,1833,3396,5159,9899,128,0,0,0,0
snapshot,idle,128,8192,80,6843736,1743,2575,4889,7344,128,0,0,0,0
snapshot,idle,128,8192,81,7033993,2034,10230,6172,17182,128,0,0,0,0
snapshot,idle,128,8192,82,8386926,2204,3777,7073,27070,128,0,0,0,0
snapshot,idle,128,8192,83,7638755,2144,3397,6702,15018,128,0,0,0,0
snapshot,idle,128,8192,84,8921037,2155,10921,6573,22412,128,0,0,0,0
snapshot,idle,128,8192,85,7902199,2023,3166,6182,9949,128,0,0,0,0
snapshot,idle,128,8192,86,7122789,1873,2905,5581,9398,128,0,0,0,0
snapshot,idle,128,8192,87,6981284,1573,2665,5059,8185,128,0,0,0,0
snapshot,idle,128,8192,88,7043490,1793,2394,5010,7915,128,0,0,0,0
snapshot,idle,128,8192,89,7046516,1764,2735,5050,6783,128,0,0,0,0
snapshot,idle,128,8192,90,7051956,1773,3867,5030,7494,128,0,0,0,0
snapshot,idle,128,8192,91,7057186,1734,2484,5000,7043,128,0,0,0,0
snapshot,idle,128,8192,92,7042840,1753,2505,5180,8105,128,0,0,0,0
snapshot,idle,128,8192,93,7046285,1754,2745,5009,12022,128,0,0,0,0
snapshot,idle,128,8192,94,7004477,1744,2575,5070,8215,128,0,0,0,0
snapshot,idle,128,8192,95,6968480,1974,3627,5441,8777,128,0,0,0,0
snapshot,idle,128,8192,96,6954824,1784,2244,5069,7073,128,0,0,0,0
snapshot,idle,128,8192,97,6985422,1844,3637,5180,9097,128,0,0,0,0
snapshot,idle,128,8192,98,6947570,1733,3577,4919,8246,128,0,0,0,0
snapshot,idle,128,8192,99,6778234,1754,2204,5219,7644,128,0,0,0,0
snapshot,spin,4,8192,0,287238,1122,1162,1803,1943,4,0,0,0,0
snapshot,spin,4,8192,1,272881,1162,1162,1904,2014,4,0,0,0,0
snapshot,spin,4,8192,2,236693,1122,1132,1793,1933,4,0,0,0,0
snapshot,spin,4,8192,3,223318,1163,2275,1723,1923,4,0,0,0,0
snapshot,spin,4,8192,4,218129,1132,1152,1633,1763,4,0,0,0,0
snapshot,spin,4,8192,5,216906,1162,1163,1653,1823,4,0,0,0,0
snapshot,spin,4,8192,6,234529,1172,1172,1844,1914,4,0,0,0,0
snapshot,spin,4,8192,7,251461,1153,1162,1713,1763,4,0,0,0,0
snapshot,spin,4,8192,8,281046,1152,1172,1823,1864,4,0,0,0,0
snapshot,spin,4,8192,9,275596,1122,1162,1903,2014,4,0,0,0,0
snapshot,spin,4,8192,10,260899,1162,1162,1873,1873,4,0,0,0,0
snapshot,spin,4,8192,11,278191,1122,1132,1894,2004,4,0,0,0,0
snapshot,spin,4,8192,12,273593,1152,1162,1914,1984,4,0,0,0,0
snapshot,spin,4,8192,13,283982,1182,1183,2064,2285,4,0,0,0,0
snapshot,spin,4,8192,14,272220,1132,1173,1983,2225,4,0,0,0,0
snapshot,spin,4,8192,15,274554,1172,1192,1994,2154,4,0,0,0,0
snapshot,spin,4,8192,16,274865,1162,1162,1954,2013,4,0,0,0,0
snapshot,spin,4,8192,17,282458,1172,1173,1984,2034,4,0,0,0,0
snapshot,spin,4,8192,18,275867,1122,1122,1914,1924,4,0,0,0,0
snapshot,spin,4,8192,19,275375,1132,1163,1883,1994,4,0,0,0,0
snapshot,spin,4,8192,20,335539,1173,1392,3086,3477,4,0,0,0,0
snapshot,spin,4,8192,21,254587,1984,2114,3035,3096,4,0,0,0,0
snapshot,spin,4,8192,22,228898,1923,1953,2294,2335,4,0,0,0,0
snapshot,spin,4,8192,23,301875,1723,1784,2484,2485,4,0,0,0,0
snapshot,spin,4,8192,24,260247,1824,2054,3316,3637,4,0,0,0,0
snapshot,spin,4,8192,25,274413,1793,1813,2375,2445,4,0,0,0,0
snapshot,spin,4,8192,26,250750,1823,2004,2896,3096,4,0,0,0,0
snapshot,spin,4,8192,27,293490,1804,1823,2926,3096,4,0,0,0,0
snapshot,spin,4,8192,28,242424,1173,1183,1983,2094,4,0,0,0,0
snapshot,spin,4,8192,29,220323,1122,1132,1693,1753,4,0,0,0,0
snapshot,spin,4,8192,30,218119,1122,1132,1653,1673,4,0,0,0,0
snapshot,spin,4,8192,31,203781,1123,1172,1613,1703,4,0,0,0,0
snapshot,spin,4,8192,32,232446,1163,1182,1733,1744,4,0,0,0,0
snapshot,spin,4,8192,33,217147,1133,1162,1653,1693,4,0,0,0,0
snapshot,spin,4,8192,34,218479,1132,1172,1623,1693,4,0,0,0,0
snapshot,spin,4,8192,35,220653,1132,1172,1603,1693,4,0,0,0,0
snapshot,spin,4,8192,36,218329,1182,1904,2003,2595,4,0,0,0,0
snapshot,spin,4,8192,37,226414,1172,1173,1694,1733,4,0,0,0,0
snapshot,spin,4,8192,38,216445,1132,1172,1684,1743,4,0,0,0,0
snapshot,spin,4,8192,39,215434,1132,1172,1673,1693,4,0,0,0,0
snapshot,spin,4,8192,40,217567,1122,1162,1643,1673,4,0,0,0,0
snapshot,spin,4,8192,41,220022,1163,1172,1703,1704,4,0,0,0,0
snapshot,spin,4,8192,42,220784,1132,1132,1613,1643,4,0,0,0,0
snapshot,spin,4,8192,43,215874,1132,1152,1683,1703,4,0,0,0,0
snapshot,spin,4,8192,44,214753,1122,1123,1613,1623,4,0,0,0,0
snapshot,spin,4,8192,45,217206,1142,1163,1603,1663,4,0,0,0,0
snapshot,spin,4,8192,46,215413,1172,1173,1713,1743,4,0,0,0,0
snapshot,spin,4,8192,47,225091,1142,1143,1603,1623,4,0,0,0,0
snapshot,spin,4,8192,48,217137,1132,1143,1613,1623,4,0,0,0,0
snapshot,spin,4,8192,49,227727,1132,1132,1633,1823,4,0,0,0,0
snapshot,spin,4,8192,50,238136,1162,1172,1723,1844,4,0,0,0,0
snapshot,spin,4,8192,51,309800,1122,1132,1724,1823,4,0,0,0,0
snapshot,spin,4,8192,52,231894,1122,1152,1934,1964,4,0,0,0,0
snapshot,spin,4,8192,53,227937,1122,1122,1763,1813,4,0,0,0,0
snapshot,spin,4,8192,54,242614,1172,1172,1683,1794,4,0,0,0,0
snapshot,spin,4,8192,55,219481,1142,1143,1623,1793,4,0,0,0,0
snapshot,spin,4,8192,56,221776,1122,1122,1583,1623,4,0,0,0,0
snapshot,spin,4,8192,57,223909,1132,1162,1593,1733,4,0,0,0,0
snapshot,spin,4,8192,58,220783,1172,1223,1953,2805,4,0,0,0,0
snapshot,spin,4,8192,59,215663,1132,1143,1603,1763,4,0,0,0,0
snapshot,spin,4,8192,60,215774,1122,1123,1663,1764,4,0,0,0,0
snapshot,spin,4,8192,61,213319,1122,1122,1573,1603,4,0,0,0,0
snapshot,spin,4,8192,62,227055,1132,1162,1563,1593,4,0,0,0,0
snapshot,spin,4,8192,63,217207,1172,1172,1763,1933,4,0,0,0,0
snapshot,spin,4,8192,64,215534,1132,1132,1613,1663,4,0,0,0,0
snapshot,spin,4,8192,65,215023,1122,1133,1603,1613,4,0,0,0,0
snapshot,spin,4,8192,66,216575,1132,1132,1573,1613,4,0,0,0,0
snapshot,spin,4,8192,67,215804,1122,1162,1654,1673,4,0,0,0,0
snapshot,spin,4,8192,68,219270,1162,1163,1703,1753,4,0,0,0,0
snapshot,spin,4,8192,69,216736,1122,1122,1583,1643,4,0,0,0,0
snapshot,spin,4,8192,70,214753,1122,1132,1573,1613,4,0,0,0,0
snapshot,spin,4,8192,71,218308,1112,1122,1563,1643,4,0,0,0,0
snapshot,spin,4,8192,72,217197,1162,1162,1703,1713,4,0,0,0,0
snapshot,spin,4,8192,73,211586,1122,1132,1593,1643,4,0,0,0,0
snapshot,spin,4,8192,74,218359,1122,1122,1563,1623,4,0,0,0,0
snapshot,spin,4,8192,75,218339,1122,1132,1723,1733,4,0,0,0,0
snapshot,spin,4,8192,76,193793,1122,1132,1583,1593,4,0,0,0,0
snapshot,spin,4,8192,77,217648,1162,1182,1673,2255,4,0,0,0,0
snapshot,spin,4,8192,78,215694,1132,1132,1633,1694,4,0,0,0,0
snapshot,spin,4,8192,79,216936,1112,1132,1723,1753,4,0,0,0,0
snapshot,spin,4,8192,80,216135,1122,1122,1583,1613,4,0,0,0,0
snapshot,spin,4,8192,81,213119,1122,1122,1573,1623,4,0,0,0,0
snapshot,spin,4,8192,82,216445,1162,1173,1643,1713,4,0,0,0,0
snapshot,spin,4,8192,83,216456,1122,1132,1724,1873,4,0,0,0,0
snapshot,spin,4,8192,84,218980,1123,1183,1793,1993,4,0,0,0,0
snapshot,spin,4,8192,85,225152,1172,1172,1724,1773,4,0,0,0,0
snapshot,spin,4,8192,86,214191,1162,1163,1713,1853,4,0,0,0,0
snapshot,spin,4,8192,87,216516,1142,1142,1633,1743,4,0,0,0,0
snapshot,spin,4,8192,88,216235,1132,1162,1653,1703,4,0,0,0,0
snapshot,spin,4,8192,89,213249,1122,1122,1854,1934,4,0,0,0,0
snapshot,spin,4,8192,90,176010,1122,1122,1613,1614,4,0,0,0,0
snapshot,spin,4,8192,91,219391,1163,1172,1733,1893,4,0,0,0,0
snapshot,spin,4,8192,92,219030,1122,1123,1593,1874,4,0,0,0,0
snapshot,spin,4,8192,93,216145,1153,1924,1963,2043,4,0,0,0,0
snapshot,spin,4,8192,94,220863,1123,1162,1653,1783,4,0,0,0,0
snapshot,spin,4,8192,95,221535,1202,1874,2394,3085,4,0,0,0,0
snapshot,spin,4,8192,96,227957,1162,1162,1713,1753,4,0,0,0,0
snapshot,spin,4,8192,97,221645,1132,1162,1703,2004,4,0,0,0,0
snapshot,spin,4,8192,98,364363,1162,1172,1944,2054,4,0,0,0,0
snapshot,spin,4,8192,99,297798,1162,1182,2184,2235,4,0,0,0,0
snapshot,spin,32,8192,0,5016294,2244,2605,2695,8726,32,0,0,0,0
snapshot,spin,32,8192,1,1959930,2314,4238,2745,9708,32,0,0,0,0
snapshot,spin,32,8192,2,1518704,2264,2475,2715,8456,32,0,0,0,0
snapshot,spin,32,8192,3,4479629,2234,2495,2645,8826,32,0,0,0,0
snapshot,spin,32,8192,4,1529003,2204,2675,2655,8696,32,0,0,0,0
snapshot,spin,32,8192,5,4467045,2214,2655,2685,8516,32,0,0,0,0
snapshot,spin,32,8192,6,4500117,2314,3016,2675,596638,32,0,0,0,0
snapshot,spin,32,8192,7,18604701,2264,2785,2725,227406,32,0,0,0,0
snapshot,spin,32,8192,8,2703974,2374,4258,3006,17553,32,0,0,0,0
snapshot,spin,32,8192,9,5221548,2295,2686,2855,17392,32,0,0,0,0
snapshot,spin,32,8192,10,1888055,2284,2885,2785,17032,32,0,0,0,0
snapshot,spin,32,8192,11,4213972,2294,2675,2775,417883,32,0,0,0,0
snapshot,spin,32,8192,12,4891440,2284,4348,2855,17303,32,0,0,0,0
snapshot,spin,32,8192,13,2079715,2334,3146,2905,41217,32,0,0,0,0
snapshot,spin,32,8192,14,4700092,2374,4068,2785,96772,32,0,0,0,0
snapshot,spin,32,8192,15,2266885,2315,2605,2795,16892,32,0,0,0,0
snapshot,spin,32,8192,16,2101526,2325,2554,2775,27201,32,0,0,0,0
snapshot,spin,32,8192,17,2776770,2284,2665,2745,60213,32,0,0,0,0
snapshot,spin,32,8192,18,3040524,2285,2545,2765,16772,32,0,0,0,0
snapshot,spin,32,8192,19,4041989,2254,2896,2816,16501,32,0,0,0,0
snapshot,spin,32,8192,20,2987735,2264,2555,2795,16280,32,0,0,0,0
snapshot,spin,32,8192,21,2962729,2294,2594,2846,17403,32,0,0,0,0
snapshot,spin,32,8192,22,5048184,2284,2735,2915,521497,32,0,0,0,0
snapshot,spin,32,8192,23,1619052,2284,2645,2845,16771,32,0,0,0,0
snapshot,spin,32,8192,24,4311695,2345,2926,2795,37330,32,0,0,0,0
snapshot,spin,32,8192,25,3221963,2304,2585,2715,553717,32,0,0,0,0
snapshot,spin,32,8192,26,2762724,2304,4208,2835,29235,32,0,0,0,0
snapshot,spin,32,8192,27,5000845,2275,2745,2835,16922,32,0,0,0,0
snapshot,spin,32,8192,28,1872095,2295,2515,2815,16651,32,0,0,0,0
snapshot,spin,32,8192,29,4855513,2235,2545,2815,16951,32,0,0,0,0
snapshot,spin,32,8192,30,2522624,2284,2635,2846,17824,32,0,0,0,0
snapshot,spin,32,8192,31,3730487,2324,2685,2855,43161,32,0,0,0,0
snapshot,spin,32,8192,32,4381716,2304,2745,2855,16381,32,0,0,0,0
snapshot,spin,32,8192,33,2516452,2314,2695,2885,101460,32,0,0,0,0
snapshot,spin,32,8192,34,2197826,2285,2765,2816,17062,32,0,0,0,0
snapshot,spin,32,8192,35,4044504,2315,2755,2795,584955,32,0,0,0,0
snapshot,spin,32,8192,36,3818341,2295,2815,3196,805008,32,0,0,0,0
snapshot,spin,32,8192,37,2848074,2305,2655,2875,212307,32,0,0,0,0
snapshot,spin,32,8192,38,3682637,2314,2555,2775,573243,32,0,0,0,0
snapshot,spin,32,8192,39,4487594,2335,4028,3006,90038,32,0,0,0,0
snapshot,spin,32,8192,40,2508167,2314,2905,2785,16811,32,0,0,0,0
snapshot,spin,32,8192,41,6792981,2314,4769,2785,42539,32,0,0,0,0
snapshot,spin,32,8192,42,1745810,2284,2715,2685,15760,32,0,0,0,0
snapshot,spin,32,8192,43,2035462,2294,2695,2715,14787,32,0,0,0,0
snapshot,spin,32,8192,44,2283957,2374,2555,2826,442409,32,0,0,0,0
snapshot,spin,32,8192,45,2581334,2285,2675,2585,150843,32,0,0,0,0
snapshot,spin,32,8192,46,4978243,2234,2725,2695,44363,32,0,0,0,0
snapshot,spin,32,8192,47,1974177,2314,2635,2675,53440,32,0,0,0,0
snapshot,spin,32,8192,48,2126052,2204,2665,2675,43782,32,0,0,0,0
snapshot,spin,32,8192,49,3887130,2254,2695,2685,43772,32,0,0,0,0
snapshot,spin,32,8192,50,3612275,2305,2826,2695,612778,32,0,0,0,0
snapshot,spin,32,8192,51,4547867,2214,2535,2725,608740,32,0,0,0,0
snapshot,spin,32,8192,52,3351316,2324,2825,2665,1271621,32,0,0,0,0
snapshot,spin,32,8192,53,4555742,2254,2695,2695,147286,32,0,0,0,0
snapshot,spin,32,8192,54,2534376,2344,2655,2845,47990,32,0,0,0,0
snapshot,spin,32,8192,55,3416077,2274,2635,2795,47138,32,0,0,0,0
snapshot,spin,32,8192,56,5020782,2284,2565,2805,47960,32,0,0,0,0
snapshot,spin,32,8192,57,4084859,2314,2815,2746,512019,32,0,0,0,0
snapshot,spin,32,8192,58,5562697,2324,2745,2805,47990,32,0,0,0,0
snapshot,spin,32,8192,59,2123056,2334,2966,2776,48741,32,0,0,0,0
snapshot,spin,32,8192,60,2094052,2285,2765,2735,47800,32,0,0,0,0
snapshot,spin,32,8192,61,2926721,2284,2584,2675,45997,32,0,0,0,0
snapshot,spin,32,8192,62,3148857,2295,2645,2775,47529,32,0,0,0,0
snapshot,spin,32,8192,63,4021862,2274,2635,2785,47469,32,0,0,0,0
snapshot,spin,32,8192,64,4825447,2305,2645,2785,48500,32,0,0,0,0
snapshot,spin,32,8192,65,2217232,2294,2906,2845,49212,32,0,0,0,0
snapshot,spin,32,8192,66,2080497,2335,2665,2775,46557,32,0,0,0,0
snapshot,spin,32,8192,67,3806218,2314,2655,2775,54151,32,0,0,0,0
snapshot,spin,32,8192,68,5031252,2304,2705,2745,46487,32,0,0,0,0
snapshot,spin,32,8192,69,1807926,2294,2564,2816,48030,32,0,0,0,0
snapshot,spin,32,8192,70,5027255,2294,2554,2806,48832,32,0,0,0,0
snapshot,spin,32,8192,71,2193759,2304,2795,2735,47979,32,0,0,0,0
snapshot,spin,32,8192,72,2419611,2314,2595,2835,48260,32,0,0,0,0
snapshot,spin,32,8192,73,3534188,2314,4248,2785,648625,32,0,0,0,0
snapshot,spin,32,8192,74,4993221,2324,2535,2836,50043,32,0,0,0,0
snapshot,spin,32,8192,75,2111113,2334,2845,2725,46988,32,0,0,0,0
snapshot,spin,32,8192,76,2997895,2285,2615,2755,47669,32,0,0,0,0
snapshot,spin,32,8192,77,2881767,2314,2685,2755,47108,32,0,0,0,0
snapshot,spin,32,8192,78,4996467,2314,2555,2756,46867,32,0,0,0,0
snapshot,spin,32,8192,79,7116587,2405,2745,2935,4563516,32,0,0,0,0
snapshot,spin,32,8192,80,1976121,2304,2765,2775,46628,32,0,0,0,0
snapshot,spin,32,8192,81,3130683,2295,2634,2705,45314,32,0,0,0,0
snapshot,spin,32,8192,82,2751052,2315,2575,2856,49242,32,0,0,0,0
snapshot,spin,32,8192,83,5010603,2314,3096,2846,47700,32,0,0,0,0
snapshot,spin,32,8192,84,2102677,2284,2685,2845,48531,32,0,0,0,0
snapshot,spin,32,8192,85,3891978,2314,2575,2785,47418,32,0,0,0,0
snapshot,spin,32,8192,86,2105122,2324,2786,2835,49032,32,0,0,0,0
snapshot,spin,32,8192,87,3884816,2284,2595,2756,46637,32,0,0,0,0
snapshot,spin,32,8192,88,5001426,2304,2595,2735,46697,32,0,0,0,0
snapshot,spin,32,8192,89,4108224,2364,2895,2885,1025540,32,0,0,0,0
snapshot,spin,32,8192,90,2939986,2284,2615,2785,46807,32,0,0,0,0
snapshot,spin,32,8192,91,3883643,2255,2665,2595,41858,32,0,0,0,0
snapshot,spin,32,8192,92,4503354,2284,2755,2695,43031,32,0,0,0,0
snapshot,spin,32,8192,93,3609239,2274,2745,2645,43581,32,0,0,0,0
snapshot,spin,32,8192,94,2995199,2305,2505,2685,44393,32,0,0,0,0
snapshot,spin,32,8192,95,3427388,2204,2796,2826,43662,32,0,0,0,0
snapshot,spin,32,8192,96,2567298,2294,4358,2715,57027,32,0,0,0,0
snapshot,spin,32,8192,97,4886471,2255,2745,2745,44343,32,0,0,0,0
snapshot,spin,32,8192,98,3023112,2285,2705,2755,44263,32,0,0,0,0
snapshot,spin,32,8192,99,3077753,2304,2765,2745,44273,32,0,0,0,0
snapshot,spin,128,8192,0,35498949,2385,3206,2878491,16769344,128,0,0,0,0
snapshot,spin,128,8192,1,32184923,2384,3606,3228726,15276829,128,0,0,0,0
snapshot,spin,128,8192,2,38843472,2234,4518,3037859,15090400,128,0,0,0,0
snapshot,spin,128,8192,3,35143564,2324,2835,2531520,17377123,128,0,0,0,0
snapshot,spin,128,8192,4,42916991,2385,3085,2868763,23953568,128,0,0,0,0
snapshot,spin,128,8192,5,41075662,2395,3066,3085739,24213425,128,0,0,0,0
snapshot,spin,128,8192,6,93871614,2395,3085,3978301,27544082,128,0,0,0,0
snapshot,spin,128,8192,7,46616950,2374,3286,3203048,26149270,128,0,0,0,0
snapshot,spin,128,8192,8,62362958,2455,4318,3469948,24504229,128,0,0,0,0
snapshot,spin,128,8192,9,63878306,2375,4488,3185876,21164164,128,0,0,0,0
snapshot,spin,128,8192,10,50933414,2384,4569,3307875,23286429,128,0,0,0,0
snapshot,spin,128,8192,11,49087296,2234,3526,3366124,23283653,128,0,0,0,0
snapshot,spin,128,8192,12,47948223,2234,3066,3236772,19199234,128,0,0,0,0
snapshot,spin,128,8192,13,49060146,2304,3537,3222475,18325810,128,0,0,0,0
snapshot,spin,128,8192,14,51063136,2254,3176,3231422,19202431,128,0,0,0,0
snapshot,spin,128,8192,15,41940984,2204,3156,3818081,19093497,128,0,0,0,0
snapshot,spin,128,8192,16,38846639,2214,3106,3214640,19259318,128,0,0,0,0
snapshot,spin,128,8192,17,41550853,2264,3436,3398213,18333403,128,0,0,0,0
snapshot,spin,128,8192,18,94503027,2505,4358,3672537,28751433,128,0,0,0,0
snapshot,spin,128,8192,19,40157403,2515,3416,3944968,21186036,128,0,0,0,0
snapshot,spin,128,8192,20,50854296,2315,4389,3133007,20983255,128,0,0,0,0
snapshot,spin,128,8192,21,51982829,2274,3015,3781492,18456183,128,0,0,0,0
snapshot,spin,128,8192,22,68116232,2535,3066,3639546,20117554,128,0,0,0,0
snapshot,spin,128,8192,23,69870457,2574,3086,2326887,18023613,128,0,0,0,0
snapshot,spin,128,8192,24,50959072,2315,3537,3113882,24102216,128,0,0,0,0
snapshot,spin,128,8192,25,43084394,2205,2946,2892988,17244895,128,0,0,0,0
snapshot,spin,128,8192,26,35809380,2234,4468,3156331,15018895,128,0,0,0,0
snapshot,spin,128,8192,27,36008353,2214,3326,3348350,16275399,128,0,0,0,0
snapshot,spin,128,8192,28,35021775,2204,2895,4197181,15323196,128,0,0,0,0
snapshot,spin,128,8192,29,40050894,2214,2905,3225260,16229744,128,0,0,0,0
snapshot,spin,128,8192,30,41950141,2194,2755,3230540,15126748,128,0,0,0,0
snapshot,spin,128,8192,31,37057909,2204,4398,4132449,15182533,128,0,0,0,0
snapshot,spin,128,8192,32,27926579,2204,2936,3143888,17114340,128,0,0,0,0
snapshot,spin,128,8192,33,34009790,2224,4448,3608568,18240800,128,0,0,0,0
snapshot,spin,128,8192,34,37024477,2234,3106,3173383,17169023,128,0,0,0,0
snapshot,spin,128,8192,35,36940549,2224,3146,3099886,15127179,128,0,0,0,0
snapshot,spin,128,8192,36,30326352,2204,4078,3212867,16126781,128,0,0,0,0
snapshot,spin,128,8192,37,30703699,2214,3115,3860489,16891683,128,0,0,0,0
snapshot,spin,128,8192,38,36030044,2214,4228,3111597,19161083,128,0,0,0,0
snapshot,spin,128,8192,39,33876501,2214,3136,3072764,17167840,128,0,0,0,0
snapshot,spin,128,8192,40,33065021,2205,2985,3271476,16425190,128,0,0,0,0
snapshot,spin,128,8192,41,45062880,2365,3176,3237082,21074587,128,0,0,0,0
snapshot,spin,128,8192,42,53017647,2605,3276,3092221,22050644,128,0,0,0,0
snapshot,spin,128,8192,43,45882785,2484,3106,3035615,20584649,128,0,0,0,0
snapshot,spin,128,8192,44,75101954,2234,4478,3758028,51184644,128,0,0,0,0
snapshot,spin,128,8192,45,59837479,2685,3667,4021311,32037056,128,0,0,0,0
snapshot,spin,128,8192,46,54929718,2545,4639,2609858,24072441,128,0,0,0,0
snapshot,spin,128,8192,47,39931961,2545,3076,3111166,24133866,128,0,0,0,0
snapshot,spin,128,8192,48,39595831,2424,3086,2211301,28177017,128,0,0,0,0
snapshot,spin,128,8192,49,38489620,2314,2946,2581584,23656001,128,0,0,0,0
snapshot,spin,128,8192,50,34405161,2214,3146,2363967,20078742,128,0,0,0,0
snapshot,spin,128,8192,51,34575259,2224,2845,3691413,20687652,128,0,0,0,0
snapshot,spin,128,8192,52,38463671,2225,3176,2168110,22128100,128,0,0,0,0
snapshot,spin,128,8192,53,59373479,2214,3056,2983518,24697621,128,0,0,0,0
snapshot,spin,128,8192,54,30628839,2225,3106,3224068,20226619,128,0,0,0,0
snapshot,spin,128,8192,55,34378761,2244,2985,3287596,20556175,128,0,0,0,0
snapshot,spin,128,8192,56,64927721,2264,2975,3174746,27161125,128,0,0,0,0
snapshot,spin,128,8192,57,48483656,2394,2885,3230910,26257763,128,0,0,0,0
snapshot,spin,128,8192,58,38570271,2314,2945,4720520,23749285,128,0,0,0,0
snapshot,spin,128,8192,59,33252933,2224,2756,5074473,21156520,128,0,0,0,0
snapshot,spin,128,8192,60,32860939,2224,2995,3996925,23911539,128,0,0,0,0
snapshot,spin,128,8192,61,35798230,2214,2916,3607536,22061184,128,0,0,0,0
snapshot,spin,128,8192,62,37937687,2234,2955,3308055,22929401,128,0,0,0,0
snapshot,spin,128,8192,63,40115094,2265,2985,4092574,22225462,128,0,0,0,0
snapshot,spin,128,8192,64,42944583,2204,2775,3202999,22146854,128,0,0,0,0
snapshot,spin,128,8192,65,44266749,2234,3697,3249887,20436602,128,0,0,0,0
snapshot,spin,128,8192,66,37606386,2214,3487,4836718,23900419,128,0,0,0,0
snapshot,spin,128,8192,67,44469238,2214,3136,3378988,21315297,128,0,0,0,0
snapshot,spin,128,8192,68,68788251,2224,2675,3883383,23860443,128,0,0,0,0
snapshot,spin,128,8192,69,44948044,2505,3296,3917797,26338705,128,0,0,0,0
snapshot,spin,128,8192,70,70827209,2315,3567,3990313,24976744,128,0,0,0,0
snapshot,spin,128,8192,71,43007150,2244,2795,4176571,27156326,128,0,0,0,0
snapshot,spin,128,8192,72,41201208,2214,3116,4157626,25137776,128,0,0,0,0
snapshot,spin,128,8192,73,42875543,2204,3035,3050423,25946931,128,0,0,0,0
snapshot,spin,128,8192,74,43037747,2334,3025,3062164,26028073,128,0,0,0,0
snapshot,spin,128,8192,75,40918729,2405,4318,4083848,27073040,128,0,0,0,0
snapshot,spin,128,8192,76,34926206,2274,3266,4034095,23075013,128,0,0,0,0
snapshot,spin,128,8192,77,52477615,2224,3336,4143209,25116166,128,0,0,0,0
snapshot,spin,128,8192,78,42609916,2425,3286,3690942,27648517,128,0,0,0,0
snapshot,spin,128,8192,79,45892714,2284,2955,5153751,27994937,128,0,0,0,0
snapshot,spin,128,8192,80,43802238,2294,4398,4058962,25936351,128,0,0,0,0
snapshot,spin,128,8192,81,52382057,2234,3086,4298530,24266064,128,0,0,0,0
snapshot,spin,128,8192,82,41753282,2254,3176,3119031,22045926,128,0,0,0,0
snapshot,spin,128,8192,83,45748554,2214,2975,3134901,24152090,128,0,0,0,0
snapshot,spin,128,8192,84,44183583,2265,3086,3432959,25364981,128,0,0,0,0
snapshot,spin,128,8192,85,53639822,2285,3226,3426416,23273024,128,0,0,0,0
snapshot,spin,128,8192,86,48754573,2314,3226,3515583,19481824,128,0,0,0,0
snapshot,spin,128,8192,87,45164991,2224,3016,3777925,19751829,128,0,0,0,0
snapshot,spin,128,8192,88,39563551,2214,2795,3549368,19553338,128,0,0,0,0
snapshot,spin,128,8192,89,32924458,2375,3356,2916632,19993472,128,0,0,0,0
snapshot,spin,128,8192,90,43348530,2204,3356,3087351,17037096,128,0,0,0,0
snapshot,spin,128,8192,91,45492394,2355,3186,2686662,16702268,128,0,0,0,0
snapshot,spin,128,8192,92,45973284,2335,3757,3262821,24202154,128,0,0,0,0
snapshot,spin,128,8192,93,45979737,2354,4529,3193671,30292168,128,0,0,0,0
snapshot,spin,128,8192,94,48207549,2384,3046,3260666,32178851,128,0,0,0,0
snapshot,spin,128,8192,95,45788239,2415,3457,4054483,21947741,128,0,0,0,0
snapshot,spin,128,8192,96,46068854,2204,3206,3234748,24197805,128,0,0,0,0
snapshot,spin,128,8192,97,33879256,2224,2985,3368117,19118784,128,0,0,0,0
snapshot,spin,128,8192,98,29934529,2214,2906,2844297,19265579,128,0,0,0,0
snapshot,spin,128,8192,99,44179716,2214,2835,3280243,19262263,128,0,0,0,0
snapshot,alloc,4,8192,0,230081,2545,2585,2655,2675,4,0,0,0,0
snapshot,alloc,4,8192,1,225121,2555,2575,2324,2524,4,0,0,0,0
snapshot,alloc,4,8192,2,231814,2564,2675,2194,2445,4,0,0,0,0
snapshot,alloc,4,8192,3,226204,2434,2695,2234,2244,4,0,0,0,0
snapshot,alloc,4,8192,4,229590,2515,2595,2214,2445,4,0,0,0,0
snapshot,alloc,4,8192,5,227066,2474,2565,2345,2404,4,0,0,0,0
snapshot,alloc,4,8192,6,226444,2564,2595,2354,2435,4,0,0,0,0
snapshot,alloc,4,8192,7,227937,2484,2564,2394,2485,4,0,0,0,0
snapshot,alloc,4,8192,8,226464,2675,2896,2164,2384,4,0,0,0,0
snapshot,alloc,4,8192,9,227486,2525,2725,2384,2936,4,0,0,0,0
snapshot,alloc,4,8192,10,227677,2475,2705,2384,2435,4,0,0,0,0
snapshot,alloc,4,8192,11,225532,2595,2675,2194,2434,4,0,0,0,0
snapshot,alloc,4,8192,12,228639,2765,2865,2274,2384,4,0,0,0,0
snapshot,alloc,4,8192,13,226494,2535,2705,2305,2485,4,0,0,0,0
snapshot,alloc,4,8192,14,224801,2685,2695,2645,2685,4,0,0,0,0
snapshot,alloc,4,8192,15,225663,2475,2555,2224,2454,4,0,0,0,0
snapshot,alloc,4,8192,16,231704,2494,2835,2134,2385,4,0,0,0,0
snapshot,alloc,4,8192,17,226505,2525,2595,2525,2635,4,0,0,0,0
snapshot,alloc,4,8192,18,225111,2524,2595,2344,2375,4,0,0,0,0
snapshot,alloc,4,8192,19,221775,2665,2705,2124,2425,4,0,0,0,0
snapshot,alloc,4,8192,20,222447,2835,2866,2164,2174,4,0,0,0,0
snapshot,alloc,4,8192,21,191008,2394,2485,2445,2475,4,0,0,0,0
snapshot,alloc,4,8192,22,223388,2485,2514,2394,2405,4,0,0,0,0
snapshot,alloc,4,8192,23,223318,2655,2745,2234,2395,4,0,0,0,0
snapshot,alloc,4,8192,24,225342,2504,2615,2205,2675,4,0,0,0,0
snapshot,alloc,4,8192,25,228297,2634,2895,2344,2355,4,0,0,0,0
snapshot,alloc,4,8192,26,224630,2474,2584,2234,2375,4,0,0,0,0
snapshot,alloc,4,8192,27,221215,2595,2615,2194,2215,4,0,0,0,0
snapshot,alloc,4,8192,28,225161,2455,2605,2254,2274,4,0,0,0,0
snapshot,alloc,4,8192,29,223979,2475,2705,2344,2424,4,0,0,0,0
snapshot,alloc,4,8192,30,196649,2855,2926,2304,2505,4,0,0,0,0
snapshot,alloc,4,8192,31,225702,2615,2685,2284,2305,4,0,0,0,0
snapshot,alloc,4,8192,32,224831,2524,2555,2324,2565,4,0,0,0,0
snapshot,alloc,4,8192,33,225041,2675,2785,2214,2384,4,0,0,0,0
snapshot,alloc,4,8192,34,224511,2655,2815,2324,2345,4,0,0,0,0
snapshot,alloc,4,8192,35,225763,2585,2585,2234,2264,4,0,0,0,0
snapshot,alloc,4,8192,36,226394,2535,2715,2314,2595,4,0,0,0,0
snapshot,alloc,4,8192,37,227056,2625,2655,2475,2535,4,0,0,0,0
snapshot,alloc,4,8192,38,227025,2625,2675,2325,2355,4,0,0,0,0
snapshot,alloc,4,8192,39,355797,2575,2605,2154,2164,4,0,0,0,0
snapshot,alloc,4,8192,40,446997,2585,2715,2745,2876,4,0,0,0,0
snapshot,alloc,4,8192,41,343613,2525,2615,2615,2725,4,0,0,0,0
snapshot,alloc,4,8192,42,333725,2525,2805,2625,2715,4,0,0,0,0
snapshot,alloc,4,8192,43,238437,2615,2785,2565,2625,4,0,0,0,0
snapshot,alloc,4,8192,44,227016,2385,2665,2244,2264,4,0,0,0,0
snapshot,alloc,4,8192,45,224921,2405,2926,2054,2114,4,0,0,0,0
snapshot,alloc,4,8192,46,224841,2484,2485,2375,2485,4,0,0,0,0
snapshot,alloc,4,8192,47,225393,2464,2525,2255,2304,4,0,0,0,0
snapshot,alloc,4,8192,48,224700,2505,2605,2505,2595,4,0,0,0,0
snapshot,alloc,4,8192,49,220292,2665,2725,2264,2465,4,0,0,0,0
snapshot,alloc,4,8192,50,227897,2535,2555,2765,2815,4,0,0,0,0
snapshot,alloc,4,8192,51,223238,2484,2505,2435,2465,4,0,0,0,0
snapshot,alloc,4,8192,52,222456,2425,2665,2274,2294,4,0,0,0,0
snapshot,alloc,4,8192,53,225563,2695,2735,2144,2244,4,0,0,0,0
snapshot,alloc,4,8192,54,212608,2374,2625,2064,2114,4,0,0,0,0
snapshot,alloc,4,8192,55,224381,2505,2515,2204,2445,4,0,0,0,0
snapshot,alloc,4,8192,56,225151,2505,2535,2325,2494,4,0,0,0,0
snapshot,alloc,4,8192,57,222837,2625,2785,2194,2234,4,0,0,0,0
snapshot,alloc,4,8192,58,230652,2425,2645,2294,2334,4,0,0,0,0
snapshot,alloc,4,8192,59,228969,2545,2695,2475,2565,4,0,0,0,0
snapshot,alloc,4,8192,60,222186,2614,2685,2435,2465,4,0,0,0,0
snapshot,alloc,4,8192,61,224831,2605,2635,2265,2374,4,0,0,0,0
snapshot,alloc,4,8192,62,220944,2746,2755,2094,2425,4,0,0,0,0
snapshot,alloc,4,8192,63,191238,2625,2815,2305,2474,4,0,0,0,0
snapshot,alloc,4,8192,64,227146,2545,2605,2345,2645,4,0,0,0,0
snapshot,alloc,4,8192,65,224260,2495,2575,2395,2414,4,0,0,0,0
snapshot,alloc,4,8192,66,224390,2865,2875,2605,2635,4,0,0,0,0
snapshot,alloc,4,8192,67,221635,2906,2935,2094,2144,4,0,0,0,0
snapshot,alloc,4,8192,68,225112,2544,2635,2235,2515,4,0,0,0,0
snapshot,alloc,4,8192,69,224501,2675,2705,2425,2434,4,0,0,0,0
snapshot,alloc,4,8192,70,225763,2755,2845,2344,2465,4,0,0,0,0
snapshot,alloc,4,8192,71,224751,2795,2796,2254,2285,4,0,0,0,0
snapshot,alloc,4,8192,72,194404,2635,2966,2354,2545,4,0,0,0,0
snapshot,alloc,4,8192,73,220613,2525,2765,2475,2475,4,0,0,0,0
snapshot,alloc,4,8192,74,219882,2514,2685,2365,2455,4,0,0,0,0
snapshot,alloc,4,8192,75,223870,2675,2685,2244,2314,4,0,0,0,0
snapshot,alloc,4,8192,76,222677,2945,3457,2635,2645,4,0,0,0,0
snapshot,alloc,4,8192,77,225993,2575,2615,2675,3406,4,0,0,0,0
snapshot,alloc,4,8192,78,227687,2485,2595,2465,2485,4,0,0,0,0
snapshot,alloc,4,8192,79,223178,2464,2485,2375,2565,4,0,0,0,0
snapshot,alloc,4,8192,80,221926,2535,2655,2244,2304,4,0,0,0,0
snapshot,alloc,4,8192,81,213449,2885,2906,2144,2144,4,0,0,0,0
snapshot,alloc,4,8192,82,226153,2485,2555,2194,2275,4,0,0,0,0
snapshot,alloc,4,8192,83,226434,2444,2705,2264,2545,4,0,0,0,0
snapshot,alloc,4,8192,84,223328,2494,2635,2355,2374,4,0,0,0,0
snapshot,alloc,4,8192,85,225743,3286,3326,2986,3016,4,0,0,0,0
snapshot,alloc,4,8192,86,225723,2655,2765,2555,2625,4,0,0,0,0
snapshot,alloc,4,8192,87,223398,2535,2595,2625,2675,4,0,0,0,0
snapshot,alloc,4,8192,88,223739,2715,2725,2184,2395,4,0,0,0,0
snapshot,alloc,4,8192,89,227546,2605,2805,2214,2264,4,0,0,0,0
snapshot,alloc,4,8192,90,192220,2806,2935,2324,2434,4,0,0,0,0
snapshot,alloc,4,8192,91,237235,2554,2575,2565,2585,4,0,0,0,0
snapshot,alloc,4,8192,92,232495,2474,2655,2555,2765,4,0,0,0,0
snapshot,alloc,4,8192,93,233097,2806,2915,2354,2355,4,0,0,0,0
snapshot,alloc,4,8192,94,227266,2605,2875,2324,2495,4,0,0,0,0
snapshot,alloc,4,8192,95,225262,2495,2595,2505,2594,4,0,0,0,0
snapshot,alloc,4,8192,96,226163,2475,2745,2384,2425,4,0,0,0,0
snapshot,alloc,4,8192,97,222978,2464,2645,2244,2265,4,0,0,0,0
snapshot,alloc,4,8192,98,224420,2655,2715,2094,2134,4,0,0,0,0
snapshot,alloc,4,8192,99,223529,2465,2896,2234,2405,4,0,0,0,0
snapshot,alloc,32,8192,0,1487585,3256,3808,2725,6011,32,0,0,0,0
snapshot,alloc,32,8192,1,7002594,3216,4178,2745,7113,32,0,0,0,0
snapshot,alloc,32,8192,2,1801564,3216,3847,2725,5730,32,0,0,0,0
snapshot,alloc,32,8192,3,7286184,3286,3988,2746,5641,32,0,0,0,0
snapshot,alloc,32,8192,4,1590449,3236,3787,2775,6311,32,0,0,0,0
snapshot,alloc,32,8192,5,7308467,3316,4077,2815,10730,32,0,0,0,0
snapshot,alloc,32,8192,6,1498857,3346,3907,2835,6222,32,0,0,0,0
snapshot,alloc,32,8192,7,7510485,3227,4188,2775,5760,32,0,0,0,0
snapshot,alloc,32,8192,8,2783433,3306,7334,2876,210704,32,0,0,0,0
snapshot,alloc,32,8192,9,1512793,3336,5590,2915,5971,32,0,0,0,0
snapshot,alloc,32,8192,10,6672847,3236,3917,2775,4088,32,0,0,0,0
snapshot,alloc,32,8192,11,7996475,3226,3947,2815,47369,32,0,0,0,0
snapshot,alloc,32,8192,12,1605496,3236,3967,2765,6282,32,0,0,0,0
snapshot,alloc,32,8192,13,2477831,3226,4027,2806,4639,32,0,0,0,0
snapshot,alloc,32,8192,14,3995863,3206,3987,2696,4037,32,0,0,0,0
snapshot,alloc,32,8192,15,3120985,3206,4508,2926,1615596,32,0,0,0,0
snapshot,alloc,32,8192,16,4794007,3196,4008,2785,4068,32,0,0,0,0
snapshot,alloc,32,8192,17,1794250,3206,3868,2816,4078,32,0,0,0,0
snapshot,alloc,32,8192,18,4197541,3216,3877,2715,3848,32,0,0,0,0
snapshot,alloc,32,8192,19,2384386,3226,4138,2895,3907,32,0,0,0,0
snapshot,alloc,32,8192,20,2225507,3196,3837,2755,4529,32,0,0,0,0
snapshot,alloc,32,8192,21,3381202,3236,4187,2736,3838,32,0,0,0,0
snapshot,alloc,32,8192,22,3987287,3206,4077,2775,818583,32,0,0,0,0
snapshot,alloc,32,8192,23,4115517,3346,3987,2895,165791,32,0,0,0,0
snapshot,alloc,32,8192,24,2994197,3286,3958,2846,4027,32,0,0,0,0
snapshot,alloc,32,8192,25,2897136,3206,3898,2665,658072,32,0,0,0,0
snapshot,alloc,32,8192,26,4966381,3316,3857,2765,3877,32,0,0,0,0
snapshot,alloc,32,8192,27,1914635,3206,3787,2735,4128,32,0,0,0,0
snapshot,alloc,32,8192,28,2180804,3226,3737,2715,3938,32,0,0,0,0
snapshot,alloc,32,8192,29,5872387,3216,3847,2735,14928,32,0,0,0,0
snapshot,alloc,32,8192,30,1784152,3386,6322,3256,27331,32,0,0,0,0
snapshot,alloc,32,8192,31,2214166,3296,5270,2715,5771,32,0,0,0,0
snapshot,alloc,32,8192,32,3054290,3446,6622,2926,5730,32,0,0,0,0
snapshot,alloc,32,8192,33,5067220,3196,3626,2685,35296,32,0,0,0,0
snapshot,alloc,32,8192,34,1917641,3296,3937,2896,10339,32,0,0,0,0
snapshot,alloc,32,8192,35,2092138,3196,3597,2735,4589,32,0,0,0,0
snapshot,alloc,32,8192,36,2894280,3236,3737,2745,3927,32,0,0,0,0
snapshot,alloc,32,8192,37,3097510,3366,6092,2745,4549,32,0,0,0,0
snapshot,alloc,32,8192,38,3089826,3306,3837,2846,4088,32,0,0,0,0
snapshot,alloc,32,8192,39,4815338,3336,3947,2965,19035,32,0,0,0,0
snapshot,alloc,32,8192,40,1791835,3387,5951,2905,37440,32,0,0,0,0
snapshot,alloc,32,8192,41,5284707,3226,3737,2745,3827,32,0,0,0,0
snapshot,alloc,32,8192,42,2998886,3296,3847,2956,1164742,32,0,0,0,0
snapshot,alloc,32,8192,43,2887127,3196,3878,2795,4228,32,0,0,0,0
snapshot,alloc,32,8192,44,5013529,3216,3807,2746,785091,32,0,0,0,0
snapshot,alloc,32,8192,45,4813945,3326,3927,2875,421880,32,0,0,0,0
snapshot,alloc,32,8192,46,2481698,3356,3947,2976,921706,32,0,0,0,0
snapshot,alloc,32,8192,47,2679778,3256,3807,2796,7715,32,0,0,0,0
snapshot,alloc,32,8192,48,5024650,3236,3767,2735,174527,32,0,0,0,0
snapshot,alloc,32,8192,49,2701720,3346,3977,2936,945841,32,0,0,0,0
snapshot,alloc,32,8192,50,4772868,3457,6032,3807,2258229,32,0,0,0,0
snapshot,alloc,32,8192,51,5423316,3446,4188,3507,3251349,32,0,0,0,0
snapshot,alloc,32,8192,52,3251960,3407,3868,3136,1805061,32,0,0,0,0
snapshot,alloc,32,8192,53,2910210,3296,3777,2806,4268,32,0,0,0,0
snapshot,alloc,32,8192,54,4908933,3336,3857,2815,12012,32,0,0,0,0
snapshot,alloc,32,8192,55,4150092,3306,4147,2785,58780,32,0,0,0,0
snapshot,alloc,32,8192,56,2921511,3366,6291,2866,324257,32,0,0,0,0
snapshot,alloc,32,8192,57,4222327,3226,3888,2855,26470,32,0,0,0,0
snapshot,alloc,32,8192,58,3573573,3296,3987,2795,410198,32,0,0,0,0
snapshot,alloc,32,8192,59,4270978,3306,3987,2816,12934,32,0,0,0,0
snapshot,alloc,32,8192,60,3484786,3236,3877,2835,4037,32,0,0,0,0
snapshot,alloc,32,8192,61,3472082,3337,3807,2966,1063131,32,0,0,0,0
snapshot,alloc,32,8192,62,4000622,3236,6712,2815,619901,32,0,0,0,0
snapshot,alloc,32,8192,63,3964424,3216,3868,2775,3997,32,0,0,0,0
snapshot,alloc,32,8192,64,3003164,3216,3917,2785,633386,32,0,0,0,0
snapshot,alloc,32,8192,65,3014395,3206,3657,2785,3967,32,0,0,0,0
snapshot,alloc,32,8192,66,4158708,3216,3777,2736,612226,32,0,0,0,0
snapshot,alloc,32,8192,67,2949904,3246,3927,2775,4178,32,0,0,0,0
snapshot,alloc,32,8192,68,2762534,3336,5521,2835,4217,32,0,0,0,0
snapshot,alloc,32,8192,69,3618095,3226,3767,2715,58059,32,0,0,0,0
snapshot,alloc,32,8192,70,1543310,3226,3807,2845,4128,32,0,0,0,0
snapshot,alloc,32,8192,71,4080011,3196,3737,2675,3917,32,0,0,0,0
snapshot,alloc,32,8192,72,1805571,3196,3977,2715,4198,32,0,0,0,0
snapshot,alloc,32,8192,73,4199204,3236,3697,2825,1165433,32,0,0,0,0
snapshot,alloc,32,8192,74,1900249,3196,6523,2795,4829,32,0,0,0,0
snapshot,alloc,32,8192,75,5795623,3226,3997,2745,3807,32,0,0,0,0
snapshot,alloc,32,8192,76,3149047,3226,3877,2776,58299,32,0,0,0,0
snapshot,alloc,32,8192,77,4576370,3206,3977,2795,1609975,32,0,0,0,0
snapshot,alloc,32,8192,78,2526992,3246,3907,2805,4558,32,0,0,0,0
snapshot,alloc,32,8192,79,3078596,3276,3857,2815,501609,32,0,0,0,0
snapshot,alloc,32,8192,80,2993716,3317,6292,2745,4759,32,0,0,0,0
snapshot,alloc,32,8192,81,4649547,3396,6072,2835,17062,32,0,0,0,0
snapshot,alloc,32,8192,82,3166309,3327,3667,2795,70132,32,0,0,0,0
snapshot,alloc,32,8192,83,2998626,3226,3636,2775,58860,32,0,0,0,0
snapshot,alloc,32,8192,84,4087355,3226,3787,2725,4598,32,0,0,0,0
snapshot,alloc,32,8192,85,3110164,3226,3596,2785,4028,32,0,0,0,0
snapshot,alloc,32,8192,86,5812254,3556,6422,3577,1349747,32,0,0,0,0
snapshot,alloc,32,8192,87,7712132,3477,4058,3256,1756008,32,0,0,0,0
snapshot,alloc,32,8192,88,11488024,3426,3857,3397,4169148,32,0,0,0,0
snapshot,alloc,32,8192,89,4681407,3506,4268,4088,2088982,32,0,0,0,0
snapshot,alloc,32,8192,90,5618983,3577,4087,3647,1771828,32,0,0,0,0
snapshot,alloc,32,8192,91,2505973,3376,4308,3136,336109,32,0,0,0,0
snapshot,alloc,32,8192,92,7617405,3246,3997,3086,769371,32,0,0,0,0
snapshot,alloc,32,8192,93,24418579,3367,4338,3196,2456911,32,0,0,0,0
snapshot,alloc,32,8192,94,14878994,3547,4248,3857,2593998,32,0,0,0,0
snapshot,alloc,32,8192,95,14340535,3487,3988,3496,483125,32,0,0,0,0
snapshot,alloc,32,8192,96,13974781,3437,4207,4329,4195457,32,0,0,0,0
snapshot,alloc,32,8192,97,4704630,3526,4157,3977,2308242,32,0,0,0,0
snapshot,alloc,32,8192,98,2209638,3366,3968,3116,622445,32,0,0,0,0
snapshot,alloc,32,8192,99,11423784,3377,4048,3246,1384954,32,0,0,0,0
snapshot,alloc,128,8192,0,36015637,3226,4799,2918084,16815240,128,0,0,0,0
snapshot,alloc,128,8192,1,36002922,3296,5861,3820364,15828392,128,0,0,0,0
snapshot,alloc,128,8192,2,35931589,3246,5120,2937492,15781485,128,0,0,0,0
snapshot,alloc,128,8192,3,41937326,3276,5510,2896213,16861076,128,0,0,0,0
snapshot,alloc,128,8192,4,32046523,3226,5611,2954472,15952253,128,0,0,0,0
snapshot,alloc,128,8192,5,36021638,3257,6021,2925659,14920993,128,0,0,0,0
snapshot,alloc,128,8192,6,38908213,3306,4168,2894230,15866864,128,0,0,0,0
snapshot,alloc,128,8192,7,37992519,3246,4789,2978398,15942536,128,0,0,0,0
snapshot,alloc,128,8192,8,32017059,3216,4458,2962939,15886911,128,0,0,0,0
snapshot,alloc,128,8192,9,37966731,3226,4409,2849175,15825265,128,0,0,0,0
snapshot,alloc,128,8192,10,38029298,3266,4839,2980462,14879295,128,0,0,0,0
snapshot,alloc,128,8192,11,111208731,3346,4378,2904760,15947184,127,0,1,0,0
snapshot,alloc,128,8192,12,57102767,3467,5190,4525806,20729169,128,0,0,0,0
snapshot,alloc,128,8192,13,61942861,3427,4909,4393417,29980605,128,0,0,0,0
snapshot,alloc,128,8192,14,38678143,3276,5620,2843054,28486016,128,0,0,0,0
snapshot,alloc,128,8192,15,65288096,3326,5410,3860239,43856340,128,0,0,0,0
snapshot,alloc,128,8192,16,94370368,3437,5089,4324739,45533261,128,0,0,0,0
snapshot,alloc,128,8192,17,48252022,3486,4669,3215692,27146838,128,0,0,0,0
snapshot,alloc,128,8192,18,40893882,3367,4749,4883676,25674601,128,0,0,0,0
snapshot,alloc,128,8192,19,49990988,3226,4880,5599396,23962464,128,0,0,0,0
snapshot,alloc,128,8192,20,55108592,3236,5040,4113233,28056953,128,0,0,0,0
snapshot,alloc,128,8192,21,47145871,3276,6022,4973705,32881467,128,0,0,0,0
snapshot,alloc,128,8192,22,54267628,3406,5199,3913098,26816940,128,0,0,0,0
snapshot,alloc,128,8192,23,70361417,3376,5610,4275407,24941428,128,0,0,0,0
snapshot,alloc,128,8192,24,109115451,3597,5049,4013787,37239649,128,0,0,0,0
snapshot,alloc,128,8192,25,62540029,3567,4448,5852931,36805867,128,0,0,0,0
snapshot,alloc,128,8192,26,71157257,3637,4769,4933459,29973642,128,0,0,0,0
snapshot,alloc,128,8192,27,72457392,3507,4659,3986706,34197332,128,0,0,0,0
snapshot,alloc,128,8192,28,61357966,3437,5009,4619581,27710164,128,0,0,0,0
snapshot,alloc,128,8192,29,73415065,3456,4448,4285716,32303144,128,0,0,0,0
snapshot,alloc,128,8192,30,65376801,3556,5660,3068867,33808273,128,0,0,0,0
snapshot,alloc,128,8192,31,76316418,3516,5650,4476102,31419549,128,0,0,0,0
snapshot,alloc,128,8192,32,50621589,3427,4428,4086212,27086965,128,0,0,0,0
snapshot,alloc,128,8192,33,38641865,3397,5209,3455330,27429648,128,0,0,0,0
snapshot,alloc,128,8192,34,70445174,3447,4799,3888933,48784990,128,0,0,0,0
snapshot,alloc,128,8192,35,69404795,3446,4338,4378680,40036828,128,0,0,0,0
snapshot,alloc,128,8192,36,56888285,3326,4358,3479806,28437805,128,0,0,0,0
snapshot,alloc,128,8192,37,48448260,3247,4939,3139139,21149136,128,0,0,0,0
snapshot,alloc,128,8192,38,57018389,3246,4779,3826666,21918397,128,0,0,0,0
snapshot,alloc,128,8192,39,44432218,3226,4969,3622283,20640925,128,0,0,0,0
snapshot,alloc,128,8192,40,58831685,3286,4589,3574364,21593799,128,0,0,0,0
snapshot,alloc,128,8192,41,50505572,3486,5009,2464345,24251806,128,0,0,0,0
snapshot,alloc,128,8192,42,53828175,3417,4539,3730516,21927995,128,0,0,0,0
snapshot,alloc,128,8192,43,55607096,3516,4408,2916742,20856838,128,0,0,0,0
snapshot,alloc,128,8192,44,47651688,3467,4488,2326146,19958487,128,0,0,0,0
snapshot,alloc,128,8192,45,58064708,3436,4819,3955277,20932090,128,0,0,0,0
snapshot,alloc,128,8192,46,50668578,3446,4358,3485327,22523029,128,0,0,0,0
snapshot,alloc,128,8192,47,64096945,3467,5720,3775610,23817633,128,0,0,0,0
snapshot,alloc,128,8192,48,115479119,3536,4418,3639686,24654360,127,0,1,0,0
snapshot,alloc,128,8192,49,44471923,3607,4699,3098192,22291165,128,0,0,0,0
snapshot,alloc,128,8192,50,71171874,3476,4669,3789246,26760315,128,0,0,0,0
snapshot,alloc,128,8192,51,95767275,3436,4409,3615711,20576765,128,0,0,0,0
snapshot,alloc,128,8192,52,39685219,3507,4699,3725968,19732483,128,0,0,0,0
snapshot,alloc,128,8192,53,48149289,3467,5661,3020807,22838780,128,0,0,0,0
snapshot,alloc,128,8192,54,40894633,3467,4568,3155840,31852911,128,0,0,0,0
snapshot,alloc,128,8192,55,39670121,3466,11221,2794103,21932153,128,0,0,0,0
snapshot,alloc,128,8192,56,57357414,3486,4929,4269465,23273524,128,0,0,0,0
snapshot,alloc,128,8192,57,42043425,3527,4668,4904465,23917050,128,0,0,0,0
snapshot,alloc,128,8192,58,61257478,3476,6492,3919620,25843767,128,0,0,0,0
snapshot,alloc,128,8192,59,58770390,3477,4488,3624818,21599319,128,0,0,0,0
snapshot,alloc,128,8192,60,46505221,3477,5661,3787472,19726862,128,0,0,0,0
snapshot,alloc,128,8192,61,34382228,3406,4599,3269092,20307650,128,0,0,0,0
snapshot,alloc,128,8192,62,29983040,3356,4419,3865810,20921961,128,0,0,0,0
snapshot,alloc,128,8192,63,29913449,3396,4168,3804285,20532381,128,0,0,0,0
snapshot,alloc,128,8192,64,40330207,3326,3767,4053501,19121940,128,0,0,0,0
snapshot,alloc,128,8192,65,36695260,3356,4519,3662740,20627159,128,0,0,0,0
snapshot,alloc,128,8192,66,32003373,3377,5049,3943475,19945222,128,0,0,0,0
snapshot,alloc,128,8192,67,35911332,3356,5060,3817278,17877590,128,0,0,0,0
snapshot,alloc,128,8192,68,38030049,3356,4668,3044291,18644586,128,0,0,0,0
snapshot,alloc,128,8192,69,32006780,3336,4419,3334003,19880731,128,0,0,0,0
snapshot,alloc,128,8192,70,28933764,3377,4589,2976824,16925967,128,0,0,0,0
snapshot,alloc,128,8192,71,31966594,3356,6071,2986092,17041854,128,0,0,0,0
snapshot,alloc,128,8192,72,111498554,3396,5490,3965376,70955509,127,0,1,0,0
snapshot,alloc,128,8192,73,105095503,3497,4999,3430945,29015187,127,0,1,0,0
snapshot,alloc,128,8192,74,115104416,3436,4538,3375121,67861915,127,0,1,0,0
snapshot,alloc,128,8192,75,27761349,3466,4278,3331118,16231627,128,0,0,0,0
snapshot,alloc,128,8192,76,35646205,3406,4258,3412551,16456308,128,0,0,0,0
snapshot,alloc,128,8192,77,33971038,3406,4588,3070159,16812505,128,0,0,0,0
snapshot,alloc,128,8192,78,33074829,3426,4318,3728082,17739731,128,0,0,0,0
snapshot,alloc,128,8192,79,29270675,3416,4648,3677767,19709661,128,0,0,0,0
snapshot,alloc,128,8192,80,33614830,3446,4208,2875916,19453661,128,0,0,0,0
snapshot,alloc,128,8192,81,38060255,3366,4668,3739213,16802356,128,0,0,0,0
snapshot,alloc,128,8192,82,32896275,3367,4869,3684831,16799350,128,0,0,0,0
snapshot,alloc,128,8192,83,30984565,3357,4919,3831325,19895959,128,0,0,0,0
snapshot,alloc,128,8192,84,30355648,3386,4728,3826126,18896528,128,0,0,0,0
snapshot,alloc,128,8192,85,30503634,3366,4498,3452345,19440667,128,0,0,0,0
snapshot,alloc,128,8192,86,38031071,3466,4298,3131845,18995463,128,0,0,0,0
snapshot,alloc,128,8192,87,28978288,3376,4589,3937633,19869160,128,0,0,0,0
snapshot,alloc,128,8192,88,73073396,3386,5099,3897268,21893760,128,0,0,0,0
snapshot,alloc,128,8192,89,35831963,3406,4488,2792419,15840414,128,0,0,0,0
snapshot,alloc,128,8192,90,30220634,3356,4428,4593633,15952785,128,0,0,0,0
snapshot,alloc,128,8192,91,32800676,3317,4478,3701642,12781656,128,0,0,0,0
snapshot,alloc,128,8192,92,96133750,3306,5069,2983377,58920712,128,0,0,0,0
snapshot,alloc,128,8192,93,29851313,3347,4999,2835450,14779297,128,0,0,0,0
snapshot,alloc,128,8192,94,29093895,3296,4458,2880444,17943994,128,0,0,0,0
snapshot,alloc,128,8192,95,29904442,3306,4027,2894741,13866708,128,0,0,0,0
snapshot,alloc,128,8192,96,105010343,3256,5270,2892987,12933130,125,0,3,0,0
snapshot,alloc,128,8192,97,60101733,3407,5731,2937811,19868177,128,0,0,0,0
snapshot,alloc,128,8192,98,26832069,3386,4849,2809832,15716282,128,0,0,0,0
snapshot,alloc,128,8192,99,29917036,3256,4909,2890403,13918936,128,0,0,0,0
snapshot,lock,4,8192,0,280635,1863,2024,2445,2755,4,0,0,0,0
snapshot,lock,4,8192,1,275095,2064,2264,3176,3607,4,0,0,0,0
snapshot,lock,4,8192,2,280696,2024,2084,2324,2384,4,0,0,0,0
snapshot,lock,4,8192,3,268854,1754,1794,2224,2354,4,0,0,0,0
snapshot,lock,4,8192,4,263744,1743,1763,2225,2465,4,0,0,0,0
snapshot,lock,4,8192,5,281417,1713,1714,2194,2415,4,0,0,0,0
snapshot,lock,4,8192,6,270817,1713,1774,2254,2515,4,0,0,0,0
snapshot,lock,4,8192,7,277109,1733,1743,2144,2455,4,0,0,0,0
snapshot,lock,4,8192,8,269224,1943,1944,2264,2424,4,0,0,0,0
snapshot,lock,4,8192,9,298659,1903,1923,2114,2385,4,0,0,0,0
snapshot,lock,4,8192,10,269645,1713,1864,2344,2354,4,0,0,0,0
snapshot,lock,4,8192,11,278772,1723,1743,2214,2415,4,0,0,0,0
snapshot,lock,4,8192,12,275486,1723,2034,2144,2314,4,0,0,0,0
snapshot,lock,4,8192,13,380252,1714,1763,2304,2435,4,0,0,0,0
snapshot,lock,4,8192,14,292568,1703,1754,2204,2395,4,0,0,0,0
snapshot,lock,4,8192,15,276688,1713,1723,2304,2364,4,0,0,0,0
snapshot,lock,4,8192,16,280576,1733,1914,2054,2094,4,0,0,0,0
snapshot,lock,4,8192,17,295233,1673,1893,2155,2545,4,0,0,0,0
snapshot,lock,4,8192,18,292929,1653,1764,2224,2615,4,0,0,0,0
snapshot,lock,4,8192,19,275446,1623,1734,2124,2414,4,0,0,0,0
snapshot,lock,4,8192,20,278091,1704,1733,2284,2534,4,0,0,0,0
snapshot,lock,4,8192,21,295043,1723,1743,2254,2365,4,0,0,0,0
snapshot,lock,4,8192,22,287699,1674,1804,2304,2495,4,0,0,0,0
snapshot,lock,4,8192,23,277149,1683,1703,2354,2475,4,0,0,0,0
snapshot,lock,4,8192,24,260949,1734,1773,2314,2575,4,0,0,0,0
snapshot,lock,4,8192,25,289051,1734,1883,2204,2595,4,0,0,0,0
snapshot,lock,4,8192,26,298669,1723,1973,2114,2565,4,0,0,0,0
snapshot,lock,4,8192,27,276438,1703,1754,2474,2695,4,0,0,0,0
snapshot,lock,4,8192,28,276237,1674,1773,2165,2184,4,0,0,0,0
snapshot,lock,4,8192,29,276648,1683,1733,2044,2375,4,0,0,0,0
snapshot,lock,4,8192,30,307566,1743,1903,2195,2404,4,0,0,0,0
snapshot,lock,4,8192,31,293219,1733,1853,2344,2625,4,0,0,0,0
snapshot,lock,4,8192,32,277379,1683,1733,2064,2144,4,0,0,0,0
snapshot,lock,4,8192,33,347471,2054,2585,2715,2745,4,0,0,0,0
snapshot,lock,4,8192,34,302637,2094,2124,3798,4098,4,0,0,0,0
snapshot,lock,4,8192,35,286897,2405,2425,3026,3036,4,0,0,0,0
snapshot,lock,4,8192,36,279965,2705,2735,2895,3436,4,0,0,0,0
snapshot,lock,4,8192,37,281007,2625,2725,2896,3477,4,0,0,0,0
snapshot,lock,4,8192,38,277740,1783,1973,2535,2595,4,0,0,0,0
snapshot,lock,4,8192,39,267311,1964,2014,2495,2675,4,0,0,0,0
snapshot,lock,4,8192,40,281036,1783,1924,2305,2415,4,0,0,0,0
snapshot,lock,4,8192,41,279263,1794,1824,2755,2875,4,0,0,0,0
snapshot,lock,4,8192,42,272550,1804,1853,2495,2555,4,0,0,0,0
snapshot,lock,4,8192,43,280836,2084,2384,2985,3056,4,0,0,0,0
snapshot,lock,4,8192,44,276809,1723,1854,2354,2354,4,0,0,0,0
snapshot,lock,4,8192,45,279764,1763,1833,2786,2865,4,0,0,0,0
snapshot,lock,4,8192,46,272981,1804,1863,2455,2524,4,0,0,0,0
snapshot,lock,4,8192,47,283450,2274,2424,2855,3206,4,0,0,0,0
snapshot,lock,4,8192,48,265046,1924,2304,2495,2625,4,0,0,0,0
snapshot,lock,4,8192,49,279263,1804,2305,3106,3186,4,0,0,0,0
snapshot,lock,4,8192,50,269375,1963,2144,2655,2825,4,0,0,0,0
snapshot,lock,4,8192,51,244849,1903,1984,2635,2655,4,0,0,0,0
snapshot,lock,4,8192,52,276558,1764,1794,2624,2685,4,0,0,0,0
snapshot,lock,4,8192,53,280265,1813,1934,2845,2875,4,0,0,0,0
snapshot,lock,4,8192,54,264876,1804,1883,2524,2545,4,0,0,0,0
snapshot,lock,4,8192,55,276628,1924,1963,2124,2294,4,0,0,0,0
snapshot,lock,4,8192,56,271539,1733,1793,2655,2896,4,0,0,0,0
snapshot,lock,4,8192,57,270176,1773,1793,2264,2685,4,0,0,0,0
snapshot,lock,4,8192,58,270597,1934,1984,2184,2415,4,0,0,0,0
snapshot,lock,4,8192,59,278993,1933,2014,2795,2805,4,0,0,0,0
snapshot,lock,4,8192,60,275696,1694,1803,2305,2414,4,0,0,0,0
snapshot,lock,4,8192,61,271328,1763,1833,2555,2615,4,0,0,0,0
snapshot,lock,4,8192,62,264475,1783,1794,2254,2595,4,0,0,0,0
snapshot,lock,4,8192,63,272450,1783,1823,2255,2545,4,0,0,0,0
snapshot,lock,4,8192,64,269244,1783,1844,2195,2555,4,0,0,0,0
snapshot,lock,4,8192,65,279784,1883,1964,2565,2795,4,0,0,0,0
snapshot,lock,4,8192,66,277279,1813,1853,2534,2976,4,0,0,0,0
snapshot,lock,4,8192,67,277058,1813,1984,2475,2655,4,0,0,0,0
snapshot,lock,4,8192,68,276237,1803,1824,2494,2495,4,0,0,0,0
snapshot,lock,4,8192,69,280045,1804,1944,2424,2564,4,0,0,0,0
snapshot,lock,4,8192,70,271659,1944,1964,2374,2474,4,0,0,0,0
snapshot,lock,4,8192,71,277419,1934,1944,2474,2485,4,0,0,0,0
snapshot,lock,4,8192,72,268844,1834,2003,2445,2725,4,0,0,0,0
snapshot,lock,4,8192,73,233567,1793,1923,2595,2745,4,0,0,0,0
snapshot,lock,4,8192,74,277149,1804,2013,2394,2465,4,0,0,0,0
snapshot,lock,4,8192,75,275105,1764,1793,2394,2635,4,0,0,0,0
snapshot,lock,4,8192,76,268343,1924,2073,2414,2465,4,0,0,0,0
snapshot,lock,4,8192,77,276989,1793,1984,2445,2535,4,0,0,0,0
snapshot,lock,4,8192,78,272480,1793,1804,2274,2505,4,0,0,0,0
snapshot,lock,4,8192,79,276077,1794,1803,2454,2635,4,0,0,0,0
snapshot,lock,4,8192,80,278141,1833,1843,2344,2736,4,0,0,0,0
snapshot,lock,4,8192,81,273533,1764,1934,2475,2605,4,0,0,0,0
snapshot,lock,4,8192,82,267551,1713,1773,2565,2635,4,0,0,0,0
snapshot,lock,4,8192,83,275155,1723,1723,2385,2524,4,0,0,0,0
snapshot,lock,4,8192,84,256872,1734,1773,2354,2364,4,0,0,0,0
snapshot,lock,4,8192,85,264325,1793,1814,2355,2485,4,0,0,0,0
snapshot,lock,4,8192,86,276037,1964,2014,2325,2395,4,0,0,0,0
snapshot,lock,4,8192,87,277249,1994,2044,2515,2585,4,0,0,0,0
snapshot,lock,4,8192,88,276408,1904,1923,2544,2555,4,0,0,0,0
snapshot,lock,4,8192,89,275957,1813,1954,2786,2795,4,0,0,0,0
snapshot,lock,4,8192,90,277259,1713,1863,2294,2495,4,0,0,0,0
snapshot,lock,4,8192,91,266909,1704,1733,2335,2394,4,0,0,0,0
snapshot,lock,4,8192,92,328254,1964,2074,2625,3336,4,0,0,0,0
snapshot,lock,4,8192,93,369312,1793,1803,2655,2936,4,0,0,0,0
snapshot,lock,4,8192,94,290013,1132,1142,1884,3607,4,0,0,0,0
snapshot,lock,4,8192,95,252002,1172,1282,1933,2034,4,0,0,0,0
snapshot,lock,4,8192,96,247363,1122,1162,1783,1833,4,0,0,0,0
snapshot,lock,4,8192,97,244608,1132,1663,1704,1913,4,0,0,0,0
snapshot,lock,4,8192,98,242634,1122,1122,1593,1603,4,0,0,0,0
snapshot,lock,4,8192,99,246582,1153,1162,1673,1793,4,0,0,0,0
snapshot,lock,32,8192,0,2127605,2093,7724,4558,25668,32,0,0,0,0
snapshot,lock,32,8192,1,2172047,1974,2765,4999,48411,32,0,0,0,0
snapshot,lock,32,8192,2,3686754,2295,8656,4899,1686879,32,0,0,0,0
snapshot,lock,32,8192,3,2109150,1974,6773,5180,39914,32,0,0,0,0
snapshot,lock,32,8192,4,2017989,2144,15298,4378,25799,32,0,0,0,0
snapshot,lock,32,8192,5,2003472,2104,3266,3897,27482,32,0,0,0,0
snapshot,lock,32,8192,6,2019732,1904,2835,4008,38242,32,0,0,0,0
snapshot,lock,32,8192,7,2626739,2064,3105,4849,42680,32,0,0,0,0
snapshot,lock,32,8192,8,2113178,1864,2665,4789,31950,32,0,0,0,0
snapshot,lock,32,8192,9,2108579,2033,3687,5310,31489,32,0,0,0,0
snapshot,lock,32,8192,10,2103179,1974,2725,3947,20708,32,0,0,0,0
snapshot,lock,32,8192,11,2109160,1984,2715,3827,18735,32,0,0,0,0
snapshot,lock,32,8192,12,2135098,2034,2695,3937,11531,32,0,0,0,0
snapshot,lock,32,8192,13,2105583,1873,2565,3456,30307,32,0,0,0,0
snapshot,lock,32,8192,14,2073643,2064,2765,3947,26570,32,0,0,0,0
snapshot,lock,32,8192,15,2141931,2073,2896,4148,32360,32,0,0,0,0
snapshot,lock,32,8192,16,2099662,1983,2685,4197,30327,32,0,0,0,0
snapshot,lock,32,8192,17,2123847,2134,10981,3798,15469,32,0,0,0,0
snapshot,lock,32,8192,18,2092458,2184,7033,4338,33152,32,0,0,0,0
snapshot,lock,32,8192,19,2230517,2315,2956,3717,35837,32,0,0,0,0
snapshot,lock,32,8192,20,2136691,2254,19587,3977,32301,32,0,0,0,0
snapshot,lock,32,8192,21,2788361,2255,2696,3797,28965,32,0,0,0,0
snapshot,lock,32,8192,22,2127564,2134,2705,3417,14978,32,0,0,0,0
snapshot,lock,32,8192,23,2244233,2324,2615,3457,47189,32,0,0,0,0
snapshot,lock,32,8192,24,2248040,2164,2635,3817,17743,32,0,0,0,0
snapshot,lock,32,8192,25,2103520,2064,2635,3547,33373,32,0,0,0,0
snapshot,lock,32,8192,26,2152842,2265,2875,4188,14748,32,0,0,0,0
snapshot,lock,32,8192,27,2135319,2144,2655,3957,20699,32,0,0,0,0
snapshot,lock,32,8192,28,2220739,2214,3377,3988,8767,32,0,0,0,0
snapshot,lock,32,8192,29,2258239,2094,2655,3506,6793,32,0,0,0,0
snapshot,lock,32,8192,30,2233703,2234,2775,3787,6612,32,0,0,0,0
snapshot,lock,32,8192,31,2300679,2164,2685,3918,7374,32,0,0,0,0
snapshot,lock,32,8192,32,2220558,2114,2855,3576,6061,32,0,0,0,0
snapshot,lock,32,8192,33,2313503,2264,2875,3837,27692,32,0,0,0,0
snapshot,lock,32,8192,34,2174052,2304,2655,3767,35957,32,0,0,0,0
snapshot,lock,32,8192,35,2118557,2294,2685,4198,15319,32,0,0,0,0
snapshot,lock,32,8192,36,2213516,2204,2605,3206,11632,32,0,0,0,0
snapshot,lock,32,8192,37,2115081,2324,2836,3807,16511,32,0,0,0,0
snapshot,lock,32,8192,38,2207484,2154,2635,3456,27923,32,0,0,0,0
snapshot,lock,32,8192,39,2165996,2104,3286,3857,10870,32,0,0,0,0
snapshot,lock,32,8192,40,2182797,2124,2745,3456,6903,32,0,0,0,0
snapshot,lock,32,8192,41,2108849,2104,2705,3486,5991,32,0,0,0,0
snapshot,lock,32,8192,42,2114100,2174,2685,3837,12934,32,0,0,0,0
snapshot,lock,32,8192,43,2197425,2074,2876,3456,42730,32,0,0,0,0
snapshot,lock,32,8192,44,2153653,2134,2725,3517,21861,32,0,0,0,0
snapshot,lock,32,8192,45,2188859,2154,2895,3627,12203,32,0,0,0,0
snapshot,lock,32,8192,46,2146920,2134,2705,3347,9277,32,0,0,0,0
snapshot,lock,32,8192,47,2124338,2174,2514,3687,17893,32,0,0,0,0
snapshot,lock,32,8192,48,2132533,2164,2745,3386,20869,32,0,0,0,0
snapshot,lock,32,8192,49,2124909,2304,2615,3406,24757,32,0,0,0,0
snapshot,lock,32,8192,50,2227341,2044,2875,3436,10459,32,0,0,0,0
snapshot,lock,32,8192,51,2210670,2124,2595,3617,6572,32,0,0,0,0
snapshot,lock,32,8192,52,2181836,1943,2675,3407,4859,32,0,0,0,0
snapshot,lock,32,8192,53,2228383,2264,8876,3577,31208,32,0,0,0,0
snapshot,lock,32,8192,54,2152020,2084,2725,3727,7013,32,0,0,0,0
snapshot,lock,32,8192,55,2209728,2134,2715,3486,12984,32,0,0,0,0
snapshot,lock,32,8192,56,2167639,2184,2936,3437,17523,32,0,0,0,0
snapshot,lock,32,8192,57,2126222,2114,2815,3326,5391,32,0,0,0,0
snapshot,lock,32,8192,58,2176576,2294,2745,3897,21210,32,0,0,0,0
snapshot,lock,32,8192,59,2123577,2124,2675,3456,15869,32,0,0,0,0
snapshot,lock,32,8192,60,2753576,2274,2705,4077,30096,32,0,0,0,0
snapshot,lock,32,8192,61,2168361,2134,2866,3847,17002,32,0,0,0,0
snapshot,lock,32,8192,62,2209337,2134,2795,3497,14728,32,0,0,0,0
snapshot,lock,32,8192,63,2155457,2225,2986,3336,8296,32,0,0,0,0
snapshot,lock,32,8192,64,2109079,2265,2605,3266,6673,32,0,0,0,0
snapshot,lock,32,8192,65,2130149,2174,2845,3426,7244,32,0,0,0,0
snapshot,lock,32,8192,66,5416012,2194,2584,3156,21170,32,0,0,0,0
snapshot,lock,32,8192,67,2120922,2164,2675,3506,10951,32,0,0,0,0
snapshot,lock,32,8192,68,4865982,2124,2925,3757,28944,32,0,0,0,0
snapshot,lock,32,8192,69,2139557,2205,2855,3517,12563,32,0,0,0,0
snapshot,lock,32,8192,70,2134177,2124,2625,3656,7284,32,0,0,0,0
snapshot,lock,32,8192,71,2147432,2254,2675,3707,8486,32,0,0,0,0
snapshot,lock,32,8192,72,2234064,2114,2866,3406,6853,32,0,0,0,0
snapshot,lock,32,8192,73,2165886,2174,3086,3837,6482,32,0,0,0,0
snapshot,lock,32,8192,74,2133436,2314,2825,3827,24827,32,0,0,0,0
snapshot,lock,32,8192,75,2127764,2124,2685,3326,9468,32,0,0,0,0
snapshot,lock,32,8192,76,2104341,2114,2886,3356,29505,32,0,0,0,0
snapshot,lock,32,8192,77,2214867,2154,2655,3637,7224,32,0,0,0,0
snapshot,lock,32,8192,78,2257087,2124,2765,3757,8436,32,0,0,0,0
snapshot,lock,32,8192,79,2201082,2154,3165,3757,16571,32,0,0,0,0
snapshot,lock,32,8192,80,2156348,2214,3336,3637,8165,32,0,0,0,0
snapshot,lock,32,8192,81,2237390,2144,2524,3266,5020,32,0,0,0,0
snapshot,lock,32,8192,82,2218735,2214,2475,3526,7494,32,0,0,0,0
snapshot,lock,32,8192,83,2244944,2073,3216,3527,9157,32,0,0,0,0
snapshot,lock,32,8192,84,2223234,2194,2755,3807,6101,32,0,0,0,0
snapshot,lock,32,8192,85,2222702,2214,2926,3317,12874,32,0,0,0,0
snapshot,lock,32,8192,86,2136100,2103,2665,3406,15359,32,0,0,0,0
snapshot,lock,32,8192,87,2223664,2275,2725,3677,13115,32,0,0,0,0
snapshot,lock,32,8192,88,2215829,2113,3317,3517,11511,32,0,0,0,0
snapshot,lock,32,8192,89,2195551,2144,2805,3336,4167,32,0,0,0,0
snapshot,lock,32,8192,90,2355221,2124,2545,3607,13184,32,0,0,0,0
snapshot,lock,32,8192,91,2140038,2094,2645,3587,12043,32,0,0,0,0
snapshot,lock,32,8192,92,2182176,2094,3256,3146,9207,32,0,0,0,0
snapshot,lock,32,8192,93,4328696,2305,5821,3357,66915,32,0,0,0,0
snapshot,lock,32,8192,94,2244674,2154,2655,3557,5070,32,0,0,0,0
snapshot,lock,32,8192,95,3528898,2174,3136,3867,1301788,32,0,0,0,0
snapshot,lock,32,8192,96,2118347,2164,2835,4027,7965,32,0,0,0,0
snapshot,lock,32,8192,97,2132865,2144,2574,3566,17764,32,0,0,0,0
snapshot,lock,32,8192,98,2124228,2134,2775,3396,10479,32,0,0,0,0
snapshot,lock,32,8192,99,2115602,2194,2705,3787,18434,32,0,0,0,0
snapshot,lock,128,8192,0,15909874,2264,2966,19557,187882,128,0,0,0,0
snapshot,lock,128,8192,1,22796782,2284,4038,26499,234739,128,0,0,0,0
snapshot,lock,128,8192,2,16767340,2274,17032,29395,172062,128,0,0,0,0
snapshot,lock,128,8192,3,26438301,2174,3076,24777,217688,128,0,0,0,0
snapshot,lock,128,8192,4,25285402,2194,51517,20228,220112,128,0,0,0,0
snapshot,lock,128,8192,5,24901263,2194,4208,21951,168265,128,0,0,0,0
snapshot,lock,128,8192,6,21269892,2254,19516,16381,2128246,128,0,0,0,0
snapshot,lock,128,8192,7,21402921,2234,10900,23544,289983,128,0,0,0,0
snapshot,lock,128,8192,8,20517784,2204,2966,25417,262130,128,0,0,0,0
snapshot,lock,128,8192,9,17783393,2294,145472,29776,244488,128,0,0,0,0
snapshot,lock,128,8192,10,25046695,2114,15570,21971,918009,128,0,0,0,0
snapshot,lock,128,8192,11,9379896,2104,3296,21159,165399,128,0,0,0,0
snapshot,lock,128,8192,12,7983641,2164,3025,25087,194644,128,0,0,0,0
snapshot,lock,128,8192,13,18848057,2234,3196,21490,267280,128,0,0,0,0
snapshot,lock,128,8192,14,14271326,2174,5470,21981,228598,128,0,0,0,0
snapshot,lock,128,8192,15,25187709,2184,10880,30247,208220,128,0,0,0,0
snapshot,lock,128,8192,16,20689395,2184,3286,21260,261540,128,0,0,0,0
snapshot,lock,128,8192,17,19319249,2034,2815,32972,161403,128,0,0,0,0
snapshot,lock,128,8192,18,25130392,2104,4638,29005,240761,128,0,0,0,0
snapshot,lock,128,8192,19,27407336,2034,2816,22422,250279,128,0,0,0,0
snapshot,lock,128,8192,20,22940852,2154,2916,30457,177733,128,0,0,0,0
snapshot,lock,128,8192,21,10184573,2254,3026,33433,175929,128,0,0,0,0
snapshot,lock,128,8192,22,21460439,2214,15189,27011,2662646,128,0,0,0,0
snapshot,lock,128,8192,23,10775599,2304,21961,22241,230151,128,0,0,0,0
snapshot,lock,128,8192,24,9424880,2214,3396,17753,132679,128,0,0,0,0
snapshot,lock,128,8192,25,9304715,2174,2866,19908,158627,128,0,0,0,0
snapshot,lock,128,8192,26,10897467,2204,61986,21951,1469272,128,0,0,0,0
snapshot,lock,128,8192,27,9552539,2144,3096,18995,105057,128,0,0,0,0
snapshot,lock,128,8192,28,9685959,2154,2976,23304,215163,128,0,0,0,0
snapshot,lock,128,8192,29,12527972,2244,18755,21471,139241,128,0,0,0,0
snapshot,lock,128,8192,30,17437325,2254,24546,23514,165440,128,0,0,0,0
snapshot,lock,128,8192,31,21085487,2244,3406,24947,130344,128,0,0,0,0
snapshot,lock,128,8192,32,22987599,2275,3075,27111,1437572,128,0,0,0,0
snapshot,lock,128,8192,33,27630063,2234,2935,17392,107471,128,0,0,0,0
snapshot,lock,128,8192,34,28311840,2214,2976,18054,174407,128,0,0,0,0
snapshot,lock,128,8192,35,16500241,2124,7585,28143,332613,128,0,0,0,0
snapshot,lock,128,8192,36,27047922,2064,4328,31499,162575,128,0,0,0,0
snapshot,lock,128,8192,37,20839436,2074,3597,20749,138570,128,0,0,0,0
snapshot,lock,128,8192,38,37528641,2053,4168,21140,183724,128,0,0,0,0
snapshot,lock,128,8192,39,40642351,2024,2966,17633,226194,128,0,0,0,0
snapshot,lock,128,8192,40,26816850,2034,2926,27982,179927,128,0,0,0,0
snapshot,lock,128,8192,41,15485009,2044,16050,21190,256010,128,0,0,0,0
snapshot,lock,128,8192,42,20906192,2134,4118,16892,119554,128,0,0,0,0
snapshot,lock,128,8192,43,22940501,2174,23895,26550,110477,128,0,0,0,0
snapshot,lock,128,8192,44,28758055,2054,4949,24226,201367,128,0,0,0,0
snapshot,lock,128,8192,45,34075934,2104,14327,17152,322684,128,0,0,0,0
snapshot,lock,128,8192,46,23718097,1984,3146,21921,1776917,128,0,0,0,0
snapshot,lock,128,8192,47,25371153,1943,3256,31639,194143,128,0,0,0,0
snapshot,lock,128,8192,48,21701861,1984,2885,26539,138459,128,0,0,0,0
snapshot,lock,128,8192,49,39217743,1874,2926,27602,200345,128,0,0,0,0
snapshot,lock,128,8192,50,33028403,2044,4629,28043,275636,128,0,0,0,0
snapshot,lock,128,8192,51,22413214,1964,3567,32340,705541,128,0,0,0,0
snapshot,lock,128,8192,52,32461982,1973,10950,23214,202359,128,0,0,0,0
snapshot,lock,128,8192,53,28534466,1994,11431,34425,229920,128,0,0,0,0
snapshot,lock,128,8192,54,26709028,1963,39454,27992,179567,128,0,0,0,0
snapshot,lock,128,8192,55,24999987,1984,16981,32050,155902,128,0,0,0,0
snapshot,lock,128,8192,56,9977405,1943,3066,19006,135694,128,0,0,0,0
snapshot,lock,128,8192,57,17875365,1974,11622,21600,146064,128,0,0,0,0
snapshot,lock,128,8192,58,28007139,2054,3476,30978,173676,128,0,0,0,0
snapshot,lock,128,8192,59,31334981,1993,12113,27372,1630735,128,0,0,0,0
snapshot,lock,128,8192,60,37059542,1984,3106,22753,165510,128,0,0,0,0
snapshot,lock,128,8192,61,28039359,2004,13165,30527,123882,128,0,0,0,0
snapshot,lock,128,8192,62,22755675,1993,3567,15238,260428,128,0,0,0,0
snapshot,lock,128,8192,63,34441760,2044,3196,25318,98525,128,0,0,0,0
snapshot,lock,128,8192,64,26429164,2094,3467,18856,114976,128,0,0,0,0
snapshot,lock,128,8192,65,24140548,1933,2936,22252,203541,128,0,0,0,0
snapshot,lock,128,8192,66,24430061,1993,3597,24736,199774,128,0,0,0,0
snapshot,lock,128,8192,67,30884488,2023,34274,21300,179396,128,0,0,0,0
snapshot,lock,128,8192,68,25673990,2144,3346,26059,238617,128,0,0,0,0
snapshot,lock,128,8192,69,23020941,2113,3557,21009,394078,128,0,0,0,0
snapshot,lock,128,8192,70,17216622,2094,3486,24265,157585,128,0,0,0,0
snapshot,lock,128,8192,71,23696857,2124,3326,22372,169227,128,0,0,0,0
snapshot,lock,128,8192,72,19619601,2044,11882,13496,120366,128,0,0,0,0
snapshot,lock,128,8192,73,9156858,2134,3126,21129,137387,128,0,0,0,0
snapshot,lock,128,8192,74,10111135,2154,3256,21891,183664,128,0,0,0,0
snapshot,lock,128,8192,75,15220464,2204,3035,25468,268302,128,0,0,0,0
snapshot,lock,128,8192,76,12388039,2074,2996,34505,204002,128,0,0,0,0
snapshot,lock,128,8192,77,10434080,2014,3176,24706,165120,128,0,0,0,0
snapshot,lock,128,8192,78,11671988,2114,3697,34033,216886,128,0,0,0,0
snapshot,lock,128,8192,79,10198368,2104,7374,25748,344755,128,0,0,0,0
snapshot,lock,128,8192,80,10902998,2154,3106,18184,169929,128,0,0,0,0
snapshot,lock,128,8192,81,16729680,2044,2885,28964,150041,128,0,0,0,0
snapshot,lock,128,8192,82,20148081,1953,3056,16561,207529,128,0,0,0,0
snapshot,lock,128,8192,83,15170069,2124,4508,31669,611805,128,0,0,0,0
snapshot,lock,128,8192,84,25274602,2174,61074,27672,717904,128,0,0,0,0
snapshot,lock,128,8192,85,24196052,2104,4258,32381,276959,128,0,0,0,0
snapshot,lock,128,8192,86,26251952,2264,4018,30888,294702,128,0,0,0,0
snapshot,lock,128,8192,87,16611048,2114,3737,30958,168476,128,0,0,0,0
snapshot,lock,128,8192,88,25846132,2053,4469,27432,206486,128,0,0,0,0
snapshot,lock,128,8192,89,22369292,2063,3347,25758,209312,128,0,0,0,0
snapshot,lock,128,8192,90,25329885,2255,4047,29506,302196,128,0,0,0,0
snapshot,lock,128,8192,91,26830897,2305,204203,29846,261319,128,0,0,0,0
snapshot,lock,128,8192,92,19721072,2284,3757,33963,164007,128,0,0,0,0
snapshot,lock,128,8192,93,27335171,2384,21270,35847,278842,128,0,0,0,0
snapshot,lock,128,8192,94,10889242,2474,3466,41467,377587,128,0,0,0,0
snapshot,lock,128,8192,95,10091909,2374,3707,41638,981669,128,0,0,0,0
snapshot,lock,128,8192,96,9332948,2364,45615,30938,944869,128,0,0,0,0
snapshot,lock,128,8192,97,8423495,2364,3296,35387,242434,128,0,0,0,0
snapshot,lock,128,8192,98,15285586,2344,74129,36759,216045,128,0,0,0,0
snapshot,lock,128,8192,99,8752851,2405,4137,41458,219621,128,0,0,0,0
snapshot,dlopen,4,8192,0,325669,1262,1262,1894,2424,4,0,0,0,0
snapshot,dlopen,4,8192,1,284723,1162,1163,1963,1994,4,0,0,0,0
snapshot,dlopen,4,8192,2,302546,1142,1162,1844,2064,4,0,0,0,0
snapshot,dlopen,4,8192,3,234439,1142,1172,1774,1984,4,0,0,0,0
snapshot,dlopen,4,8192,4,289312,1163,1182,1813,2094,4,0,0,0,0
snapshot,dlopen,4,8192,5,299741,1132,1182,1804,2194,4,0,0,0,0
snapshot,dlopen,4,8192,6,337602,1142,1173,1733,2014,4,0,0,0,0
snapshot,dlopen,4,8192,7,296746,1172,1173,1773,1954,4,0,0,0,0
snapshot,dlopen,4,8192,8,297748,1142,1142,1674,1994,4,0,0,0,0
snapshot,dlopen,4,8192,9,299331,1142,1142,1713,1934,4,0,0,0,0
snapshot,dlopen,4,8192,10,307737,1273,2033,2024,2175,4,0,0,0,0
snapshot,dlopen,4,8192,11,401111,1153,1182,2134,2224,4,0,0,0,0
snapshot,dlopen,4,8192,12,340788,1132,1152,1924,3236,4,0,0,0,0
snapshot,dlopen,4,8192,13,314940,1172,1182,1784,2114,4,0,0,0,0
snapshot,dlopen,4,8192,14,301975,1142,1142,1653,2214,4,0,0,0,0
snapshot,dlopen,4,8192,15,303458,1132,1143,1743,2033,4,0,0,0,0
snapshot,dlopen,4,8192,16,285154,1132,1133,1733,1944,4,0,0,0,0
snapshot,dlopen,4,8192,17,308147,1172,1173,1713,1963,4,0,0,0,0
snapshot,dlopen,4,8192,18,318056,1142,1142,1703,2715,4,0,0,0,0
snapshot,dlopen,4,8192,19,437249,1132,1132,1704,2184,4,0,0,0,0
snapshot,dlopen,4,8192,20,353221,2024,2084,2915,4398,4,0,0,0,0
snapshot,dlopen,4,8192,21,297427,1804,2144,3096,3386,4,0,0,0,0
snapshot,dlopen,4,8192,22,303358,1903,2144,2575,2655,4,0,0,0,0
snapshot,dlopen,4,8192,23,313237,1913,1933,2866,3076,4,0,0,0,0
snapshot,dlopen,4,8192,24,308638,1793,1803,3246,4048,4,0,0,0,0
snapshot,dlopen,4,8192,25,267912,1753,1873,2395,2434,4,0,0,0,0
snapshot,dlopen,4,8192,26,293790,1753,1833,2645,2695,4,0,0,0,0
snapshot,dlopen,4,8192,27,289141,1853,1883,2154,2254,4,0,0,0,0
snapshot,dlopen,4,8192,28,347000,1844,1894,2144,2335,4,0,0,0,0
snapshot,dlopen,4,8192,29,272040,1694,1803,2535,2655,4,0,0,0,0
snapshot,dlopen,4,8192,30,305522,1884,2054,2414,2464,4,0,0,0,0
snapshot,dlopen,4,8192,31,292658,1904,1914,2154,2415,4,0,0,0,0
snapshot,dlopen,4,8192,32,311252,1893,2264,2475,2575,4,0,0,0,0
snapshot,dlopen,4,8192,33,294261,1803,1914,2435,2544,4,0,0,0,0
snapshot,dlopen,4,8192,34,294652,1763,1884,2314,2315,4,0,0,0,0
snapshot,dlopen,4,8192,35,321763,1763,1893,2435,2465,4,0,0,0,0
snapshot,dlopen,4,8192,36,286316,1704,1793,2735,2915,4,0,0,0,0
snapshot,dlopen,4,8192,37,292919,1923,1944,2475,2525,4,0,0,0,0
snapshot,dlopen,4,8192,38,336410,1753,1903,2164,2274,4,0,0,0,0
snapshot,dlopen,4,8192,39,377187,1773,1824,2585,2745,4,0,0,0,0
snapshot,dlopen,4,8192,40,317665,1833,1863,2445,2525,4,0,0,0,0
snapshot,dlopen,4,8192,41,313818,1744,1894,2394,2605,4,0,0,0,0
snapshot,dlopen,4,8192,42,298168,1924,1943,2234,2435,4,0,0,0,0
snapshot,dlopen,4,8192,43,297277,1783,1833,2245,2565,4,0,0,0,0
snapshot,dlopen,4,8192,44,341910,1924,2114,2284,2334,4,0,0,0,0
snapshot,dlopen,4,8192,45,293048,1823,1964,2435,2454,4,0,0,0,0
snapshot,dlopen,4,8192,46,305352,1753,1824,2404,2475,4,0,0,0,0
snapshot,dlopen,4,8192,47,295043,1763,1914,2474,2525,4,0,0,0,0
snapshot,dlopen,4,8192,48,295864,1904,1963,2154,3106,4,0,0,0,0
snapshot,dlopen,4,8192,49,306093,1873,1914,2274,2455,4,0,0,0,0
snapshot,dlopen,4,8192,50,293259,1723,1953,2265,2555,4,0,0,0,0
snapshot,dlopen,4,8192,51,330229,1893,1944,2345,2495,4,0,0,0,0
snapshot,dlopen,4,8192,52,336209,1784,1883,2475,2745,4,0,0,0,0
snapshot,dlopen,4,8192,53,288731,1723,1744,2474,2505,4,0,0,0,0
snapshot,dlopen,4,8192,54,348523,1724,1904,2154,2174,4,0,0,0,0
snapshot,dlopen,4,8192,55,285785,1703,1763,2385,2575,4,0,0,0,0
snapshot,dlopen,4,8192,56,296034,1753,1894,2154,2175,4,0,0,0,0
snapshot,dlopen,4,8192,57,313638,1804,1904,2484,2535,4,0,0,0,0
snapshot,dlopen,4,8192,58,288811,1723,1734,2215,2455,4,0,0,0,0
snapshot,dlopen,4,8192,59,296045,1763,1903,2244,2325,4,0,0,0,0
snapshot,dlopen,4,8192,60,290063,1893,1904,2354,2515,4,0,0,0,0
snapshot,dlopen,4,8192,61,296104,1914,2024,2285,2535,4,0,0,0,0
snapshot,dlopen,4,8192,62,295864,1773,1824,2635,2655,4,0,0,0,0
snapshot,dlopen,4,8192,63,293660,1894,1993,2144,2485,4,0,0,0,0
snapshot,dlopen,4,8192,64,305602,1893,1903,2314,2574,4,0,0,0,0
snapshot,dlopen,4,8192,65,353262,1813,1944,2254,3737,4,0,0,0,0
snapshot,dlopen,4,8192,66,280365,1733,1753,2735,2786,4,0,0,0,0
snapshot,dlopen,4,8192,67,334166,1904,1904,2274,2565,4,0,0,0,0
snapshot,dlopen,4,8192,68,287969,1823,1973,2254,2785,4,0,0,0,0
snapshot,dlopen,4,8192,69,293550,1814,1843,2354,2515,4,0,0,0,0
snapshot,dlopen,4,8192,70,293360,1894,1903,2124,2305,4,0,0,0,0
snapshot,dlopen,4,8192,71,345787,2455,2625,2775,2935,4,0,0,0,0
snapshot,dlopen,4,8192,72,308798,1794,1884,2444,2715,4,0,0,0,0
snapshot,dlopen,4,8192,73,330159,1863,1883,2385,2645,4,0,0,0,0
snapshot,dlopen,4,8192,74,315932,2264,2615,2435,3286,4,0,0,0,0
snapshot,dlopen,4,8192,75,303158,1814,1963,2585,2955,4,0,0,0,0
snapshot,dlopen,4,8192,76,302817,1844,2064,2465,2525,4,0,0,0,0
snapshot,dlopen,4,8192,77,303098,1894,1953,2545,2685,4,0,0,0,0
snapshot,dlopen,4,8192,78,323436,1794,1843,2615,2725,4,0,0,0,0
snapshot,dlopen,4,8192,79,328024,1734,1743,2194,2224,4,0,0,0,0
snapshot,dlopen,4,8192,80,284964,1773,1893,2354,2675,4,0,0,0,0
snapshot,dlopen,4,8192,81,305442,1803,1833,2365,2835,4,0,0,0,0
snapshot,dlopen,4,8192,82,302436,1954,2244,2455,2575,4,0,0,0,0
snapshot,dlopen,4,8192,83,379020,1934,2053,2565,2685,4,0,0,0,0
snapshot,dlopen,4,8192,84,422181,1904,1954,2504,4408,4,0,0,0,0
snapshot,dlopen,4,8192,85,338714,1132,1142,1673,2004,4,0,0,0,0
snapshot,dlopen,4,8192,86,293830,1132,1142,1623,1913,4,0,0,0,0
snapshot,dlopen,4,8192,87,292508,1172,1202,1864,1914,4,0,0,0,0
snapshot,dlopen,4,8192,88,287719,1142,1143,1673,1843,4,0,0,0,0
snapshot,dlopen,4,8192,89,302176,1142,1143,1643,1883,4,0,0,0,0
snapshot,dlopen,4,8192,90,286717,1172,1192,1754,2014,4,0,0,0,0
snapshot,dlopen,4,8192,91,285725,1142,1152,1673,1863,4,0,0,0,0
snapshot,dlopen,4,8192,92,284423,1142,1143,1683,1853,4,0,0,0,0
snapshot,dlopen,4,8192,93,290333,1142,1142,1733,1824,4,0,0,0,0
snapshot,dlopen,4,8192,94,282499,1163,1172,1723,1873,4,0,0,0,0
snapshot,dlopen,4,8192,95,266118,1132,1132,1653,1823,4,0,0,0,0
snapshot,dlopen,4,8192,96,277970,1132,1132,1644,1844,4,0,0,0,0
snapshot,dlopen,4,8192,97,271157,1182,1183,1793,1913,4,0,0,0,0
snapshot,dlopen,4,8192,98,285033,1133,1142,1683,1923,4,0,0,0,0
snapshot,dlopen,4,8192,99,282429,1132,1143,1643,1843,4,0,0,0,0
snapshot,dlopen,32,8192,0,1883537,2244,2615,2705,3767,32,0,0,0,0
snapshot,dlopen,32,8192,1,1704833,2214,2615,2715,3627,32,0,0,0,0
snapshot,dlopen,32,8192,2,1797275,2214,2574,2675,3887,32,0,0,0,0
snapshot,dlopen,32,8192,3,1859342,2214,2595,2725,3737,32,0,0,0,0
snapshot,dlopen,32,8192,4,1867146,2214,2565,2715,3647,32,0,0,0,0
snapshot,dlopen,32,8192,5,1884408,2204,2505,2715,3697,32,0,0,0,0
snapshot,dlopen,32,8192,6,1802155,2204,2706,2715,3667,32,0,0,0,0
snapshot,dlopen,32,8192,7,1858761,2204,2655,2745,3657,32,0,0,0,0
snapshot,dlopen,32,8192,8,4650409,2214,2655,2795,3878,32,0,0,0,0
snapshot,dlopen,32,8192,9,4622637,2314,4459,2765,841176,32,0,0,0,0
snapshot,dlopen,32,8192,10,2728019,2324,2685,2966,62156,32,0,0,0,0
snapshot,dlopen,32,8192,11,3521945,2305,2565,2885,3887,32,0,0,0,0
snapshot,dlopen,32,8192,12,2872169,2335,2805,2956,23744,32,0,0,0,0
snapshot,dlopen,32,8192,13,1987652,2284,2675,2885,6021,32,0,0,0,0
snapshot,dlopen,32,8192,14,3106678,2224,3106,2865,4568,32,0,0,0,0
snapshot,dlopen,32,8192,15,6502617,2234,3106,2926,8596,32,0,0,0,0
snapshot,dlopen,32,8192,16,2668497,2295,2635,2815,384480,32,0,0,0,0
snapshot,dlopen,32,8192,17,3911835,2244,2755,2856,30016,32,0,0,0,0
snapshot,dlopen,32,8192,18,4305493,2285,3096,3006,573675,32,0,0,0,0
snapshot,dlopen,32,8192,19,3474547,2395,4198,3066,4539,32,0,0,0,0
snapshot,dlopen,32,8192,20,4488927,2304,2705,2975,8616,32,0,0,0,0
snapshot,dlopen,32,8192,21,2430922,2324,3747,2936,10339,32,0,0,0,0
snapshot,dlopen,32,8192,22,3900404,2305,2564,2905,4048,32,0,0,0,0
snapshot,dlopen,32,8192,23,4010781,2294,2906,2856,3757,32,0,0,0,0
snapshot,dlopen,32,8192,24,4005071,2264,2635,2806,4238,32,0,0,0,0
snapshot,dlopen,32,8192,25,3912056,2305,2635,2815,4218,32,0,0,0,0
snapshot,dlopen,32,8192,26,1857919,2254,2785,2805,5570,32,0,0,0,0
snapshot,dlopen,32,8192,27,1872346,2234,2585,2756,5470,32,0,0,0,0
snapshot,dlopen,32,8192,28,1847479,2314,2675,2765,3697,32,0,0,0,0
snapshot,dlopen,32,8192,29,2307471,2274,2695,2745,3998,32,0,0,0,0
snapshot,dlopen,32,8192,30,2616970,2314,2655,2846,3777,32,0,0,0,0
snapshot,dlopen,32,8192,31,5974359,2494,3506,3206,629980,32,0,0,0,0
snapshot,dlopen,32,8192,32,2208516,2344,2695,2836,4288,32,0,0,0,0
snapshot,dlopen,32,8192,33,1755938,2254,2715,2716,3867,32,0,0,0,0
snapshot,dlopen,32,8192,34,1758202,2224,2665,2745,3697,32,0,0,0,0
snapshot,dlopen,32,8192,35,1758382,2244,2605,2675,3817,32,0,0,0,0
snapshot,dlopen,32,8192,36,1682050,2215,2614,2745,4689,32,0,0,0,0
snapshot,dlopen,32,8192,37,1908825,2234,3938,2765,3587,32,0,0,0,0
snapshot,dlopen,32,8192,38,1782769,2234,2605,2805,3676,32,0,0,0,0
snapshot,dlopen,32,8192,39,1773371,2404,3617,3166,4358,32,0,0,0,0
snapshot,dlopen,32,8192,40,1744637,2224,2545,2695,3697,32,0,0,0,0
snapshot,dlopen,32,8192,41,1747933,2234,2625,2735,10250,32,0,0,0,0
snapshot,dlopen,32,8192,42,1753815,2234,2635,2675,3717,32,0,0,0,0
snapshot,dlopen,32,8192,43,1732845,2234,4098,2745,3677,32,0,0,0,0
snapshot,dlopen,32,8192,44,1758093,2245,2585,2725,3737,32,0,0,0,0
snapshot,dlopen,32,8192,45,1712707,2224,2645,2715,3597,32,0,0,0,0
snapshot,dlopen,32,8192,46,2140398,2255,2625,2725,4038,32,0,0,0,0
snapshot,dlopen,32,8192,47,3680493,2244,2735,2815,50615,32,0,0,0,0
snapshot,dlopen,32,8192,48,1751319,2254,2665,2865,3687,32,0,0,0,0
snapshot,dlopen,32,8192,49,3512969,2225,2996,2725,3897,32,0,0,0,0
snapshot,dlopen,32,8192,50,2347045,2234,2605,2765,4027,32,0,0,0,0
snapshot,dlopen,32,8192,51,2166056,2224,2625,2735,3988,32,0,0,0,0
snapshot,dlopen,32,8192,52,1802175,2284,2625,2645,4148,32,0,0,0,0
snapshot,dlopen,32,8192,53,3410177,2244,2645,2765,1814518,32,0,0,0,0
snapshot,dlopen,32,8192,54,1800782,2184,2575,2825,11271,32,0,0,0,0
snapshot,dlopen,32,8192,55,1729399,2194,2515,2735,3827,32,0,0,0,0
snapshot,dlopen,32,8192,56,1769183,2254,2635,2745,3757,32,0,0,0,0
snapshot,dlopen,32,8192,57,1759625,2244,2635,2795,3627,32,0,0,0,0
snapshot,dlopen,32,8192,58,1763292,2234,2675,2805,3777,32,0,0,0,0
snapshot,dlopen,32,8192,59,1856877,2234,3617,2725,3787,32,0,0,0,0
snapshot,dlopen,32,8192,60,1755988,2244,2575,2765,3727,32,0,0,0,0
snapshot,dlopen,32,8192,61,1775235,2214,2605,2725,3747,32,0,0,0,0
snapshot,dlopen,32,8192,62,1783139,2224,2545,2705,3697,32,0,0,0,0
snapshot,dlopen,32,8192,63,1754055,2214,2644,2715,3958,32,0,0,0,0
snapshot,dlopen,32,8192,64,1840758,2224,2635,2735,4358,32,0,0,0,0
snapshot,dlopen,32,8192,65,1805381,2295,2635,2795,3997,32,0,0,0,0
snapshot,dlopen,32,8192,66,1760026,2254,2605,2735,3697,32,0,0,0,0
snapshot,dlopen,32,8192,67,1743365,2244,2505,2716,3687,32,0,0,0,0
snapshot,dlopen,32,8192,68,2059226,2304,2645,2835,24997,32,0,0,0,0
snapshot,dlopen,32,8192,69,1751079,2275,2696,2725,3907,32,0,0,0,0
snapshot,dlopen,32,8192,70,1739017,2234,2745,2726,3647,32,0,0,0,0
snapshot,dlopen,32,8192,71,1771768,2324,4409,2835,4168,32,0,0,0,0
snapshot,dlopen,32,8192,72,1881203,2224,2585,2655,3677,32,0,0,0,0
snapshot,dlopen,32,8192,73,1782989,2265,2705,2745,3777,32,0,0,0,0
snapshot,dlopen,32,8192,74,1763823,2234,2655,2815,10309,32,0,0,0,0
snapshot,dlopen,32,8192,75,1766058,2244,2585,2645,3757,32,0,0,0,0
snapshot,dlopen,32,8192,76,1777769,2235,2595,2725,3687,32,0,0,0,0
snapshot,dlopen,32,8192,77,1753143,2244,2605,2785,3777,32,0,0,0,0
snapshot,dlopen,32,8192,78,1833403,2214,2735,2775,7854,32,0,0,0,0
snapshot,dlopen,32,8192,79,1708309,2344,3848,2765,7344,32,0,0,0,0
snapshot,dlopen,32,8192,80,4753702,2214,3417,2745,343463,32,0,0,0,0
snapshot,dlopen,32,8192,81,4858718,2314,2715,2775,12584,32,0,0,0,0
snapshot,dlopen,32,8192,82,1557887,2224,2555,2745,14837,32,0,0,0,0
snapshot,dlopen,32,8192,83,5182235,2205,2645,2785,5280,32,0,0,0,0
snapshot,dlopen,32,8192,84,1556916,2324,2625,2835,4869,32,0,0,0,0
snapshot,dlopen,32,8192,85,1537810,2225,2535,2675,4989,32,0,0,0,0
snapshot,dlopen,32,8192,86,1528572,2254,2675,2775,32751,32,0,0,0,0
snapshot,dlopen,32,8192,87,4657072,2204,2635,2735,12002,32,0,0,0,0
snapshot,dlopen,32,8192,88,1775605,2224,2555,2705,6773,32,0,0,0,0
snapshot,dlopen,32,8192,89,1658025,2295,2665,2825,6552,32,0,0,0,0
snapshot,dlopen,32,8192,90,4806742,2264,2725,2866,13595,32,0,0,0,0
snapshot,dlopen,32,8192,91,5014621,2325,2745,2836,11381,32,0,0,0,0
snapshot,dlopen,32,8192,92,3935049,2294,2976,2756,52708,32,0,0,0,0
snapshot,dlopen,32,8192,93,1860835,2264,2976,2905,24766,32,0,0,0,0
snapshot,dlopen,32,8192,94,4229150,2294,2685,2875,56495,32,0,0,0,0
snapshot,dlopen,32,8192,95,9383352,2304,2645,2735,57888,32,0,0,0,0
snapshot,dlopen,32,8192,96,4411581,2334,2795,2905,11521,32,0,0,0,0
snapshot,dlopen,32,8192,97,5020391,2324,2565,2725,8245,32,0,0,0,0
snapshot,dlopen,32,8192,98,1883818,2305,2595,2795,4538,32,0,0,0,0
snapshot,dlopen,32,8192,99,5244822,2315,2615,2735,4849,32,0,0,0,0
snapshot,dlopen,128,8192,0,55994972,2354,2906,2070427,19277982,128,0,0,0,0
snapshot,dlopen,128,8192,1,57824067,2334,3056,2874042,21118608,128,0,0,0,0
snapshot,dlopen,128,8192,2,56816621,2334,2946,3066623,19914955,128,0,0,0,0
snapshot,dlopen,128,8192,3,32611061,2345,3176,3163765,17234354,128,0,0,0,0
snapshot,dlopen,128,8192,4,51192689,2325,3026,2635415,18066183,128,0,0,0,0
snapshot,dlopen,128,8192,5,26326201,2375,3096,3322322,18406169,128,0,0,0,0
snapshot,dlopen,128,8192,6,51165678,2385,5360,3065150,18069008,128,0,0,0,0
snapshot,dlopen,128,8192,7,47889614,2345,3066,2897336,16800853,128,0,0,0,0
snapshot,dlopen,128,8192,8,30987170,2304,2955,2316959,20455607,128,0,0,0,0
snapshot,dlopen,128,8192,9,44659064,2344,3396,2301961,27954461,128,0,0,0,0
snapshot,dlopen,128,8192,10,36243333,2284,2955,3148546,19210636,128,0,0,0,0
snapshot,dlopen,128,8192,11,121162251,2385,3496,3043009,18555910,127,0,1,0,0
snapshot,dlopen,128,8192,12,59172793,2585,3046,2367032,21325917,128,0,0,0,0
snapshot,dlopen,128,8192,13,33783576,2475,3326,3595103,17679648,128,0,0,0,0
snapshot,dlopen,128,8192,14,54911823,2414,3818,2958350,16854182,128,0,0,0,0
snapshot,dlopen,128,8192,15,41990977,2324,3417,2981504,16912151,128,0,0,0,0
snapshot,dlopen,128,8192,16,38972604,2375,3287,2980291,18009597,128,0,0,0,0
snapshot,dlopen,128,8192,17,50826613,2364,3055,2977105,20895932,128,0,0,0,0
snapshot,dlopen,128,8192,18,44037359,2354,3346,3088715,19181992,128,0,0,0,0
snapshot,dlopen,128,8192,19,45338055,2395,3687,3006110,24127824,128,0,0,0,0
snapshot,dlopen,128,8192,20,45532128,2365,3136,2722358,24655913,128,0,0,0,0
snapshot,dlopen,128,8192,21,49773150,2395,3356,3164216,22901277,128,0,0,0,0
snapshot,dlopen,128,8192,22,57366050,2384,3296,3184063,23932389,128,0,0,0,0
snapshot,dlopen,128,8192,23,30285796,2404,3256,2140819,18137606,128,0,0,0,0
snapshot,dlopen,128,8192,24,35676561,2355,3677,3641851,20634582,128,0,0,0,0
snapshot,dlopen,128,8192,25,24713772,2374,3096,3515774,16916309,128,0,0,0,0
snapshot,dlopen,128,8192,26,30940423,2375,3436,3272038,18798895,128,0,0,0,0
snapshot,dlopen,128,8192,27,26756186,2384,3377,3236331,18226112,128,0,0,0,0
snapshot,dlopen,128,8192,28,29297566,2354,3656,2566496,17387272,128,0,0,0,0
snapshot,dlopen,128,8192,29,37551914,2365,3066,2703323,18191989,128,0,0,0,0
snapshot,dlopen,128,8192,30,51914160,2475,4188,3712012,24676462,128,0,0,0,0
snapshot,dlopen,128,8192,31,42334039,2655,3467,3797091,22706873,128,0,0,0,0
snapshot,dlopen,128,8192,32,39190933,2545,3096,2955405,24198627,128,0,0,0,0
snapshot,dlopen,128,8192,33,35058975,2455,3326,3895606,23868559,128,0,0,0,0
snapshot,dlopen,128,8192,34,34095120,2384,4228,2965203,20057812,128,0,0,0,0
snapshot,dlopen,128,8192,35,33128009,2384,3336,3768467,22024465,128,0,0,0,0
snapshot,dlopen,128,8192,36,43118738,2414,3507,3218337,23887594,128,0,0,0,0
snapshot,dlopen,128,8192,37,36052746,2384,3356,3722691,20741082,128,0,0,0,0
snapshot,dlopen,128,8192,38,44906176,2425,3216,3625790,26850402,128,0,0,0,0
snapshot,dlopen,128,8192,39,39365470,2535,3337,3660935,29671135,128,0,0,0,0
snapshot,dlopen,128,8192,40,48782355,2474,3436,3008534,27337605,128,0,0,0,0
snapshot,dlopen,128,8192,41,44957973,2585,3467,2968349,25569474,128,0,0,0,0
snapshot,dlopen,128,8192,42,51249075,2584,3346,4514985,36512888,128,0,0,0,0
snapshot,dlopen,128,8192,43,56703138,2474,3536,3961820,33253374,128,0,0,0,0
snapshot,dlopen,128,8192,44,39210760,2544,3366,3666606,22669583,128,0,0,0,0
snapshot,dlopen,128,8192,45,36003193,2475,6151,3220671,22455292,128,0,0,0,0
snapshot,dlopen,128,8192,46,38772009,2565,3417,3824402,25022830,128,0,0,0,0
snapshot,dlopen,128,8192,47,40147825,2515,3487,3610261,24482559,128,0,0,0,0
snapshot,dlopen,128,8192,48,52820958,2534,3256,3294449,25281234,128,0,0,0,0
snapshot,dlopen,128,8192,49,101859072,2585,3446,3413873,54119760,128,0,0,0,0
snapshot,dlopen,128,8192,50,68270029,2665,3787,4067337,42504167,128,0,0,0,0
snapshot,dlopen,128,8192,51,47791880,2605,3657,4115257,30199796,128,0,0,0,0
snapshot,dlopen,128,8192,52,42713580,2565,4759,3531142,26479428,128,0,0,0,0
snapshot,dlopen,128,8192,53,38006856,2555,29636,4369442,23527530,128,0,0,0,0
snapshot,dlopen,128,8192,54,48309990,2585,3416,3826526,30233388,128,0,0,0,0
snapshot,dlopen,128,8192,55,41060414,2514,3276,4368400,24384014,128,0,0,0,0
snapshot,dlopen,128,8192,56,41691055,2514,3657,3078415,25134289,128,0,0,0,0
snapshot,dlopen,128,8192,57,44140672,2555,3326,3548175,24616089,128,0,0,0,0
snapshot,dlopen,128,8192,58,44934509,2575,3486,4430748,28223544,128,0,0,0,0
snapshot,dlopen,128,8192,59,42606880,2595,3246,3707012,27588725,128,0,0,0,0
snapshot,dlopen,128,8192,60,47566488,2554,3416,4096722,27943560,128,0,0,0,0
snapshot,dlopen,128,8192,61,38983044,2585,4338,5275830,25330056,128,0,0,0,0
snapshot,dlopen,128,8192,62,46719011,2635,3537,2915901,31204567,128,0,0,0,0
snapshot,dlopen,128,8192,63,34981831,2605,4188,4598742,26074279,128,0,0,0,0
snapshot,dlopen,128,8192,64,43491547,2525,5059,4567684,31080554,128,0,0,0,0
snapshot,dlopen,128,8192,65,40502189,2585,3256,4260528,27859954,128,0,0,0,0
snapshot,dlopen,128,8192,66,33193612,2505,3496,4570529,20524376,128,0,0,0,0
snapshot,dlopen,128,8192,67,33506578,2415,3476,4275657,22987799,128,0,0,0,0
snapshot,dlopen,128,8192,68,40385800,2394,3407,3860009,20980270,128,0,0,0,0
snapshot,dlopen,128,8192,69,31523284,2405,3016,4347862,20260743,128,0,0,0,0
snapshot,dlopen,128,8192,70,36902247,2384,3306,3937634,20923303,128,0,0,0,0
snapshot,dlopen,128,8192,71,33677759,2355,3357,4020319,23517491,128,0,0,0,0
snapshot,dlopen,128,8192,72,29544649,2354,3246,4209844,20316547,128,0,0,0,0
snapshot,dlopen,128,8192,73,30884757,2355,3596,3672398,19653996,128,0,0,0,0
snapshot,dlopen,128,8192,74,25950257,2384,3126,3690621,16865404,128,0,0,0,0
snapshot,dlopen,128,8192,75,62744723,2375,2935,2615969,18329015,128,0,0,0,0
snapshot,dlopen,128,8192,76,30134663,2404,3757,3440533,16724280,128,0,0,0,0
snapshot,dlopen,128,8192,77,34695254,2374,3436,3879876,18008625,128,0,0,0,0
snapshot,dlopen,128,8192,78,33851153,2355,3116,3813471,17775017,128,0,0,0,0
snapshot,dlopen,128,8192,79,27450617,2425,3126,3379830,17440331,128,0,0,0,0
snapshot,dlopen,128,8192,80,37894976,2374,3878,2977315,19767639,128,0,0,0,0
snapshot,dlopen,128,8192,81,36334814,2375,3347,3696002,22099015,128,0,0,0,0
snapshot,dlopen,128,8192,82,35183488,2365,3337,2672715,17400306,128,0,0,0,0
snapshot,dlopen,128,8192,83,25266176,2375,3376,2544435,17520511,128,0,0,0,0
snapshot,dlopen,128,8192,84,27125147,2385,3757,3719355,17480346,128,0,0,0,0
snapshot,dlopen,128,8192,85,39969321,2474,3987,3061473,22119093,128,0,0,0,0
snapshot,dlopen,128,8192,86,32136543,2545,3717,2588026,23148450,128,0,0,0,0
snapshot,dlopen,128,8192,87,45036069,2505,4348,2393933,24975682,128,0,0,0,0
snapshot,dlopen,128,8192,88,57566104,2464,3356,2903567,24857791,128,0,0,0,0
snapshot,dlopen,128,8192,89,42011876,2534,3567,3311972,26262021,128,0,0,0,0
snapshot,dlopen,128,8192,90,47730475,2405,3547,3272609,25324155,128,0,0,0,0
snapshot,dlopen,128,8192,91,44743712,2415,3527,2614707,23543890,128,0,0,0,0
snapshot,dlopen,128,8192,92,51309096,2395,3176,3699418,22664094,128,0,0,0,0
snapshot,dlopen,128,8192,93,44064760,2344,2906,2463152,22475901,128,0,0,0,0
snapshot,dlopen,128,8192,94,43858284,2414,3326,2895312,21294628,128,0,0,0,0
snapshot,dlopen,128,8192,95,46992222,2515,3537,3399286,24461690,128,0,0,0,0
snapshot,dlopen,128,8192,96,60131989,2495,3476,3080569,27537720,128,0,0,0,0
snapshot,dlopen,128,8192,97,49513334,2504,4980,3324345,32319385,128,0,0,0,0
snapshot,dlopen,128,8192,98,46708221,2514,3376,3426257,25325858,128,0,0,0,0
snapshot,dlopen,128,8192,99,44775051,2655,3577,3032759,24093560,128,0,0,0,0
snapshot,spin,4,4096,0,226074,1061,1693,2014,2053,4,0,0,0,0
snapshot,spin,4,4096,1,223158,1222,1663,2334,2374,4,0,0,0,0
snapshot,spin,4,4096,2,224119,1062,1914,2144,2154,4,0,0,0,0
snapshot,spin,4,4096,3,225071,1052,1894,2064,2174,4,0,0,0,0
snapshot,spin,4,4096,4,226594,1103,1573,2444,2505,4,0,0,0,0
snapshot,spin,4,4096,5,240941,1873,2044,2084,2274,4,0,0,0,0
snapshot,spin,4,4096,6,218149,1092,1633,2114,2144,4,0,0,0,0
snapshot,spin,4,4096,7,225893,1232,1713,2014,2134,4,0,0,0,0
snapshot,spin,4,4096,8,221976,1102,1603,2255,2425,4,0,0,0,0
snapshot,spin,4,4096,9,221845,1242,1984,2395,2445,4,0,0,0,0
snapshot,spin,4,4096,10,238697,2124,2164,2515,2675,4,0,0,0,0
snapshot,spin,4,4096,11,228548,1102,1983,2023,2344,4,0,0,0,0
snapshot,spin,4,4096,12,227826,1092,1853,2154,2264,4,0,0,0,0
snapshot,spin,4,4096,13,232155,1223,2194,2545,2605,4,0,0,0,0
snapshot,spin,4,4096,14,226925,1062,2615,3256,3317,4,0,0,0,0
snapshot,spin,4,4096,15,228688,1092,2665,2775,2985,4,0,0,0,0
snapshot,spin,4,4096,16,230512,1092,1783,2735,2745,4,0,0,0,0
snapshot,spin,4,4096,17,281207,1272,1763,2635,2735,4,0,0,0,0
snapshot,spin,4,4096,18,230702,1523,1603,2485,2936,4,0,0,0,0
snapshot,spin,4,4096,19,244007,1292,1683,2274,2344,4,0,0,0,0
snapshot,spin,4,4096,20,195095,1093,1833,2124,2234,4,0,0,0,0
snapshot,spin,4,4096,21,221425,1222,1694,2204,2264,4,0,0,0,0
snapshot,spin,4,4096,22,221705,1052,1673,2164,2195,4,0,0,0,0
snapshot,spin,4,4096,23,220123,1252,2034,2154,2385,4,0,0,0,0
snapshot,spin,4,4096,24,243887,1052,1543,2184,2394,4,0,0,0,0
snapshot,spin,4,4096,25,222316,1293,1794,2254,2595,4,0,0,0,0
snapshot,spin,4,4096,26,221816,1092,1723,2114,2124,4,0,0,0,0
snapshot,spin,4,4096,27,220723,1092,1493,1994,2435,4,0,0,0,0
snapshot,spin,4,4096,28,224370,1052,1523,2024,2114,4,0,0,0,0
snapshot,spin,4,4096,29,278491,1042,1643,2234,2254,4,0,0,0,0
snapshot,spin,4,4096,30,241291,1122,1523,2545,2785,4,0,0,0,0
snapshot,spin,4,4096,31,226444,1343,1683,2024,2174,4,0,0,0,0
snapshot,spin,4,4096,32,220653,1052,1633,2194,2274,4,0,0,0,0
snapshot,spin,4,4096,33,224641,1052,1533,2124,2134,4,0,0,0,0
snapshot,spin,4,4096,34,222327,1092,1613,2215,2475,4,0,0,0,0
snapshot,spin,4,4096,35,220913,1453,1654,1874,2074,4,0,0,0,0
snapshot,spin,4,4096,36,221285,1052,1663,2214,2414,4,0,0,0,0
snapshot,spin,4,4096,37,221104,1052,1653,2144,2264,4,0,0,0,0
snapshot,spin,4,4096,38,235591,1092,1803,2265,2725,4,0,0,0,0
snapshot,spin,4,4096,39,225883,1512,1583,2024,2174,4,0,0,0,0
snapshot,spin,4,4096,40,220654,1143,1693,2114,2164,4,0,0,0,0
snapshot,spin,4,4096,41,220202,1062,1623,2124,2164,4,0,0,0,0
snapshot,spin,4,4096,42,212178,1062,1623,1934,1954,4,0,0,0,0
snapshot,spin,4,4096,43,221074,1272,1613,2194,2234,4,0,0,0,0
snapshot,spin,4,4096,44,220112,1082,1503,2124,2164,4,0,0,0,0
snapshot,spin,4,4096,45,219962,1052,1624,2074,2144,4,0,0,0,0
snapshot,spin,4,4096,46,224691,1052,1793,2124,2254,4,0,0,0,0
snapshot,spin,4,4096,47,222316,1393,1694,2394,2434,4,0,0,0,0
snapshot,spin,4,4096,48,217998,1052,1583,2134,2314,4,0,0,0,0
snapshot,spin,4,4096,49,222667,1092,1683,2404,2464,4,0,0,0,0
snapshot,spin,4,4096,50,220884,1052,1673,2184,2504,4,0,0,0,0
snapshot,spin,4,4096,51,216846,1303,1854,2244,2314,4,0,0,0,0
snapshot,spin,4,4096,52,225092,1863,2134,2254,2415,4,0,0,0,0
snapshot,spin,4,4096,53,223489,1743,1744,2164,2415,4,0,0,0,0
snapshot,spin,4,4096,54,222877,1613,1834,2244,2415,4,0,0,0,0
snapshot,spin,4,4096,55,224481,1673,1914,2174,2194,4,0,0,0,0
snapshot,spin,4,4096,56,240310,1553,2094,2515,10189,4,0,0,0,0
snapshot,spin,4,4096,57,218329,1844,1964,2324,2544,4,0,0,0,0
snapshot,spin,4,4096,58,221545,1763,1904,2274,2284,4,0,0,0,0
snapshot,spin,4,4096,59,218599,1843,1934,2013,2365,4,0,0,0,0
snapshot,spin,4,4096,60,203050,1893,2004,2194,2425,4,0,0,0,0
snapshot,spin,4,4096,61,222237,1573,1783,2324,2425,4,0,0,0,0
snapshot,spin,4,4096,62,222015,1703,1823,2525,2835,4,0,0,0,0
snapshot,spin,4,4096,63,223268,1713,1843,2134,2344,4,0,0,0,0
snapshot,spin,4,4096,64,226494,1663,1984,2585,2745,4,0,0,0,0
snapshot,spin,4,4096,65,222748,1663,1743,2384,2625,4,0,0,0,0
snapshot,spin,4,4096,66,228518,1683,1763,2274,2294,4,0,0,0,0
snapshot,spin,4,4096,67,213560,1693,1723,2244,2655,4,0,0,0,0
snapshot,spin,4,4096,68,222927,1693,1813,2425,2535,4,0,0,0,0
snapshot,spin,4,4096,69,298820,1773,1863,1994,2284,4,0,0,0,0
snapshot,spin,4,4096,70,331120,1092,1092,2695,2946,4,0,0,0,0
snapshot,spin,4,4096,71,238657,1082,1082,2405,3096,4,0,0,0,0
snapshot,spin,4,4096,72,221264,1042,1042,1663,1703,4,0,0,0,0
snapshot,spin,4,4096,73,225792,1182,1884,2003,3587,4,0,0,0,0
snapshot,spin,4,4096,74,219451,1052,1092,1703,1773,4,0,0,0,0
snapshot,spin,4,4096,75,235040,1042,1302,1623,1813,4,0,0,0,0
snapshot,spin,4,4096,76,220132,1082,1092,1633,1773,4,0,0,0,0
snapshot,spin,4,4096,77,240039,1042,1052,1593,1683,4,0,0,0,0
snapshot,spin,4,4096,78,219722,1092,1102,1754,1793,4,0,0,0,0
snapshot,spin,4,4096,79,214833,1042,1052,1673,1683,4,0,0,0,0
snapshot,spin,4,4096,80,217748,1032,1032,1603,1643,4,0,0,0,0
snapshot,spin,4,4096,81,220473,1042,1042,1643,1844,4,0,0,0,0
snapshot,spin,4,4096,82,217768,1082,1152,1733,1803,4,0,0,0,0
snapshot,spin,4,4096,83,220533,1042,1042,1723,1844,4,0,0,0,0
snapshot,spin,4,4096,84,216916,1032,1032,1613,1633,4,0,0,0,0
snapshot,spin,4,4096,85,217277,1022,1032,1603,1633,4,0,0,0,0
snapshot,spin,4,4096,86,216505,1032,1082,1603,1774,4,0,0,0,0
snapshot,spin,4,4096,87,214161,1072,1082,1713,1713,4,0,0,0,0
snapshot,spin,4,4096,88,212608,1042,1072,1643,1743,4,0,0,0,0
snapshot,spin,4,4096,89,215473,1032,1032,1673,1773,4,0,0,0,0
snapshot,spin,4,4096,90,216987,1032,1032,1623,1653,4,0,0,0,0
snapshot,spin,4,4096,91,217307,1032,1082,1783,1863,4,0,0,0,0
snapshot,spin,4,4096,92,216716,1072,1082,1703,1734,4,0,0,0,0
snapshot,spin,4,4096,93,219000,1032,1042,1643,1734,4,0,0,0,0
snapshot,spin,4,4096,94,216496,1022,1032,1613,1643,4,0,0,0,0
snapshot,spin,4,4096,95,274684,1042,1042,1833,1883,4,0,0,0,0
snapshot,spin,4,4096,96,272541,1412,1543,2164,2245,4,0,0,0,0
snapshot,spin,4,4096,97,268212,1513,1523,1934,1994,4,0,0,0,0
snapshot,spin,4,4096,98,266870,1432,1563,1984,2064,4,0,0,0,0
snapshot,spin,4,4096,99,314439,1542,1593,2034,2044,4,0,0,0,0
snapshot,spin,32,4096,0,5114799,2144,2575,2796,553006,32,0,0,0,0
snapshot,spin,32,4096,1,4503795,2184,2555,2866,1428806,32,0,0,0,0
snapshot,spin,32,4096,2,5337907,2154,2445,3046,2832445,32,0,0,0,0
snapshot,spin,32,4096,3,4034365,2104,2655,2956,579695,32,0,0,0,0
snapshot,spin,32,4096,4,6982236,2214,2905,2865,2551769,32,0,0,0,0
snapshot,spin,32,4096,5,5809109,2194,2776,2855,1568828,32,0,0,0,0
snapshot,spin,32,4096,6,3278870,2164,2845,2875,1746020,32,0,0,0,0
snapshot,spin,32,4096,7,3772195,2154,2645,3095,1840336,32,0,0,0,0
snapshot,spin,32,4096,8,3094515,2084,2595,2795,670646,32,0,0,0,0
snapshot,spin,32,4096,9,36140611,2144,2514,2695,601337,32,0,0,0,0
snapshot,spin,32,4096,10,4988662,2284,2605,3296,479999,32,0,0,0,0
snapshot,spin,32,4096,11,4985907,2154,2525,2746,527928,32,0,0,0,0
snapshot,spin,32,4096,12,6312382,2164,2635,2895,754963,32,0,0,0,0
snapshot,spin,32,4096,13,3667178,2204,2865,3196,995154,32,0,0,0,0
snapshot,spin,32,4096,14,5020833,2134,2585,3006,483987,32,0,0,0,0
snapshot,spin,32,4096,15,5194979,2254,2926,3396,1451759,32,0,0,0,0
snapshot,spin,32,4096,16,5881625,2134,2855,3176,2249753,32,0,0,0,0
snapshot,spin,32,4096,17,5818767,2234,2625,3426,2366121,32,0,0,0,0
snapshot,spin,32,4096,18,4816339,2274,2795,3567,1577013,32,0,0,0,0
snapshot,spin,32,4096,19,4331442,2244,3286,3407,2750631,32,0,0,0,0
snapshot,spin,32,4096,20,7902158,2254,2605,2975,2398541,32,0,0,0,0
snapshot,spin,32,4096,21,5009271,2255,2755,3276,475410,32,0,0,0,0
snapshot,spin,32,4096,22,2480856,2254,2705,3567,612387,32,0,0,0,0
snapshot,spin,32,4096,23,2508287,2234,3316,3216,914413,32,0,0,0,0
snapshot,spin,32,4096,24,3020897,2234,2655,3236,33092,32,0,0,0,0
snapshot,spin,32,4096,25,4893604,2204,2695,3026,276148,32,0,0,0,0
snapshot,spin,32,4096,26,4091031,2264,2735,3116,581739,32,0,0,0,0
snapshot,spin,32,4096,27,2998475,2224,2705,2956,131436,32,0,0,0,0
snapshot,spin,32,4096,28,3886077,2174,2775,2856,18805,32,0,0,0,0
snapshot,spin,32,4096,29,4090159,2154,2645,2985,18114,32,0,0,0,0
snapshot,spin,32,4096,30,3516766,2205,2705,3236,1470213,32,0,0,0,0
snapshot,spin,32,4096,31,4811911,2264,3677,3316,957422,32,0,0,0,0
snapshot,spin,32,4096,32,3582018,2285,2625,3226,408375,32,0,0,0,0
snapshot,spin,32,4096,33,5007518,2204,2585,3046,210013,32,0,0,0,0
snapshot,spin,32,4096,34,6132856,2194,2766,3336,2553352,32,0,0,0,0
snapshot,spin,32,4096,35,4847909,2204,2815,3085,1404770,32,0,0,0,0
snapshot,spin,32,4096,36,4985997,2174,2555,2866,65622,32,0,0,0,0
snapshot,spin,32,4096,37,5110901,2224,2605,3145,564147,32,0,0,0,0
snapshot,spin,32,4096,38,2877449,2084,2485,3106,47439,32,0,0,0,0
snapshot,spin,32,4096,39,3039632,1973,2585,3266,1113455,32,0,0,0,0
snapshot,spin,32,4096,40,3989261,2134,2465,2795,17442,32,0,0,0,0
snapshot,spin,32,4096,41,2062984,2194,2655,3086,480850,32,0,0,0,0
snapshot,spin,32,4096,42,4919683,2164,2525,2795,17613,32,0,0,0,0
snapshot,spin,32,4096,43,4051287,2144,2545,2926,17723,32,0,0,0,0
snapshot,spin,32,4096,44,2922884,2204,2585,2856,84618,32,0,0,0,0
snapshot,spin,32,4096,45,3990774,2194,2505,2815,17563,32,0,0,0,0
snapshot,spin,32,4096,46,5070635,2214,2775,2865,830986,32,0,0,0,0
snapshot,spin,32,4096,47,4922508,2134,2615,2985,18264,32,0,0,0,0
snapshot,spin,32,4096,48,11091331,2204,2585,2906,2554934,32,0,0,0,0
snapshot,spin,32,4096,49,12005372,2214,2655,3095,1476084,32,0,0,0,0
snapshot,spin,32,4096,50,7721310,2234,2705,3216,3173643,32,0,0,0,0
snapshot,spin,32,4096,51,3257059,2284,4168,3126,81162,32,0,0,0,0
snapshot,spin,32,4096,52,6715967,2194,2625,3086,1482837,32,0,0,0,0
snapshot,spin,32,4096,53,4924913,2284,2725,3266,1762430,32,0,0,0,0
snapshot,spin,32,4096,54,3364631,2154,2775,3026,835074,32,0,0,0,0
snapshot,spin,32,4096,55,2989378,2184,2645,3035,455553,32,0,0,0,0
snapshot,spin,32,4096,56,4037491,2103,2605,2885,464930,32,0,0,0,0
snapshot,spin,32,4096,57,4960840,2214,2835,3196,2421836,32,0,0,0,0
snapshot,spin,32,4096,58,3886388,2204,2685,3196,469430,32,0,0,0,0
snapshot,spin,32,4096,59,5105401,2204,2685,3156,2580974,32,0,0,0,0
snapshot,spin,32,4096,60,3913960,2184,2696,3186,459821,32,0,0,0,0
snapshot,spin,32,4096,61,5017787,2445,2795,3506,1536568,32,0,0,0,0
snapshot,spin,32,4096,62,2264230,2174,2926,3126,533469,32,0,0,0,0
snapshot,spin,32,4096,63,2778353,2175,2685,3055,1254920,32,0,0,0,0
snapshot,spin,32,4096,64,2900552,2124,2585,2966,72535,32,0,0,0,0
snapshot,spin,32,4096,65,5010844,2224,2615,3276,1573427,32,0,0,0,0
snapshot,spin,32,4096,66,5130588,2165,2605,3006,1565302,32,0,0,0,0
snapshot,spin,32,4096,67,3969454,2244,2795,3076,2425953,32,0,0,0,0
snapshot,spin,32,4096,68,3978982,2224,2915,3136,1446149,32,0,0,0,0
snapshot,spin,32,4096,69,4005601,2254,2806,2946,1466947,32,0,0,0,0
snapshot,spin,32,4096,70,3963843,2194,2725,2956,1467077,32,0,0,0,0
snapshot,spin,32,4096,71,6257388,2154,2675,3085,1465514,32,0,0,0,0
snapshot,spin,32,4096,72,3745465,2194,2735,3216,2227061,32,0,0,0,0
snapshot,spin,32,4096,73,6958331,2234,2565,3918,2513046,32,0,0,0,0
snapshot,spin,32,4096,74,9971634,2204,2514,4017,8297740,32,0,0,0,0
snapshot,spin,32,4096,75,28141651,2435,4037,4037,5551146,32,0,0,0,0
snapshot,spin,32,4096,76,1884459,2405,2805,3907,385903,32,0,0,0,0
snapshot,spin,32,4096,77,3031647,2225,2655,3416,504544,32,0,0,0,0
snapshot,spin,32,4096,78,3009576,2254,2675,3396,1457239,32,0,0,0,0
snapshot,spin,32,4096,79,3209821,2154,2665,2995,451545,32,0,0,0,0
snapshot,spin,32,4096,80,2785616,2144,2475,3086,359163,32,0,0,0,0
snapshot,spin,32,4096,81,4884186,2154,2625,2915,457747,32,0,0,0,0
snapshot,spin,32,4096,82,4100218,2234,2685,3206,576881,32,0,0,0,0
snapshot,spin,32,4096,83,5098438,2154,2816,3035,1467879,32,0,0,0,0
snapshot,spin,32,4096,84,4771857,2154,2685,3126,1366609,32,0,0,0,0
snapshot,spin,32,4096,85,5734519,2194,2825,3356,3592207,32,0,0,0,0
snapshot,spin,32,4096,86,5430149,2184,2846,3356,854159,32,0,0,0,0
snapshot,spin,32,4096,87,5944051,2204,2855,3286,1414319,32,0,0,0,0
snapshot,spin,32,4096,88,34111210,2164,2905,3206,2472951,32,0,0,0,0
snapshot,spin,32,4096,89,3879245,2305,2835,3486,19807,32,0,0,0,0
snapshot,spin,32,4096,90,4007004,2214,2876,3256,1493697,32,0,0,0,0
snapshot,spin,32,4096,91,5987031,2214,2635,3006,2442003,32,0,0,0,0
snapshot,spin,32,4096,92,2986723,2215,2655,3085,865581,32,0,0,0,0
snapshot,spin,32,4096,93,6037025,2124,2745,3096,2471649,32,0,0,0,0
snapshot,spin,32,4096,94,5040018,2244,2565,3165,1425790,32,0,0,0,0
snapshot,spin,32,4096,95,9977214,2194,2885,2986,2386109,32,0,0,0,0
snapshot,spin,32,4096,96,2855107,2174,2755,3156,821288,32,0,0,0,0
snapshot,spin,32,4096,97,3059659,2144,2665,2845,1556064,32,0,0,0,0
snapshot,spin,32,4096,98,4012033,2204,2715,3146,2478933,32,0,0,0,0
snapshot,spin,32,4096,99,3998828,2174,2525,2936,17873,32,0,0,0,0
snapshot,spin,128,4096,0,38291528,2204,2925,3339213,24386719,128,0,0,0,0
snapshot,spin,128,4096,1,54055059,2184,2745,3968963,34007305,128,0,0,0,0
snapshot,spin,128,4096,2,46842522,2254,3055,3902038,27899688,128,0,0,0,0
snapshot,spin,128,4096,3,50032646,2284,3086,4021181,32537603,128,0,0,0,0
snapshot,spin,128,4096,4,43720726,2255,2865,4023985,26779230,128,0,0,0,0
snapshot,spin,128,4096,5,40367596,2314,3397,3302033,24199468,128,0,0,0,0
snapshot,spin,128,4096,6,57900771,2224,3697,3257982,26815067,128,0,0,0,0
snapshot,spin,128,4096,7,48969676,2304,3036,2953250,25930419,128,0,0,0,0
snapshot,spin,128,4096,8,54603767,2344,4499,3040474,24924496,128,0,0,0,0
snapshot,spin,128,4096,9,39387461,2365,3457,3343551,24303172,128,0,0,0,0
snapshot,spin,128,4096,10,56912891,2305,3116,4986368,31901572,128,0,0,0,0
snapshot,spin,128,4096,11,53898656,2255,3206,3976658,33118060,128,0,0,0,0
snapshot,spin,128,4096,12,48020899,2294,3096,3243664,32041254,128,0,0,0,0
snapshot,spin,128,4096,13,51998768,2234,3266,3113621,31060497,128,0,0,0,0
snapshot,spin,128,4096,14,47980734,2244,2946,3132917,28053667,128,0,0,0,0
snapshot,spin,128,4096,15,45048583,2244,2895,4086293,26029125,128,0,0,0,0
snapshot,spin,128,4096,16,51964444,2194,4910,3074337,21101477,128,0,0,0,0
snapshot,spin,128,4096,17,41978584,2215,3727,3006450,19981069,128,0,0,0,0
snapshot,spin,128,4096,18,38594335,2214,4508,3101739,18023943,128,0,0,0,0
snapshot,spin,128,4096,19,32965514,2195,3136,3427869,21420814,128,0,0,0,0
snapshot,spin,128,4096,20,39378805,2234,3186,3455571,21336256,128,0,0,0,0
snapshot,spin,128,4096,21,41619110,2194,2725,3186347,17608195,128,0,0,0,0
snapshot,spin,128,4096,22,35384134,2195,3016,3513049,20443845,128,0,0,0,0
snapshot,spin,128,4096,23,44923218,2214,3787,3053469,25758328,128,0,0,0,0
snapshot,spin,128,4096,24,37936544,2234,8126,3054861,23020090,128,0,0,0,0
snapshot,spin,128,4096,25,33158456,2174,2966,2791067,18225952,128,0,0,0,0
snapshot,spin,128,4096,26,45850955,2224,3767,3788635,19965680,128,0,0,0,0
snapshot,spin,128,4096,27,49014459,2245,3146,3035825,21054829,128,0,0,0,0
snapshot,spin,128,4096,28,27039667,2195,2675,3534700,19012766,128,0,0,0,0
snapshot,spin,128,4096,29,38099559,2204,2766,3010197,18061684,128,0,0,0,0
snapshot,spin,128,4096,30,55655867,2324,4057,3804074,20778672,128,0,0,0,0
snapshot,spin,128,4096,31,32084525,2355,3356,3230209,20660681,128,0,0,0,0
snapshot,spin,128,4096,32,61966725,2334,3316,3148145,30685715,128,0,0,0,0
snapshot,spin,128,4096,33,34087646,2215,3557,3218777,20151658,128,0,0,0,0
snapshot,spin,128,4096,34,55089897,2364,3587,3049731,27231587,128,0,0,0,0
snapshot,spin,128,4096,35,51887580,2364,2925,3971838,22856804,128,0,0,0,0
snapshot,spin,128,4096,36,43917364,2224,3416,3990182,28029111,128,0,0,0,0
snapshot,spin,128,4096,37,43040082,2204,3016,3148416,26084218,128,0,0,0,0
snapshot,spin,128,4096,38,44989001,2194,3376,4143479,29041426,128,0,0,0,0
snapshot,spin,128,4096,39,118003024,2195,3216,3080349,93009298,128,0,0,0,0
snapshot,spin,128,4096,40,62904972,2245,3236,2943152,23955341,128,0,0,0,0
snapshot,spin,128,4096,41,55578102,2254,3327,3074778,19106160,128,0,0,0,0
snapshot,spin,128,4096,42,50215659,2194,2976,3493492,21516965,128,0,0,0,0
snapshot,spin,128,4096,43,42161526,2174,2845,3273400,22383106,128,0,0,0,0
snapshot,spin,128,4096,44,54063395,2284,3076,2777692,30080862,128,0,0,0,0
snapshot,spin,128,4096,45,48876281,2244,3446,3126034,24957538,128,0,0,0,0
snapshot,spin,128,4096,46,41006222,2214,3196,3172872,22162313,128,0,0,0,0
snapshot,spin,128,4096,47,51011890,2204,2926,3153816,23180170,128,0,0,0,0
snapshot,spin,128,4096,48,112007336,2184,3437,3122027,46085494,127,0,1,0,0
snapshot,spin,128,4096,49,42769845,2465,3366,3046775,20104500,128,0,0,0,0
snapshot,spin,128,4096,50,40187609,2375,3477,3289119,17077050,128,0,0,0,0
snapshot,spin,128,4096,51,43165336,2254,3687,3083144,18134240,128,0,0,0,0
snapshot,spin,128,4096,52,44783456,2234,2695,3167792,18854709,128,0,0,0,0
snapshot,spin,128,4096,53,32088802,2164,2885,2702601,16154101,128,0,0,0,0
snapshot,spin,128,4096,54,39665111,2184,3115,3065191,20051220,128,0,0,0,0
snapshot,spin,128,4096,55,37686926,2174,3466,3324726,19297999,128,0,0,0,0
snapshot,spin,128,4096,56,37426408,2164,3006,2734521,17743328,128,0,0,0,0
snapshot,spin,128,4096,57,28975262,2154,2685,2374927,16226177,128,0,0,0,0
snapshot,spin,128,4096,58,29151813,2184,3106,2289958,18201425,128,0,0,0,0
snapshot,spin,128,4096,59,37390922,2174,2975,3027750,20106834,128,0,0,0,0
snapshot,spin,128,4096,60,99842946,2184,2865,3594492,54713031,128,0,0,0,0
snapshot,spin,128,4096,61,35791095,2204,3156,2853925,16436180,128,0,0,0,0
snapshot,spin,128,4096,62,38174670,2224,3046,2672104,14650246,128,0,0,0,0
snapshot,spin,128,4096,63,60340069,2204,4027,3006791,15839933,128,0,0,0,0
snapshot,spin,128,4096,64,36756204,2204,3116,3462414,15095248,128,0,0,0,0
snapshot,spin,128,4096,65,41477805,2204,3005,2619265,14636781,128,0,0,0,0
snapshot,spin,128,4096,66,35028979,2174,2895,2862601,14202337,128,0,0,0,0
snapshot,spin,128,4096,67,35168701,2174,2796,2793351,13200811,128,0,0,0,0
snapshot,spin,128,4096,68,46801666,2185,3306,2482358,14432527,128,0,0,0,0
snapshot,spin,128,4096,69,44092632,2154,3216,3093804,15107391,128,0,0,0,0
snapshot,spin,128,4096,70,49048593,2285,3126,3085118,17029101,128,0,0,0,0
snapshot,spin,128,4096,71,115521738,2405,4258,3532815,19339998,120,0,8,0,0
snapshot,spin,128,4096,72,73420825,2405,3386,4368151,52439523,128,0,0,0,0
snapshot,spin,128,4096,73,40620060,2394,3697,3935280,22445012,128,0,0,0,0
snapshot,spin,128,4096,74,40324686,2264,3026,3335076,18428671,128,0,0,0,0
snapshot,spin,128,4096,75,40935149,2194,3086,3064929,15823482,128,0,0,0,0
snapshot,spin,128,4096,76,35810483,2174,3887,3022701,16143532,128,0,0,0,0
snapshot,spin,128,4096,77,31599947,2174,3006,2239905,14166209,128,0,0,0,0
snapshot,spin,128,4096,78,33107521,2174,3607,3204632,14753448,128,0,0,0,0
snapshot,spin,128,4096,79,30223650,2155,3737,2608404,14299108,128,0,0,0,0
snapshot,spin,128,4096,80,39300147,2154,2985,3277828,14278349,128,0,0,0,0
snapshot,spin,128,4096,81,39557750,2174,3076,3391752,16805472,128,0,0,0,0
snapshot,spin,128,4096,82,28869293,2174,3737,3360273,14452044,128,0,0,0,0
snapshot,spin,128,4096,83,35040931,2164,3217,3512929,14522086,128,0,0,0,0
snapshot,spin,128,4096,84,33366946,2174,3246,3173684,15350327,128,0,0,0,0
snapshot,spin,128,4096,85,37398116,2174,3546,3036246,15059472,128,0,0,0,0
snapshot,spin,128,4096,86,48064751,2184,3066,3625660,17520020,128,0,0,0,0
snapshot,spin,128,4096,87,30519444,2184,3226,3289780,14510383,128,0,0,0,0
snapshot,spin,128,4096,88,41437129,2154,4047,2999548,17135740,128,0,0,0,0
snapshot,spin,128,4096,89,27172466,2194,3006,3610532,16622549,128,0,0,0,0
snapshot,spin,128,4096,90,28304365,2184,3115,2467741,16416103,128,0,0,0,0
snapshot,spin,128,4096,91,32011318,2165,3146,3082303,15188403,128,0,0,0,0
snapshot,spin,128,4096,92,28803701,2184,3196,2990620,17135379,128,0,0,0,0
snapshot,spin,128,4096,93,33352039,2174,2926,2269861,16340721,128,0,0,0,0
snapshot,spin,128,4096,94,32634334,2154,3026,3156871,15920134,128,0,0,0,0
snapshot,spin,128,4096,95,49554550,2185,3356,2501735,15203331,128,0,0,0,0
snapshot,spin,128,4096,96,42557878,2385,2985,3721329,15618218,128,0,0,0,0
snapshot,spin,128,4096,97,123933470,2325,3637,3026798,15026631,127,0,1,0,0
snapshot,spin,128,4096,98,34025860,2455,3747,3165077,18171920,128,0,0,0,0
snapshot,spin,128,4096,99,41937436,2335,4659,3403133,18000620,128,0,0,0,0
snapshot,spin,4,16384,0,219190,1133,2034,2154,2535,4,0,0,0,0
snapshot,spin,4,16384,1,221756,1132,1943,1954,2235,4,0,0,0,0
snapshot,spin,4,16384,2,221325,1122,1994,2144,2334,4,0,0,0,0
snapshot,spin,4,16384,3,219260,1152,1783,1864,2114,4,0,0,0,0
snapshot,spin,4,16384,4,219911,1122,1733,2124,2234,4,0,0,0,0
snapshot,spin,4,16384,5,218148,1173,2124,2033,2335,4,0,0,0,0
snapshot,spin,4,16384,6,219291,1122,1924,1823,2265,4,0,0,0,0
snapshot,spin,4,16384,7,220723,1162,1763,2305,2365,4,0,0,0,0
snapshot,spin,4,16384,8,218500,1162,1723,2314,2384,4,0,0,0,0
snapshot,spin,4,16384,9,219681,1122,1733,1803,2134,4,0,0,0,0
snapshot,spin,4,16384,10,218920,1122,2344,1793,2595,4,0,0,0,0
snapshot,spin,4,16384,11,217909,1133,1773,1814,2104,4,0,0,0,0
snapshot,spin,4,16384,12,218088,1162,1724,2054,2204,4,0,0,0,0
snapshot,spin,4,16384,13,218720,1133,1673,2013,2395,4,0,0,0,0
snapshot,spin,4,16384,14,217147,1132,2234,2234,2325,4,0,0,0,0
snapshot,spin,4,16384,15,220102,1132,2394,1773,2615,4,0,0,0,0
snapshot,spin,4,16384,16,219391,1814,1954,2454,2545,4,0,0,0,0
snapshot,spin,4,16384,17,219972,1372,2675,2685,3106,4,0,0,0,0
snapshot,spin,4,16384,18,220903,1182,1743,2154,2565,4,0,0,0,0
snapshot,spin,4,16384,19,220402,1132,1864,2054,2294,4,0,0,0,0
snapshot,spin,4,16384,20,219110,1123,2324,1833,2445,4,0,0,0,0
snapshot,spin,4,16384,21,218088,1162,1803,2064,2224,4,0,0,0,0
snapshot,spin,4,16384,22,218930,1132,1734,1914,2324,4,0,0,0,0
snapshot,spin,4,16384,23,218449,1182,1704,1893,2144,4,0,0,0,0
snapshot,spin,4,16384,24,220022,1172,1763,2094,2384,4,0,0,0,0
snapshot,spin,4,16384,25,173305,1172,2004,1874,2364,4,0,0,0,0
snapshot,spin,4,16384,26,218809,1193,1734,2254,2385,4,0,0,0,0
snapshot,spin,4,16384,27,217557,1172,1924,2214,2234,4,0,0,0,0
snapshot,spin,4,16384,28,216826,1172,1703,2104,2545,4,0,0,0,0
snapshot,spin,4,16384,29,223870,1132,1843,2194,2565,4,0,0,0,0
snapshot,spin,4,16384,30,228688,2635,2655,2695,5981,4,0,0,0,0
snapshot,spin,4,16384,31,219221,1162,1743,2194,2455,4,0,0,0,0
snapshot,spin,4,16384,32,220142,1132,1994,1853,2154,4,0,0,0,0
snapshot,spin,4,16384,33,218790,1122,1854,2404,2455,4,0,0,0,0
snapshot,spin,4,16384,34,219871,1132,1803,2044,2505,4,0,0,0,0
snapshot,spin,4,16384,35,222347,1162,1893,2354,2585,4,0,0,0,0
snapshot,spin,4,16384,36,304480,1132,1703,2064,2454,4,0,0,0,0
snapshot,spin,4,16384,37,239748,1133,1733,1934,3377,4,0,0,0,0
snapshot,spin,4,16384,38,305562,1123,1182,1723,2144,4,0,0,0,0
snapshot,spin,4,16384,39,238637,1202,1242,1914,2424,4,0,0,0,0
snapshot,spin,4,16384,40,243156,1132,1152,1683,1824,4,0,0,0,0
snapshot,spin,4,16384,41,224120,1133,1142,1683,2074,4,0,0,0,0
snapshot,spin,4,16384,42,223519,1132,1904,1693,1754,4,0,0,0,0
snapshot,spin,4,16384,43,219250,1172,1192,1813,1844,4,0,0,0,0
snapshot,spin,4,16384,44,219621,1132,1142,1723,1833,4,0,0,0,0
snapshot,spin,4,16384,45,218389,1132,1132,1623,1753,4,0,0,0,0
snapshot,spin,4,16384,46,218389,1132,1132,1663,1713,4,0,0,0,0
snapshot,spin,4,16384,47,216545,1172,1172,2244,2465,4,0,0,0,0
snapshot,spin,4,16384,48,219511,1153,1172,1653,2465,4,0,0,0,0
snapshot,spin,4,16384,49,223629,1132,1132,1663,1854,4,0,0,0,0
snapshot,spin,4,16384,50,216526,1132,1172,1784,2044,4,0,0,0,0
snapshot,spin,4,16384,51,220513,1132,1132,1693,2144,4,0,0,0,0
snapshot,spin,4,16384,52,222737,1162,1172,1773,1773,4,0,0,0,0
snapshot,spin,4,16384,53,216736,1142,1142,1643,1744,4,0,0,0,0
snapshot,spin,4,16384,54,218850,1132,1894,1844,1894,4,0,0,0,0
snapshot,spin,4,16384,55,215453,1132,1232,1854,2044,4,0,0,0,0
snapshot,spin,4,16384,56,215624,1132,1142,1754,2014,4,0,0,0,0
snapshot,spin,4,16384,57,216796,1162,1162,1784,1883,4,0,0,0,0
snapshot,spin,4,16384,58,219201,1132,1172,1914,1994,4,0,0,0,0
snapshot,spin,4,16384,59,213400,1132,1132,1653,1734,4,0,0,0,0
snapshot,spin,4,16384,60,220883,1132,1142,1643,1763,4,0,0,0,0
snapshot,spin,4,16384,61,218580,1182,1183,1723,2014,4,0,0,0,0
snapshot,spin,4,16384,62,215513,1132,1142,1654,1934,4,0,0,0,0
snapshot,spin,4,16384,63,216536,1132,1182,1653,1854,4,0,0,0,0
snapshot,spin,4,16384,64,218399,1152,1172,1773,1843,4,0,0,0,0
snapshot,spin,4,16384,65,182642,1133,1143,1643,1743,4,0,0,0,0
snapshot,spin,4,16384,66,218289,1192,1253,2234,2314,4,0,0,0,0
snapshot,spin,4,16384,67,216966,1142,1162,1773,1783,4,0,0,0,0
snapshot,spin,4,16384,68,216586,1142,1142,1683,1734,4,0,0,0,0
snapshot,spin,4,16384,69,223188,1132,1132,1693,1804,4,0,0,0,0
snapshot,spin,4,16384,70,217257,1142,1192,1763,1853,4,0,0,0,0
snapshot,spin,4,16384,71,218970,1172,1182,1783,1803,4,0,0,0,0
snapshot,spin,4,16384,72,217357,1133,1142,1643,1743,4,0,0,0,0
snapshot,spin,4,16384,73,216996,1182,1743,2124,2144,4,0,0,0,0
snapshot,spin,4,16384,74,231093,1133,1793,1733,1933,4,0,0,0,0
snapshot,spin,4,16384,75,217037,1182,1182,1944,2014,4,0,0,0,0
snapshot,spin,4,16384,76,217387,1142,1182,1703,2275,4,0,0,0,0
snapshot,spin,4,16384,77,217357,1132,1143,1713,1903,4,0,0,0,0
snapshot,spin,4,16384,78,217828,1133,1953,1733,1994,4,0,0,0,0
snapshot,spin,4,16384,79,215243,1132,1203,1774,1803,4,0,0,0,0
snapshot,spin,4,16384,80,219171,1182,1183,1804,1853,4,0,0,0,0
snapshot,spin,4,16384,81,218940,1152,1182,1723,2174,4,0,0,0,0
snapshot,spin,4,16384,82,218309,1142,1663,1984,2014,4,0,0,0,0
snapshot,spin,4,16384,83,225973,1133,1192,1854,2104,4,0,0,0,0
snapshot,spin,4,16384,84,220242,1163,1182,1743,2033,4,0,0,0,0
snapshot,spin,4,16384,85,220974,1142,1142,1734,2044,4,0,0,0,0
snapshot,spin,4,16384,86,219912,1132,1142,1633,1733,4,0,0,0,0
snapshot,spin,4,16384,87,349034,1142,1142,1673,1804,4,0,0,0,0
snapshot,spin,4,16384,88,323556,1964,2024,3306,3927,4,0,0,0,0
snapshot,spin,4,16384,89,236233,1834,2084,2154,2555,4,0,0,0,0
snapshot,spin,4,16384,90,226234,1723,1743,2224,2745,4,0,0,0,0
snapshot,spin,4,16384,91,326481,1543,2435,2665,3266,4,0,0,0,0
snapshot,spin,4,16384,92,259886,1513,1864,2725,3366,4,0,0,0,0
snapshot,spin,4,16384,93,949668,1232,1874,1984,2284,4,0,0,0,0
snapshot,spin,4,16384,94,248516,2575,2665,3146,3937,4,0,0,0,0
snapshot,spin,4,16384,95,230973,1944,2264,2594,2766,4,0,0,0,0
snapshot,spin,4,16384,96,224791,1864,1884,2384,3026,4,0,0,0,0
snapshot,spin,4,16384,97,243887,1784,1804,2294,2604,4,0,0,0,0
snapshot,spin,4,16384,98,228088,1773,1904,2024,2665,4,0,0,0,0
snapshot,spin,4,16384,99,223047,1753,1803,1994,2565,4,0,0,0,0
snapshot,spin,32,16384,0,4827601,2375,2655,2756,4278,32,0,0,0,0
snapshot,spin,32,16384,1,7951771,2274,2675,2885,7594,32,0,0,0,0
snapshot,spin,32,16384,2,7982679,2354,2665,2955,736359,32,0,0,0,0
snapshot,spin,32,16384,3,2267416,2344,2735,2945,7915,32,0,0,0,0
snapshot,spin,32,16384,4,1571042,2344,2625,2765,7293,32,0,0,0,0
snapshot,spin,32,16384,5,7188703,2345,2494,2756,7774,32,0,0,0,0
snapshot,spin,32,16384,6,1975930,2264,2675,2815,7664,32,0,0,0,0
snapshot,spin,32,16384,7,7102851,2365,2625,2755,1387318,32,0,0,0,0
snapshot,spin,32,16384,8,2063064,2325,2755,2925,19817,32,0,0,0,0
snapshot,spin,32,16384,9,5573648,2394,2635,2715,6832,32,0,0,0,0
snapshot,spin,32,16384,10,6349240,2284,2696,2776,5391,32,0,0,0,0
snapshot,spin,32,16384,11,5033305,2375,4498,2855,53870,32,0,0,0,0
snapshot,spin,32,16384,12,8011934,2365,4319,2806,7744,32,0,0,0,0
snapshot,spin,32,16384,13,2770449,2355,2655,2855,7434,32,0,0,0,0
snapshot,spin,32,16384,14,1772239,2345,2595,2735,108063,32,0,0,0,0
snapshot,spin,32,16384,15,6303946,2254,2605,2775,6953,32,0,0,0,0
snapshot,spin,32,16384,16,7967270,2224,2655,2785,7153,32,0,0,0,0
snapshot,spin,32,16384,17,1507893,2264,2855,2865,3486,32,0,0,0,0
snapshot,spin,32,16384,18,8528090,2334,2605,2705,5420,32,0,0,0,0
snapshot,spin,32,16384,19,3087221,2294,2936,2926,45585,32,0,0,0,0
snapshot,spin,32,16384,20,4791133,2285,2685,2705,1232779,32,0,0,0,0
snapshot,spin,32,16384,21,2079123,2364,2856,3086,325520,32,0,0,0,0
snapshot,spin,32,16384,22,4909134,2384,2836,3036,1574799,32,0,0,0,0
snapshot,spin,32,16384,23,4049624,2334,2695,2745,479017,32,0,0,0,0
snapshot,spin,32,16384,24,4043973,2424,2936,3096,585567,32,0,0,0,0
snapshot,spin,32,16384,25,2470176,2404,2615,3036,574165,32,0,0,0,0
snapshot,spin,32,16384,26,3511115,2374,2735,2845,7714,32,0,0,0,0
snapshot,spin,32,16384,27,4992149,2375,2675,2965,577341,32,0,0,0,0
snapshot,spin,32,16384,28,3069769,2394,2685,3136,1466978,32,0,0,0,0
snapshot,spin,32,16384,29,9045008,2365,2685,2785,2498720,32,0,0,0,0
snapshot,spin,32,16384,30,4991026,2365,2705,2745,5740,32,0,0,0,0
snapshot,spin,32,16384,31,4054342,2355,2645,2865,815477,32,0,0,0,0
snapshot,spin,32,16384,32,2933874,2385,2725,2965,910365,32,0,0,0,0
snapshot,spin,32,16384,33,3035855,2354,2625,2736,5590,32,0,0,0,0
snapshot,spin,32,16384,34,2949664,2344,2665,2795,13947,32,0,0,0,0
snapshot,spin,32,16384,35,3928948,2375,2675,3055,35827,32,0,0,0,0
snapshot,spin,32,16384,36,3014165,2385,2715,2885,35116,32,0,0,0,0
snapshot,spin,32,16384,37,3068777,2334,2625,2745,590044,32,0,0,0,0
snapshot,spin,32,16384,38,7080139,2415,2725,3036,3486619,32,0,0,0,0
snapshot,spin,32,16384,39,4819335,2334,2635,2785,937476,32,0,0,0,0
snapshot,spin,32,16384,40,2068955,2415,2625,2936,34815,32,0,0,0,0
snapshot,spin,32,16384,41,2965504,2344,2635,2795,33533,32,0,0,0,0
snapshot,spin,32,16384,42,3037418,2374,2645,2836,218629,32,0,0,0,0
snapshot,spin,32,16384,43,4894206,2314,2625,2705,33192,32,0,0,0,0
snapshot,spin,32,16384,44,2041112,2344,2585,2745,34204,32,0,0,0,0
snapshot,spin,32,16384,45,3953864,2344,2515,2665,33032,32,0,0,0,0
snapshot,spin,32,16384,46,4108384,2364,2625,2715,33202,32,0,0,0,0
snapshot,spin,32,16384,47,2981724,2325,2615,2725,33483,32,0,0,0,0
snapshot,spin,32,16384,48,3894092,2335,2685,2675,32941,32,0,0,0,0
snapshot,spin,32,16384,49,3890336,2365,2615,2725,32932,32,0,0,0,0
snapshot,spin,32,16384,50,4207770,2355,2625,2786,33853,32,0,0,0,0
snapshot,spin,32,16384,51,3982628,2344,2775,2725,33984,32,0,0,0,0
snapshot,spin,32,16384,52,3926122,2325,2645,2725,32731,32,0,0,0,0
snapshot,spin,32,16384,53,2081037,2405,2835,2795,33913,32,0,0,0,0
snapshot,spin,32,16384,54,3895705,2374,2675,2725,33844,32,0,0,0,0
snapshot,spin,32,16384,55,5000223,2364,2675,2775,33032,32,0,0,0,0
snapshot,spin,32,16384,56,3074819,2344,2775,2775,1353945,32,0,0,0,0
snapshot,spin,32,16384,57,3014144,2334,2614,2735,34284,32,0,0,0,0
snapshot,spin,32,16384,58,4901139,2374,2675,2735,32732,32,0,0,0,0
snapshot,spin,32,16384,59,4100438,2365,2635,2895,33824,32,0,0,0,0
snapshot,spin,32,16384,60,2994058,2354,2635,2755,34074,32,0,0,0,0
snapshot,spin,32,16384,61,3882211,2344,2685,2725,32851,32,0,0,0,0
snapshot,spin,32,16384,62,4091131,2385,2866,2935,1166124,32,0,0,0,0
snapshot,spin,32,16384,63,51058587,2314,2614,2755,3817,32,0,0,0,0
snapshot,spin,32,16384,64,4252954,2384,2655,2975,59371,32,0,0,0,0
snapshot,spin,32,16384,65,2662155,2344,2715,2805,23935,32,0,0,0,0
snapshot,spin,32,16384,66,3967079,2344,2655,2705,997137,32,0,0,0,0
snapshot,spin,32,16384,67,3356746,2334,2695,2905,8816,32,0,0,0,0
snapshot,spin,32,16384,68,1700695,2334,2625,2845,10250,32,0,0,0,0
snapshot,spin,32,16384,69,3022961,2384,2645,2876,57888,32,0,0,0,0
snapshot,spin,32,16384,70,4908222,2325,2625,2855,9598,32,0,0,0,0
snapshot,spin,32,16384,71,4074981,2354,2585,2805,9908,32,0,0,0,0
snapshot,spin,32,16384,72,2917724,2344,2705,2765,8896,32,0,0,0,0
snapshot,spin,32,16384,73,4090660,2365,2625,2856,1522711,32,0,0,0,0
snapshot,spin,32,16384,74,3877171,2344,2615,2815,10499,32,0,0,0,0
snapshot,spin,32,16384,75,4132479,2344,2665,2826,287708,32,0,0,0,0
snapshot,spin,32,16384,76,4426068,2344,4248,2935,8967,32,0,0,0,0
snapshot,spin,32,16384,77,3968392,2344,2755,2846,9478,32,0,0,0,0
snapshot,spin,32,16384,78,5009431,2334,2635,2865,546724,32,0,0,0,0
snapshot,spin,32,16384,79,2999087,2374,2675,2885,915575,32,0,0,0,0
snapshot,spin,32,16384,80,8546836,2355,2625,2776,9027,32,0,0,0,0
snapshot,spin,32,16384,81,3537655,2335,2675,2866,9287,32,0,0,0,0
snapshot,spin,32,16384,82,2882608,2335,2615,2795,9448,32,0,0,0,0
snapshot,spin,32,16384,83,4004359,2325,2635,2635,8927,32,0,0,0,0
snapshot,spin,32,16384,84,4048973,2324,2505,2886,9318,32,0,0,0,0
snapshot,spin,32,16384,85,3093523,2354,2644,2836,17813,32,0,0,0,0
snapshot,spin,32,16384,86,3673559,2325,2715,2725,31759,32,0,0,0,0
snapshot,spin,32,16384,87,2927442,2365,2725,2875,719437,32,0,0,0,0
snapshot,spin,32,16384,88,3219138,2335,2615,2725,15839,32,0,0,0,0
snapshot,spin,32,16384,89,4082716,2425,2746,2785,17372,32,0,0,0,0
snapshot,spin,32,16384,90,2885814,2345,2655,2755,31529,32,0,0,0,0
snapshot,spin,32,16384,91,4990626,2345,2675,2715,30778,32,0,0,0,0
snapshot,spin,32,16384,92,3086070,2395,2705,2725,30447,32,0,0,0,0
snapshot,spin,32,16384,93,2992985,2364,2645,2815,31098,32,0,0,0,0
snapshot,spin,32,16384,94,4931455,2364,2695,2715,31198,32,0,0,0,0
snapshot,spin,32,16384,95,2044689,2374,2655,2685,30858,32,0,0,0,0
snapshot,spin,32,16384,96,3933917,2334,2575,2735,30517,32,0,0,0,0
snapshot,spin,32,16384,97,4089177,2375,2645,2756,30717,32,0,0,0,0
snapshot,spin,32,16384,98,2887287,2365,2885,2946,298069,32,0,0,0,0
snapshot,spin,32,16384,99,4028364,2304,2665,2725,30617,32,0,0,0,0
snapshot,spin,128,16384,0,108411342,2464,4618,3648723,27691047,127,0,1,0,0
snapshot,spin,128,16384,1,100218279,2605,3256,3204511,35119638,128,0,0,0,0
snapshot,spin,128,16384,2,169037967,2685,3216,4645880,26246932,127,0,1,0,0
snapshot,spin,128,16384,3,57376879,2655,3297,3862744,25868604,128,0,0,0,0
snapshot,spin,128,16384,4,71323227,2514,3296,3544277,32812709,128,0,0,0,0
snapshot,spin,128,16384,5,71980609,2665,3216,6109982,30088356,128,0,0,0,0
snapshot,spin,128,16384,6,77946190,2615,3176,6136631,33077685,128,0,0,0,0
snapshot,spin,128,16384,7,78011582,2655,3397,6183479,35175112,128,0,0,0,0
snapshot,spin,128,16384,8,75025711,2615,3276,5143021,41125717,128,0,0,0,0
snapshot,spin,128,16384,9,77935309,2605,4188,4057188,30089228,128,0,0,0,0
snapshot,spin,128,16384,10,77933666,2404,3236,4265197,33177772,128,0,0,0,0
snapshot,spin,128,16384,11,54045231,2605,3296,3175877,37174176,128,0,0,0,0
snapshot,spin,128,16384,12,43151620,2485,2966,4236453,24068022,128,0,0,0,0
snapshot,spin,128,16384,13,66916214,2525,3036,4955430,26045566,128,0,0,0,0
snapshot,spin,128,16384,14,55244076,2505,3106,5123525,23994495,128,0,0,0,0
snapshot,spin,128,16384,15,71184597,2495,3246,3801920,25478754,128,0,0,0,0
snapshot,spin,128,16384,16,49503195,2435,3096,4064682,26640520,128,0,0,0,0
snapshot,spin,128,16384,17,45008607,2304,3136,4120547,21165827,128,0,0,0,0
snapshot,spin,128,16384,18,41941544,2404,3337,4271079,25127165,128,0,0,0,0
snapshot,spin,128,16384,19,50844346,2415,4498,4165922,28048938,128,0,0,0,0
snapshot,spin,128,16384,20,36161960,2245,3076,4328025,23243889,128,0,0,0,0
snapshot,spin,128,16384,21,35958059,2215,3065,3177210,22105768,128,0,0,0,0
snapshot,spin,128,16384,22,31010003,2244,2775,4022012,22085529,128,0,0,0,0
snapshot,spin,128,16384,23,109933022,2335,3015,3168494,19161815,121,0,7,0,0
snapshot,spin,128,16384,24,81144519,2595,3346,2889181,39080466,128,0,0,0,0
snapshot,spin,128,16384,25,43838216,2555,3437,4007254,21934807,128,0,0,0,0
snapshot,spin,128,16384,26,47897478,2225,3026,3696172,22117970,128,0,0,0,0
snapshot,spin,128,16384,27,40133538,2244,3216,3698907,24193146,128,0,0,0,0
snapshot,spin,128,16384,28,39884202,2254,3356,3074377,28045511,128,0,0,0,0
snapshot,spin,128,16384,29,38170452,2294,3527,3252501,25299819,128,0,0,0,0
snapshot,spin,128,16384,30,57077740,2384,3747,3121886,30090571,128,0,0,0,0
snapshot,spin,128,16384,31,39806366,2384,3376,4918070,27011905,128,0,0,0,0
snapshot,spin,128,16384,32,50259110,2334,3767,4167965,29083735,128,0,0,0,0
snapshot,spin,128,16384,33,38662022,2395,3376,3822188,25797781,128,0,0,0,0
snapshot,spin,128,16384,34,100048211,2404,3186,3169606,31059235,128,0,0,0,0
snapshot,spin,128,16384,35,35969510,2494,3346,4019387,26069120,128,0,0,0,0
snapshot,spin,128,16384,36,35945164,2394,3085,4095881,24114950,128,0,0,0,0
snapshot,spin,128,16384,37,37999742,2355,3126,3511857,26067807,128,0,0,0,0
snapshot,spin,128,16384,38,39085044,2384,3176,3037278,24067812,128,0,0,0,0
snapshot,spin,128,16384,39,62324224,2534,3096,2855227,25930560,128,0,0,0,0
snapshot,spin,128,16384,40,40669902,2535,4238,4473768,26714668,128,0,0,0,0
snapshot,spin,128,16384,41,43919087,2505,3136,3938235,27835878,128,0,0,0,0
snapshot,spin,128,16384,42,47998166,2504,3136,5116922,31038495,128,0,0,0,0
snapshot,spin,128,16384,43,41965018,2575,3166,4002516,24942870,128,0,0,0,0
snapshot,spin,128,16384,44,53072319,2605,3075,3131704,31103788,128,0,0,0,0
snapshot,spin,128,16384,45,55044973,2584,3717,3462795,29907277,128,0,0,0,0
snapshot,spin,128,16384,46,52682127,2534,3016,4589544,27235584,128,0,0,0,0
snapshot,spin,128,16384,47,40995703,2455,2885,3216273,20228392,128,0,0,0,0
snapshot,spin,128,16384,48,42947919,2425,3437,3171489,19158838,128,0,0,0,0
snapshot,spin,128,16384,49,36007832,2425,3196,3163734,18151912,128,0,0,0,0
snapshot,spin,128,16384,50,40095627,2394,2915,2273137,18176659,128,0,0,0,0
snapshot,spin,128,16384,51,44972911,2384,3176,2333510,16120609,128,0,0,0,0
snapshot,spin,128,16384,52,31856378,2365,2956,2584911,18078326,128,0,0,0,0
snapshot,spin,128,16384,53,35035040,2394,2906,2256476,18200945,128,0,0,0,0
snapshot,spin,128,16384,54,38998803,2374,2996,3108802,25128999,128,0,0,0,0
snapshot,spin,128,16384,55,44136384,2434,3136,3081310,29200825,128,0,0,0,0
snapshot,spin,128,16384,56,38930315,2535,4819,2988717,27046691,128,0,0,0,0
snapshot,spin,128,16384,57,52972181,2405,2935,3994691,28109059,128,0,0,0,0
snapshot,spin,128,16384,58,39941599,2394,3086,4014768,24640665,128,0,0,0,0
snapshot,spin,128,16384,59,32909880,2405,3627,3128178,17080968,128,0,0,0,0
snapshot,spin,128,16384,60,32999458,2354,3046,3207596,16228421,128,0,0,0,0
snapshot,spin,128,16384,61,26989583,2335,3136,3083544,14188661,128,0,0,0,0
snapshot,spin,128,16384,62,35988726,2344,3206,2632239,16154593,128,0,0,0,0
snapshot,spin,128,16384,63,32984470,2375,4017,2222121,15204213,128,0,0,0,0
snapshot,spin,128,16384,64,36072703,2344,3046,2241848,16106983,128,0,0,0,0
snapshot,spin,128,16384,65,48096400,2364,2966,3014546,18004527,128,0,0,0,0
snapshot,spin,128,16384,66,41154600,2444,3096,3856652,16871996,128,0,0,0,0
snapshot,spin,128,16384,67,34768100,2384,3437,3712132,18719115,128,0,0,0,0
snapshot,spin,128,16384,68,52364433,2525,3256,4049613,24063734,128,0,0,0,0
snapshot,spin,128,16384,69,46530608,2524,3066,3201987,23289935,128,0,0,0,0
snapshot,spin,128,16384,70,48608699,2475,3105,3079998,21131793,128,0,0,0,0
snapshot,spin,128,16384,71,47357256,2464,3276,3479025,18430094,128,0,0,0,0
snapshot,spin,128,16384,72,55681926,2405,2955,3649735,18067935,128,0,0,0,0
snapshot,spin,128,16384,73,50260312,2415,2866,2628181,17355201,128,0,0,0,0
snapshot,spin,128,16384,74,38211558,2414,3036,2108769,16037203,128,0,0,0,0
snapshot,spin,128,16384,75,43312612,2394,3025,2491035,19508364,128,0,0,0,0
snapshot,spin,128,16384,76,34455736,2435,2925,2608234,14564375,128,0,0,0,0
snapshot,spin,128,16384,77,118359531,2475,4278,3074468,62006058,127,0,1,0,0
snapshot,spin,128,16384,78,124385968,2655,3156,3608298,60615986,125,0,3,0,0
snapshot,spin,128,16384,79,56447329,2605,3406,3803903,18608207,128,0,0,0,0
snapshot,spin,128,16384,80,69680461,2495,3056,3392783,17763446,128,0,0,0,0
snapshot,spin,128,16384,81,31132973,2464,3196,3035314,11119704,128,0,0,0,0
snapshot,spin,128,16384,82,46865906,2394,3196,3035595,18923328,128,0,0,0,0
snapshot,spin,128,16384,83,39608305,2425,3036,2556518,15501951,128,0,0,0,0
snapshot,spin,128,16384,84,36312202,2384,3257,3433320,13491566,128,0,0,0,0
snapshot,spin,128,16384,85,43331607,2354,3186,2691039,12182694,128,0,0,0,0
snapshot,spin,128,16384,86,61237299,2635,9348,3632753,19638036,128,0,0,0,0
snapshot,spin,128,16384,87,126118512,2635,3797,3578401,26559989,126,0,2,0,0
snapshot,spin,128,16384,88,63027662,2705,3346,3444991,17392931,128,0,0,0,0
snapshot,spin,128,16384,89,58820974,2605,3446,3825023,20259219,128,0,0,0,0
snapshot,spin,128,16384,90,49830788,2555,3135,3480498,21439159,128,0,0,0,0
snapshot,spin,128,16384,91,68952236,2585,3346,3608988,26702286,128,0,0,0,0
snapshot,spin,128,16384,92,55452656,2465,4098,3697273,21756964,128,0,0,0,0
snapshot,spin,128,16384,93,53517602,2354,4238,3245448,19336501,128,0,0,0,0
snapshot,spin,128,16384,94,64169269,2325,3908,3760522,22715720,128,0,0,0,0
snapshot,spin,128,16384,95,65443966,2314,3887,3534199,19601889,128,0,0,0,0
snapshot,spin,128,16384,96,59295873,2224,3116,3105756,20357454,128,0,0,0,0
snapshot,spin,128,16384,97,44794386,2214,3377,3779578,23843742,128,0,0,0,0
snapshot,spin,128,16384,98,44722301,2254,3417,2991682,18080690,128,0,0,0,0
snapshot,spin,128,16384,99,80985732,2214,3296,3228746,14288939,128,0,0,0,0
snapshot,spin,4,32768,0,237575,1142,1142,1653,1964,4,0,0,0,0
snapshot,spin,4,32768,1,237455,1142,1142,1633,1683,4,0,0,0,0
snapshot,spin,4,32768,2,234960,1202,1203,1683,1703,4,0,0,0,0
snapshot,spin,4,32768,3,237695,1152,1152,1773,1853,4,0,0,0,0
snapshot,spin,4,32768,4,239068,1152,1152,1664,1703,4,0,0,0,0
snapshot,spin,4,32768,5,236333,1152,1152,1653,1663,4,0,0,0,0
snapshot,spin,4,32768,6,230913,1183,1202,1713,1723,4,0,0,0,0
snapshot,spin,4,32768,7,232656,1162,1162,1653,1674,4,0,0,0,0
snapshot,spin,4,32768,8,239749,1162,1182,1653,1763,4,0,0,0,0
snapshot,spin,4,32768,9,236644,1162,1172,1653,1653,4,0,0,0,0
snapshot,spin,4,32768,10,234389,1152,1152,1623,1653,4,0,0,0,0
snapshot,spin,4,32768,11,194725,1192,1193,1673,1713,4,0,0,0,0
snapshot,spin,4,32768,12,237365,1152,1153,1693,1773,4,0,0,0,0
snapshot,spin,4,32768,13,231263,1152,1152,1663,1683,4,0,0,0,0
snapshot,spin,4,32768,14,234519,1152,1153,1633,1653,4,0,0,0,0
snapshot,spin,4,32768,15,247713,1182,1182,1713,1754,4,0,0,0,0
snapshot,spin,4,32768,16,240801,1152,1152,1773,1773,4,0,0,0,0
snapshot,spin,4,32768,17,236773,1142,1152,1624,1653,4,0,0,0,0
snapshot,spin,4,32768,18,239348,1182,1192,1673,1704,4,0,0,0,0
snapshot,spin,4,32768,19,237745,1182,1183,1673,1693,4,0,0,0,0
snapshot,spin,4,32768,20,233126,1142,1152,1623,1644,4,0,0,0,0
snapshot,spin,4,32768,21,230712,1143,1143,1623,1663,4,0,0,0,0
snapshot,spin,4,32768,22,232285,1152,1153,1653,1673,4,0,0,0,0
snapshot,spin,4,32768,23,240831,1182,1192,2545,2594,4,0,0,0,0
snapshot,spin,4,32768,24,229650,1143,1152,1673,1683,4,0,0,0,0
snapshot,spin,4,32768,25,228788,1142,1153,1663,1693,4,0,0,0,0
snapshot,spin,4,32768,26,236403,1142,1152,1633,1643,4,0,0,0,0
snapshot,spin,4,32768,27,206387,1152,1162,1653,1683,4,0,0,0,0
snapshot,spin,4,32768,28,236734,1192,1192,1683,1723,4,0,0,0,0
snapshot,spin,4,32768,29,231594,1153,1163,1683,1713,4,0,0,0,0
snapshot,spin,4,32768,30,232034,1152,1152,1643,1643,4,0,0,0,0
snapshot,spin,4,32768,31,239137,1153,1162,1653,1703,4,0,0,0,0
snapshot,spin,4,32768,32,230361,1182,1192,1704,1713,4,0,0,0,0
snapshot,spin,4,32768,33,229340,1152,1173,1653,1673,4,0,0,0,0
snapshot,spin,4,32768,34,228287,1152,1153,1633,1643,4,0,0,0,0
snapshot,spin,4,32768,35,239999,1142,1152,1703,1733,4,0,0,0,0
snapshot,spin,4,32768,36,232626,1183,1202,1853,1964,4,0,0,0,0
snapshot,spin,4,32768,37,230001,1142,1152,1683,1794,4,0,0,0,0
snapshot,spin,4,32768,38,227837,1142,1142,1643,1663,4,0,0,0,0
snapshot,spin,4,32768,39,234399,1143,1152,1633,1643,4,0,0,0,0
snapshot,spin,4,32768,40,229791,1142,1142,1633,1703,4,0,0,0,0
snapshot,spin,4,32768,41,229199,1182,1202,1734,1783,4,0,0,0,0
snapshot,spin,4,32768,42,229590,1142,1142,1633,1673,4,0,0,0,0
snapshot,spin,4,32768,43,233968,1142,1142,1613,1673,4,0,0,0,0
snapshot,spin,4,32768,44,234930,1142,1152,1603,1633,4,0,0,0,0
snapshot,spin,4,32768,45,232185,1192,1192,1714,1733,4,0,0,0,0
snapshot,spin,4,32768,46,235010,1152,1152,1633,1683,4,0,0,0,0
snapshot,spin,4,32768,47,231744,1152,1162,1623,1753,4,0,0,0,0
snapshot,spin,4,32768,48,238777,1152,1152,1643,1673,4,0,0,0,0
snapshot,spin,4,32768,49,229319,1193,1202,1703,1713,4,0,0,0,0
snapshot,spin,4,32768,50,234570,1142,1143,1643,1663,4,0,0,0,0
snapshot,spin,4,32768,51,227967,1142,1142,1624,1653,4,0,0,0,0
snapshot,spin,4,32768,52,227636,1142,1152,1633,1653,4,0,0,0,0
snapshot,spin,4,32768,53,227997,1142,1162,1643,1713,4,0,0,0,0
snapshot,spin,4,32768,54,234238,1192,1192,1684,1733,4,0,0,0,0
snapshot,spin,4,32768,55,231203,1152,1162,1623,1663,4,0,0,0,0
snapshot,spin,4,32768,56,230752,1152,1152,1623,1653,4,0,0,0,0
snapshot,spin,4,32768,57,223108,1152,1152,1623,1653,4,0,0,0,0
snapshot,spin,4,32768,58,234620,1192,1203,1773,1853,4,0,0,0,0
snapshot,spin,4,32768,59,231443,1152,1152,1633,1674,4,0,0,0,0
snapshot,spin,4,32768,60,229600,1152,1152,1623,1673,4,0,0,0,0
snapshot,spin,4,32768,61,232615,1152,1152,1653,1724,4,0,0,0,0
snapshot,spin,4,32768,62,233738,1172,1182,1713,1713,4,0,0,0,0
snapshot,spin,4,32768,63,229741,1142,1152,1663,1683,4,0,0,0,0
snapshot,spin,4,32768,64,230972,1152,1152,1633,1653,4,0,0,0,0
snapshot,spin,4,32768,65,230933,1152,1152,1603,1633,4,0,0,0,0
snapshot,spin,4,32768,66,234369,1142,1152,1643,1673,4,0,0,0,0
snapshot,spin,4,32768,67,231424,1192,1192,1723,1734,4,0,0,0,0
snapshot,spin,4,32768,68,229450,1152,1162,1663,1684,4,0,0,0,0
snapshot,spin,4,32768,69,229289,1152,1153,1643,1753,4,0,0,0,0
snapshot,spin,4,32768,70,221766,1142,1152,1713,1744,4,0,0,0,0
snapshot,spin,4,32768,71,230932,1212,1212,1703,1713,4,0,0,0,0
snapshot,spin,4,32768,72,240481,1152,1153,1623,1673,4,0,0,0,0
snapshot,spin,4,32768,73,240791,1152,1152,1683,1684,4,0,0,0,0
snapshot,spin,4,32768,74,242044,1142,1152,1714,1733,4,0,0,0,0
snapshot,spin,4,32768,75,232906,1202,1202,1774,1813,4,0,0,0,0
snapshot,spin,4,32768,76,323155,1162,1183,1663,1683,4,0,0,0,0
snapshot,spin,4,32768,77,220022,1142,1162,2064,2074,4,0,0,0,0
snapshot,spin,4,32768,78,236243,1152,1152,1683,1714,4,0,0,0,0
snapshot,spin,4,32768,79,233497,1173,1192,1683,1733,4,0,0,0,0
snapshot,spin,4,32768,80,228968,1142,1142,1713,1774,4,0,0,0,0
snapshot,spin,4,32768,81,253194,1133,1142,1603,1633,4,0,0,0,0
snapshot,spin,4,32768,82,238307,1132,1133,1643,1673,4,0,0,0,0
snapshot,spin,4,32768,83,232826,1182,1183,1693,1773,4,0,0,0,0
snapshot,spin,4,32768,84,228428,1142,1143,1713,1763,4,0,0,0,0
snapshot,spin,4,32768,85,233337,1132,1132,1613,1633,4,0,0,0,0
snapshot,spin,4,32768,86,227336,1132,1132,1593,1643,4,0,0,0,0
snapshot,spin,4,32768,87,186239,1142,1142,1683,1693,4,0,0,0,0
snapshot,spin,4,32768,88,229740,1162,1182,1694,1703,4,0,0,0,0
snapshot,spin,4,32768,89,233888,1132,1133,1613,1673,4,0,0,0,0
snapshot,spin,4,32768,90,232926,1132,1132,1603,1643,4,0,0,0,0
snapshot,spin,4,32768,91,233497,1132,1132,1603,1644,4,0,0,0,0
snapshot,spin,4,32768,92,230652,1162,1163,1673,1683,4,0,0,0,0
snapshot,spin,4,32768,93,233206,1132,1132,1623,1643,4,0,0,0,0
snapshot,spin,4,32768,94,227757,1132,1142,1633,1653,4,0,0,0,0
snapshot,spin,4,32768,95,235662,1132,1132,1603,1633,4,0,0,0,0
snapshot,spin,4,32768,96,228117,1182,1192,1693,1854,4,0,0,0,0
snapshot,spin,4,32768,97,232035,1132,1133,1603,1653,4,0,0,0,0
snapshot,spin,4,32768,98,217968,1142,1182,1634,1964,4,0,0,0,0
snapshot,spin,4,32768,99,227506,1132,1132,1654,1763,4,0,0,0,0
snapshot,spin,32,32768,0,4876082,2244,2795,2825,312375,32,0,0,0,0
snapshot,spin,32,32768,1,2848414,2234,2675,2795,296876,32,0,0,0,0
snapshot,spin,32,32768,2,4066856,2244,2845,2816,341139,32,0,0,0,0
snapshot,spin,32,32768,3,4939811,2274,2855,2885,361026,32,0,0,0,0
snapshot,spin,32,32768,4,2742465,2255,2915,2895,7263,32,0,0,0,0
snapshot,spin,32,32768,5,4260539,2335,2936,2906,115456,32,0,0,0,0
snapshot,spin,32,32768,6,5023839,2214,2745,2766,21410,32,0,0,0,0
snapshot,spin,32,32768,7,2890693,2224,2956,2845,6793,32,0,0,0,0
snapshot,spin,32,32768,8,4082044,2235,2756,2866,6282,32,0,0,0,0
snapshot,spin,32,32768,9,5010062,2235,2805,2825,41979,32,0,0,0,0
snapshot,spin,32,32768,10,2431284,2325,2865,2876,515745,32,0,0,0,0
snapshot,spin,32,32768,11,4484638,2294,3076,2856,10810,32,0,0,0,0
snapshot,spin,32,32768,12,2470276,2225,3105,2815,367168,32,0,0,0,0
snapshot,spin,32,32768,13,4485771,2325,4038,2936,1213473,32,0,0,0,0
snapshot,spin,32,32768,14,4970979,2244,2806,2846,6022,32,0,0,0,0
snapshot,spin,32,32768,15,2329212,2234,3126,2885,502070,32,0,0,0,0
snapshot,spin,32,32768,16,4621956,2205,2776,2835,33072,32,0,0,0,0
snapshot,spin,32,32768,17,3078946,2224,2706,2826,6472,32,0,0,0,0
snapshot,spin,32,32768,18,3875698,2204,2896,2816,7074,32,0,0,0,0
snapshot,spin,32,32768,19,4990466,2205,2935,2795,6713,32,0,0,0,0
snapshot,spin,32,32768,20,2070167,2244,2976,2806,132007,32,0,0,0,0
snapshot,spin,32,32768,21,4920154,2224,2926,2835,277078,32,0,0,0,0
snapshot,spin,32,32768,22,2684287,2214,2756,2775,6553,32,0,0,0,0
snapshot,spin,32,32768,23,4338766,2254,2956,2825,348263,32,0,0,0,0
snapshot,spin,32,32768,24,7025747,2374,2665,2915,558696,32,0,0,0,0
snapshot,spin,32,32768,25,25909541,2294,2936,2946,116268,32,0,0,0,0
snapshot,spin,32,32768,26,4870171,2434,3016,3256,745276,32,0,0,0,0
snapshot,spin,32,32768,27,1925937,2304,3156,2855,24637,32,0,0,0,0
snapshot,spin,32,32768,28,21093301,2234,2985,2836,964637,32,0,0,0,0
snapshot,spin,32,32768,29,4240121,2265,3246,3326,261680,32,0,0,0,0
snapshot,spin,32,32768,30,5936988,2215,2946,2896,383317,32,0,0,0,0
snapshot,spin,32,32768,31,5674617,2234,3025,2935,288901,32,0,0,0,0
snapshot,spin,32,32768,32,6130912,2224,2966,2775,1139033,32,0,0,0,0
snapshot,spin,32,32768,33,6518828,2224,3005,2875,420197,32,0,0,0,0
snapshot,spin,32,32768,34,5800883,2265,3045,2805,1173147,32,0,0,0,0
snapshot,spin,32,32768,35,5139104,2354,3066,2916,1198645,32,0,0,0,0
snapshot,spin,32,32768,36,6619596,2244,3085,2865,1461817,32,0,0,0,0
snapshot,spin,32,32768,37,3570466,2255,2936,2895,417993,32,0,0,0,0
snapshot,spin,32,32768,38,8335480,2244,2875,2826,190297,32,0,0,0,0
snapshot,spin,32,32768,39,5436110,2225,2965,2765,821238,32,0,0,0,0
snapshot,spin,32,32768,40,5821071,2244,2755,2845,370283,32,0,0,0,0
snapshot,spin,32,32768,41,3286164,2254,4208,2855,1154763,32,0,0,0,0
snapshot,spin,32,32768,42,3833990,2234,2776,2845,1141969,32,0,0,0,0
snapshot,spin,32,32768,43,4930473,2234,3076,2755,227435,32,0,0,0,0
snapshot,spin,32,32768,44,3162313,2294,2685,2936,1234341,32,0,0,0,0
snapshot,spin,32,32768,45,3797762,2214,2985,2785,457236,32,0,0,0,0
snapshot,spin,32,32768,46,4988341,2234,3066,2856,204372,32,0,0,0,0
snapshot,spin,32,32768,47,3006269,2294,2865,2865,230672,32,0,0,0,0
snapshot,spin,32,32768,48,3867453,2225,2885,2865,709819,32,0,0,0,0
snapshot,spin,32,32768,49,4944690,2214,2905,2885,73999,32,0,0,0,0
snapshot,spin,32,32768,50,3018813,2245,2876,2845,625010,32,0,0,0,0
snapshot,spin,32,32768,51,3836053,2224,2785,2825,842077,32,0,0,0,0
snapshot,spin,32,32768,52,4963565,2224,2945,2806,256951,32,0,0,0,0
snapshot,spin,32,32768,53,3032639,2214,3086,2826,771004,32,0,0,0,0
snapshot,spin,32,32768,54,3836114,2215,2855,2805,1015121,32,0,0,0,0
snapshot,spin,32,32768,55,4933359,2235,2825,2865,244809,32,0,0,0,0
snapshot,spin,32,32768,56,3043108,2244,2815,2825,536195,32,0,0,0,0
snapshot,spin,32,32768,57,3847635,2224,2956,2835,730839,32,0,0,0,0
snapshot,spin,32,32768,58,4945482,2215,3146,2775,162784,32,0,0,0,0
snapshot,spin,32,32768,59,3042157,2224,2986,2865,640980,32,0,0,0,0
snapshot,spin,32,32768,60,3840823,2265,3045,2835,830986,32,0,0,0,0
snapshot,spin,32,32768,61,4936315,2224,2845,2825,238085,32,0,0,0,0
snapshot,spin,32,32768,62,3113802,2275,3025,2965,1233840,32,0,0,0,0
snapshot,spin,32,32768,63,3841424,2245,2936,2856,421519,32,0,0,0,0
snapshot,spin,32,32768,64,4976669,2244,3176,2835,228958,32,0,0,0,0
snapshot,spin,32,32768,65,3036326,2314,4188,2945,357800,32,0,0,0,0
snapshot,spin,32,32768,66,3903039,2244,2776,2915,601306,32,0,0,0,0
snapshot,spin,32,32768,67,4954648,2315,4248,2906,256190,32,0,0,0,0
snapshot,spin,32,32768,68,3038300,2234,2725,2795,529792,32,0,0,0,0
snapshot,spin,32,32768,69,3846643,2234,2746,2795,719628,32,0,0,0,0
snapshot,spin,32,32768,70,4973454,2234,2926,2766,240660,32,0,0,0,0
snapshot,spin,32,32768,71,2987585,2264,2945,2996,846305,32,0,0,0,0
snapshot,spin,32,32768,72,3945258,2294,4418,2985,249738,32,0,0,0,0
snapshot,spin,32,32768,73,4901799,2325,4318,2885,98845,32,0,0,0,0
snapshot,spin,32,32768,74,3038681,2245,3026,2855,692878,32,0,0,0,0
snapshot,spin,32,32768,75,3876750,2234,3116,3056,891790,32,0,0,0,0
snapshot,spin,32,32768,76,4956722,2234,3096,2785,214983,32,0,0,0,0
snapshot,spin,32,32768,77,3034112,2224,2895,2755,940361,32,0,0,0,0
snapshot,spin,32,32768,78,3846934,2235,2875,2805,61074,32,0,0,0,0
snapshot,spin,32,32768,79,4942495,2215,2755,2785,258595,32,0,0,0,0
snapshot,spin,32,32768,80,4738814,2214,3166,2795,312565,32,0,0,0,0
snapshot,spin,32,32768,81,4206538,2235,2786,2865,881200,32,0,0,0,0
snapshot,spin,32,32768,82,3938997,2234,2875,2815,1041911,32,0,0,0,0
snapshot,spin,32,32768,83,3943215,2224,2925,2885,251782,32,0,0,0,0
snapshot,spin,32,32768,84,4945722,2234,2935,2806,800429,32,0,0,0,0
snapshot,spin,32,32768,85,3038921,2235,3055,2795,218249,32,0,0,0,0
snapshot,spin,32,32768,86,3874947,2224,2756,2835,407914,32,0,0,0,0
snapshot,spin,32,32768,87,4946022,2224,2966,2825,945049,32,0,0,0,0
snapshot,spin,32,32768,88,2030072,2224,2956,2876,256179,32,0,0,0,0
snapshot,spin,32,32768,89,4848911,2254,2725,2825,505056,32,0,0,0,0
snapshot,spin,32,32768,90,4166372,2284,3046,3045,1291139,32,0,0,0,0
snapshot,spin,32,32768,91,2730163,2284,2815,2765,70092,32,0,0,0,0
snapshot,spin,32,32768,92,4953757,2294,2926,2875,653684,32,0,0,0,0
snapshot,spin,32,32768,93,4944028,2254,2866,2805,373981,32,0,0,0,0
snapshot,spin,32,32768,94,3032329,2315,2715,2955,871161,32,0,0,0,0
snapshot,spin,32,32768,95,5560984,2244,3296,2936,1176594,32,0,0,0,0
snapshot,spin,32,32768,96,3324476,2354,3126,3106,1005533,32,0,0,0,0
snapshot,spin,32,32768,97,4840655,2254,2655,2886,959527,32,0,0,0,0
snapshot,spin,32,32768,98,4079269,2274,2975,2976,244989,32,0,0,0,0
snapshot,spin,32,32768,99,2945606,2214,3016,2825,1149913,32,0,0,0,0
snapshot,spin,128,32768,0,37603019,2374,3387,3698616,16790093,128,0,0,0,0
snapshot,spin,128,32768,1,30978423,2394,4648,3098833,15171382,128,0,0,0,0
snapshot,spin,128,32768,2,38049555,2384,3095,3754291,15349355,128,0,0,0,0
snapshot,spin,128,32768,3,110940768,2375,3216,3106779,44120003,128,0,0,0,0
snapshot,spin,128,32768,4,47234847,2425,3216,2162510,18019706,128,0,0,0,0
snapshot,spin,128,32768,5,35797177,2414,3075,3387924,16827593,128,0,0,0,0
snapshot,spin,128,32768,6,35885843,2374,3256,3034011,18093033,128,0,0,0,0
snapshot,spin,128,32768,7,34722414,2394,3657,2198898,17131793,128,0,0,0,0
snapshot,spin,128,32768,8,40274993,2374,3106,2482268,19425879,128,0,0,0,0
snapshot,spin,128,32768,9,36679870,2384,3256,2191004,17187316,128,0,0,0,0
snapshot,spin,128,32768,10,41254827,2355,3116,2474334,17444769,128,0,0,0,0
snapshot,spin,128,32768,11,33019285,2365,3366,2247429,17159494,128,0,0,0,0
snapshot,spin,128,32768,12,27949551,2404,3627,2193518,14173302,128,0,0,0,0
snapshot,spin,128,32768,13,31004071,2394,3928,2971815,17147973,128,0,0,0,0
snapshot,spin,128,32768,14,37462937,2375,3356,3159446,14162322,128,0,0,0,0
snapshot,spin,128,32768,15,36527595,2374,3387,3677577,15492954,128,0,0,0,0
snapshot,spin,128,32768,16,33861412,2375,3416,3168914,15262422,128,0,0,0,0
snapshot,spin,128,32768,17,36026246,2374,3237,2411906,15315221,128,0,0,0,0
snapshot,spin,128,32768,18,37063518,2384,3046,2658719,14276385,128,0,0,0,0
snapshot,spin,128,32768,19,32113980,2375,3507,3194111,13196213,128,0,0,0,0
snapshot,spin,128,32768,20,95157360,2394,3326,2823588,41836898,128,0,0,0,0
snapshot,spin,128,32768,21,35254552,2434,3767,2915009,13903406,128,0,0,0,0
snapshot,spin,128,32768,22,32597355,2385,3376,2653799,14669902,128,0,0,0,0
snapshot,spin,128,32768,23,44938235,2444,3216,2107877,15052488,128,0,0,0,0
snapshot,spin,128,32768,24,53056899,2665,6592,2866228,19827621,128,0,0,0,0
snapshot,spin,128,32768,25,57317258,2655,7414,2531241,20205729,128,0,0,0,0
snapshot,spin,128,32768,26,50449867,2675,3337,2992244,18595564,128,0,0,0,0
snapshot,spin,128,32768,27,34067218,2585,3877,3155229,20143402,128,0,0,0,0
snapshot,spin,128,32768,28,30704681,2405,3476,3060832,20087958,128,0,0,0,0
snapshot,spin,128,32768,29,37168685,2545,3226,2468953,19404388,128,0,0,0,0
snapshot,spin,128,32768,30,33999671,2485,3456,4184426,18322372,128,0,0,0,0
snapshot,spin,128,32768,31,37020017,2425,3156,3261438,22292807,128,0,0,0,0
snapshot,spin,128,32768,32,42062170,2384,3005,3254745,20159753,128,0,0,0,0
snapshot,spin,128,32768,33,31034478,2414,3316,3089055,18194944,128,0,0,0,0
snapshot,spin,128,32768,34,36846162,2385,3527,4043162,20161366,128,0,0,0,0
snapshot,spin,128,32768,35,42415792,2395,3326,3207116,19298019,128,0,0,0,0
snapshot,spin,128,32768,36,31525548,2395,3256,3855820,18863797,128,0,0,0,0
snapshot,spin,128,32768,37,52080471,2385,2785,3339523,37217046,128,0,0,0,0
snapshot,spin,128,32768,38,37925192,2385,3607,4112391,19194476,128,0,0,0,0
snapshot,spin,128,32768,39,38991099,2365,3436,3985303,23181262,128,0,0,0,0
snapshot,spin,128,32768,40,34076335,2375,2885,4199484,20222039,128,0,0,0,0
snapshot,spin,128,32768,41,33951651,2355,3176,3192869,21173071,128,0,0,0,0
snapshot,spin,128,32768,42,31089772,2374,3025,3503691,21143225,128,0,0,0,0
snapshot,spin,128,32768,43,42730081,2375,2865,3126675,18081641,128,0,0,0,0
snapshot,spin,128,32768,44,36150499,2385,2856,3984571,20349348,128,0,0,0,0
snapshot,spin,128,32768,45,36863203,2374,2805,3243134,23028596,128,0,0,0,0
snapshot,spin,128,32768,46,36863674,2435,3196,2957649,20258548,128,0,0,0,0
snapshot,spin,128,32768,47,37125454,2405,3006,3339244,20435821,128,0,0,0,0
snapshot,spin,128,32768,48,41888554,2424,3056,3207597,18533618,128,0,0,0,0
snapshot,spin,128,32768,49,34312928,2424,3026,4299892,19410249,128,0,0,0,0
snapshot,spin,128,32768,50,33857284,2375,2845,3115364,16020081,128,0,0,0,0
snapshot,spin,128,32768,51,29044332,2384,3226,3165127,15221856,128,0,0,0,0
snapshot,spin,128,32768,52,40808421,2375,2975,3126565,18164666,128,0,0,0,0
snapshot,spin,128,32768,53,28199780,2385,3096,3288408,19279685,128,0,0,0,0
snapshot,spin,128,32768,54,31996350,2375,3086,2999076,18096839,128,0,0,0,0
snapshot,spin,128,32768,55,30991116,2374,2866,3084627,18061173,128,0,0,0,0
snapshot,spin,128,32768,56,28992845,2334,2946,3102690,18043530,128,0,0,0,0
snapshot,spin,128,32768,57,28915680,2414,3156,3125583,16083099,128,0,0,0,0
snapshot,spin,128,32768,58,91981523,2394,3156,3560919,73168452,128,0,0,0,0
snapshot,spin,128,32768,59,31830018,2385,3457,3106187,18128009,128,0,0,0,0
snapshot,spin,128,32768,60,31047663,2385,3116,3271958,19272862,128,0,0,0,0
snapshot,spin,128,32768,61,33250628,2405,3436,3284541,19345859,128,0,0,0,0
snapshot,spin,128,32768,62,38851807,2384,3086,3019585,17971074,128,0,0,0,0
snapshot,spin,128,32768,63,32121423,2475,3486,2550386,18197598,128,0,0,0,0
snapshot,spin,128,32768,64,42313080,2535,3206,3369500,19907531,128,0,0,0,0
snapshot,spin,128,32768,65,29550589,2424,3277,3663911,18663882,128,0,0,0,0
snapshot,spin,128,32768,66,31936037,2404,3246,3107299,19029497,128,0,0,0,0
snapshot,spin,128,32768,67,28865155,2424,4027,4095379,20142100,128,0,0,0,0
snapshot,spin,128,32768,68,36006099,2435,3176,3241150,18245659,128,0,0,0,0
snapshot,spin,128,32768,69,33990273,2384,3327,3190494,15300423,128,0,0,0,0
snapshot,spin,128,32768,70,36967239,2425,3326,3322031,20237098,128,0,0,0,0
snapshot,spin,128,32768,71,32921492,2425,3155,3393164,19327735,128,0,0,0,0
snapshot,spin,128,32768,72,33128710,2385,3226,3334715,18307044,128,0,0,0,0
snapshot,spin,128,32768,73,41601416,2365,4207,3246800,19207610,128,0,0,0,0
snapshot,spin,128,32768,74,37430136,2384,3306,3508952,19587271,128,0,0,0,0
snapshot,spin,128,32768,75,28307892,2434,4087,3141583,18122628,128,0,0,0,0
snapshot,spin,128,32768,76,41255790,2394,3165,3805246,20822334,128,0,0,0,0
snapshot,spin,128,32768,77,37443220,2454,3516,2749579,18583822,128,0,0,0,0
snapshot,spin,128,32768,78,43751032,2424,3597,3881790,18934519,128,0,0,0,0
snapshot,spin,128,32768,79,37938588,2395,3437,3397332,18348301,128,0,0,0,0
snapshot,spin,128,32768,80,35984168,2404,3196,3251619,18421037,128,0,0,0,0
snapshot,spin,128,32768,81,29260135,2355,3116,2457772,16503075,128,0,0,0,0
snapshot,spin,128,32768,82,30951002,2404,4057,2807898,14145941,128,0,0,0,0
snapshot,spin,128,32768,83,30985526,2365,3116,2473964,14206204,128,0,0,0,0
snapshot,spin,128,32768,84,30139161,2394,3306,3164767,14263241,128,0,0,0,0
snapshot,spin,128,32768,85,35872468,2394,3297,3083485,14040323,128,0,0,0,0
snapshot,spin,128,32768,86,39754719,2394,3557,2265142,18168194,128,0,0,0,0
snapshot,spin,128,32768,87,36482951,2374,3066,2428908,19462848,128,0,0,0,0
snapshot,spin,128,32768,88,35669638,2415,3988,2935357,18941101,128,0,0,0,0
snapshot,spin,128,32768,89,37761946,2454,2996,2342697,18605793,128,0,0,0,0
snapshot,spin,128,32768,90,38751509,2454,3186,3059430,17039550,128,0,0,0,0
snapshot,spin,128,32768,91,33663622,2414,3106,3181608,17591985,128,0,0,0,0
snapshot,spin,128,32768,92,63109725,2564,2936,3531573,19875120,128,0,0,0,0
snapshot,spin,128,32768,93,46866516,2665,3136,3743340,21761914,128,0,0,0,0
snapshot,spin,128,32768,94,132948382,2685,3226,4717394,39877158,125,0,3,0,0
snapshot,spin,128,32768,95,102052564,2595,3266,3996534,30853429,128,0,0,0,0
snapshot,spin,128,32768,96,47634796,2755,9278,3774859,29704207,128,0,0,0,0
snapshot,spin,128,32768,97,47740894,2725,5541,4211437,35215418,128,0,0,0,0
snapshot,spin,128,32768,98,47985392,2645,7334,3728321,30847999,128,0,0,0,0
snapshot,spin,128,32768,99,80681592,2755,3567,5305385,41726351,128,0,0,0,0
